customer_id,age,income_bracket,credit_band,region,segment,tenure_years,join_date
1,56,200k+,Good,South,Affluent,0.5,2025-12-31
2,55,125k-200k,Fair,West,Affluent,6.0,2020-07-01
3,31,125k-200k,Excellent,Northeast,Affluent,5.0,2021-07-01
4,41,40k-75k,Excellent,West,Mass Market,3.6,2022-11-25
5,49,75k-125k,Poor,Midwest,Mass Market,3.8,2022-09-13
6,52,<40k,Fair,West,Mass Market,3.5,2022-12-31
7,52,125k-200k,Fair,South,Mass Market,7.3,2019-03-14
8,47,40k-75k,Excellent,South,Mass Market,6.2,2020-04-19
9,52,125k-200k,Fair,West,Mass Market,0.2,2026-04-19
10,37,<40k,Excellent,South,Mass Market,2.2,2024-04-19
11,56,125k-200k,Good,South,Mass Market,8.3,2018-03-14
12,54,40k-75k,Good,South,Mass Market,0.2,2026-04-19
13,27,<40k,Good,West,Mass Market,1.8,2024-09-12
14,38,75k-125k,Good,Midwest,Mass Market,4.1,2022-05-26
15,35,<40k,Excellent,West,Mass Market,0.6,2025-11-24
16,44,75k-125k,Fair,South,Mass Market,1.0,2025-07-01
17,38,40k-75k,Fair,West,Mass Market,2.9,2023-08-07
18,49,40k-75k,Excellent,Northeast,Mass Market,17.0,2009-07-01
19,31,75k-125k,Good,Midwest,Private Banking,2.1,2024-05-25
20,49,40k-75k,Fair,West,Mass Market,5.3,2021-03-14
21,47,125k-200k,Good,Northeast,Affluent,0.9,2025-08-07
22,46,40k-75k,Good,South,Mass Market,5.0,2021-07-01
23,28,200k+,Poor,West,Mass Market,4.4,2022-02-05
24,41,75k-125k,Good,South,Mass Market,28.0,1998-07-01
25,81,125k-200k,Poor,South,Affluent,8.9,2017-08-07
26,38,<40k,Fair,Midwest,Mass Market,3.4,2023-02-06
27,22,75k-125k,Excellent,Northeast,Affluent,15.3,2011-03-14
28,28,125k-200k,Excellent,South,Affluent,1.6,2024-11-24
29,54,200k+,Excellent,South,Mass Market,4.2,2022-04-19
30,35,<40k,Fair,Midwest,Mass Market,1.7,2024-10-19
31,46,125k-200k,Excellent,Northeast,Mass Market,7.8,2018-09-13
32,46,40k-75k,Fair,West,Mass Market,15.5,2010-12-31
33,46,40k-75k,Good,Northeast,Mass Market,13.4,2013-02-05
34,29,200k+,Excellent,Northeast,Affluent,1.4,2025-02-05
35,62,200k+,Good,West,Private Banking,0.8,2025-09-12
36,28,125k-200k,Good,Northeast,Mass Market,1.6,2024-11-24
37,44,200k+,Good,Northeast,Mass Market,1.8,2024-09-12
38,50,40k-75k,Good,Midwest,Mass Market,6.3,2020-03-13
39,46,75k-125k,Poor,South,Affluent,2.4,2024-02-06
40,40,200k+,Good,Midwest,Private Banking,2.2,2024-04-19
41,34,40k-75k,Poor,Midwest,Mass Market,3.5,2022-12-31
42,72,40k-75k,Excellent,South,Mass Market,5.6,2020-11-24
43,21,40k-75k,Good,Midwest,Mass Market,14.7,2011-10-19
44,39,200k+,Good,Northeast,Affluent,0.4,2026-02-05
45,54,40k-75k,Fair,South,Mass Market,1.7,2024-10-19
46,40,75k-125k,Poor,Northeast,Mass Market,0.2,2026-04-19
47,48,125k-200k,Fair,West,Mass Market,1.0,2025-07-01
48,80,75k-125k,Fair,West,Mass Market,0.7,2025-10-19
49,29,<40k,Poor,Midwest,Mass Market,5.3,2021-03-14
50,49,125k-200k,Excellent,West,Mass Market,12.4,2014-02-05
51,42,125k-200k,Good,West,Affluent,6.4,2020-02-06
52,46,<40k,Fair,West,Mass Market,5.0,2021-07-01
53,66,40k-75k,Good,South,Mass Market,1.6,2024-11-24
54,39,125k-200k,Good,Midwest,Mass Market,6.4,2020-02-06
55,49,75k-125k,Fair,Northeast,Mass Market,15.8,2010-09-13
56,34,40k-75k,Good,West,Mass Market,7.2,2019-04-20
57,44,<40k,Excellent,South,Mass Market,6.1,2020-05-25
58,43,125k-200k,Excellent,South,Mass Market,25.0,2001-07-01
59,34,40k-75k,Excellent,South,Mass Market,7.9,2018-08-07
60,35,75k-125k,Good,South,Mass Market,1.6,2024-11-24
61,44,75k-125k,Good,Northeast,Mass Market,12.5,2013-12-31
62,48,200k+,Good,South,Affluent,1.3,2025-03-14
63,47,40k-75k,Fair,West,Mass Market,14.3,2012-03-13
64,48,40k-75k,Fair,Midwest,Mass Market,17.1,2009-05-26
65,34,125k-200k,Good,South,Mass Market,23.9,2002-08-07
66,55,<40k,Excellent,Midwest,Mass Market,1.8,2024-09-12
67,38,125k-200k,Excellent,South,Affluent,0.2,2026-04-19
68,33,125k-200k,Good,West,Mass Market,0.4,2026-02-05
69,44,200k+,Poor,Northeast,Affluent,2.4,2024-02-06
70,53,75k-125k,Good,Northeast,Private Banking,5.3,2021-03-14
71,46,125k-200k,Fair,Midwest,Mass Market,1.2,2025-04-19
72,54,125k-200k,Poor,South,Mass Market,5.4,2021-02-05
73,35,200k+,Excellent,Northeast,Mass Market,8.6,2017-11-24
74,43,75k-125k,Excellent,West,Mass Market,2.4,2024-02-06
75,36,75k-125k,Good,Northeast,Affluent,6.1,2020-05-25
76,26,75k-125k,Excellent,Midwest,Mass Market,0.5,2025-12-31
77,21,<40k,Excellent,West,Mass Market,2.0,2024-07-01
78,41,125k-200k,Good,Northeast,Private Banking,8.5,2017-12-31
79,57,200k+,Fair,Northeast,Affluent,2.9,2023-08-07
80,69,<40k,Good,Northeast,Mass Market,0.3,2026-03-14
81,33,75k-125k,Fair,West,Mass Market,5.6,2020-11-24
82,21,<40k,Fair,Midwest,Mass Market,4.4,2022-02-05
83,58,75k-125k,Good,South,Mass Market,2.5,2023-12-31
84,52,75k-125k,Good,South,Mass Market,17.2,2009-04-19
85,77,75k-125k,Good,South,Mass Market,5.7,2020-10-19
86,33,200k+,Good,West,Affluent,3.0,2023-07-02
87,52,<40k,Poor,Northeast,Mass Market,8.6,2017-11-24
88,56,<40k,Fair,Midwest,Mass Market,3.4,2023-02-06
89,34,75k-125k,Good,South,Affluent,2.9,2023-08-07
90,23,200k+,Excellent,West,Private Banking,5.6,2020-11-24
91,48,40k-75k,Fair,Midwest,Mass Market,1.8,2024-09-12
92,61,200k+,Good,West,Private Banking,1.8,2024-09-12
93,45,75k-125k,Poor,West,Mass Market,6.5,2019-12-31
94,49,40k-75k,Excellent,Northeast,Mass Market,3.1,2023-05-26
95,21,40k-75k,Good,West,Mass Market,1.0,2025-07-01
96,40,<40k,Good,West,Mass Market,3.3,2023-03-14
97,52,75k-125k,Good,South,Mass Market,4.5,2021-12-31
98,34,75k-125k,Good,West,Affluent,10.7,2015-10-19
99,32,125k-200k,Good,South,Mass Market,4.6,2021-11-24
100,53,200k+,Fair,South,Mass Market,0.3,2026-03-14
101,25,40k-75k,Fair,Northeast,Mass Market,0.2,2026-04-19
102,61,125k-200k,Excellent,South,Mass Market,8.0,2018-07-01
103,40,40k-75k,Good,South,Affluent,18.9,2007-08-07
104,47,200k+,Good,South,Mass Market,2.7,2023-10-19
105,22,125k-200k,Good,West,Mass Market,0.2,2026-04-19
106,50,75k-125k,Good,Midwest,Private Banking,3.5,2022-12-31
107,51,<40k,Excellent,Northeast,Mass Market,13.3,2013-03-14
108,47,125k-200k,Poor,Midwest,Mass Market,3.3,2023-03-14
109,47,125k-200k,Good,Northeast,Affluent,0.8,2025-09-12
110,35,40k-75k,Good,West,Mass Market,0.5,2025-12-31
111,64,75k-125k,Excellent,South,Affluent,16.7,2009-10-19
112,41,<40k,Fair,South,Mass Market,5.8,2020-09-12
113,53,<40k,Good,Northeast,Mass Market,5.1,2021-05-26
114,38,125k-200k,Excellent,South,Private Banking,3.2,2023-04-20
115,51,75k-125k,Poor,West,Mass Market,0.3,2026-03-14
116,22,75k-125k,Good,South,Mass Market,2.8,2023-09-13
117,21,125k-200k,Excellent,Midwest,Mass Market,4.7,2021-10-19
118,34,75k-125k,Good,South,Affluent,1.0,2025-07-01
119,49,125k-200k,Excellent,South,Mass Market,0.5,2025-12-31
120,60,125k-200k,Good,West,Mass Market,2.7,2023-10-19
121,63,200k+,Excellent,West,Affluent,9.1,2017-05-26
122,21,<40k,Poor,South,Mass Market,0.4,2026-02-05
123,32,40k-75k,Poor,Northeast,Mass Market,2.2,2024-04-19
124,57,40k-75k,Fair,Northeast,Mass Market,9.3,2017-03-14
125,52,<40k,Fair,Midwest,Mass Market,0.2,2026-04-19
126,28,40k-75k,Good,West,Mass Market,1.6,2024-11-24
127,21,125k-200k,Good,Midwest,Affluent,12.8,2013-09-12
128,29,75k-125k,Excellent,Northeast,Mass Market,11.6,2014-11-25
129,41,<40k,Poor,West,Mass Market,8.6,2017-11-24
130,21,75k-125k,Poor,Northeast,Mass Market,0.3,2026-03-14
131,45,75k-125k,Excellent,Midwest,Mass Market,1.2,2025-04-19
132,30,200k+,Excellent,Northeast,Affluent,4.2,2022-04-19
133,55,75k-125k,Excellent,Midwest,Mass Market,13.7,2012-10-19
134,52,40k-75k,Fair,Northeast,Mass Market,0.2,2026-04-19
135,27,75k-125k,Fair,West,Mass Market,13.6,2012-11-24
136,29,125k-200k,Good,Midwest,Affluent,1.0,2025-07-01
137,55,200k+,Excellent,Northeast,Private Banking,1.9,2024-08-07
138,42,75k-125k,Good,West,Mass Market,0.4,2026-02-05
139,21,75k-125k,Good,Northeast,Mass Market,0.2,2026-04-19
140,29,125k-200k,Fair,Northeast,Affluent,7.2,2019-04-20
141,27,125k-200k,Good,West,Affluent,8.8,2017-09-12
142,35,75k-125k,Good,Northeast,Affluent,6.2,2020-04-19
143,29,40k-75k,Fair,West,Mass Market,3.9,2022-08-07
144,21,75k-125k,Fair,West,Affluent,8.5,2017-12-31
145,21,75k-125k,Good,Midwest,Mass Market,8.0,2018-07-01
146,39,200k+,Excellent,Northeast,Affluent,3.8,2022-09-13
147,44,125k-200k,Excellent,South,Mass Market,2.1,2024-05-25
148,55,75k-125k,Good,Midwest,Mass Market,3.7,2022-10-19
149,47,75k-125k,Good,Midwest,Affluent,1.2,2025-04-19
150,31,75k-125k,Excellent,South,Mass Market,1.3,2025-03-14
151,38,75k-125k,Good,Northeast,Affluent,9.6,2016-11-24
152,44,<40k,Excellent,Northeast,Mass Market,2.3,2024-03-13
153,42,125k-200k,Fair,Northeast,Mass Market,12.2,2014-04-19
154,60,75k-125k,Good,West,Private Banking,2.0,2024-07-01
155,38,75k-125k,Good,Northeast,Affluent,4.2,2022-04-19
156,50,40k-75k,Good,West,Mass Market,4.9,2021-08-07
157,70,40k-75k,Excellent,Midwest,Affluent,11.4,2015-02-06
158,51,125k-200k,Fair,Midwest,Affluent,1.8,2024-09-12
159,61,75k-125k,Excellent,Northeast,Affluent,7.0,2019-07-02
160,68,125k-200k,Good,West,Affluent,1.8,2024-09-12
161,44,40k-75k,Fair,Midwest,Mass Market,10.8,2015-09-13
162,56,125k-200k,Fair,South,Mass Market,1.8,2024-09-12
163,59,75k-125k,Good,South,Mass Market,2.4,2024-02-06
164,21,200k+,Excellent,Northeast,Private Banking,2.8,2023-09-13
165,61,75k-125k,Poor,Northeast,Mass Market,18.4,2008-02-06
166,30,<40k,Fair,West,Affluent,7.8,2018-09-13
167,44,200k+,Excellent,Midwest,Private Banking,1.2,2025-04-19
168,58,125k-200k,Fair,Midwest,Affluent,2.7,2023-10-19
169,24,75k-125k,Excellent,West,Mass Market,1.6,2024-11-24
170,48,200k+,Good,West,Mass Market,2.1,2024-05-25
171,55,40k-75k,Good,South,Mass Market,2.9,2023-08-07
172,53,125k-200k,Good,South,Mass Market,8.8,2017-09-12
173,34,75k-125k,Good,Midwest,Mass Market,1.7,2024-10-19
174,39,<40k,Good,Northeast,Mass Market,12.6,2013-11-24
175,37,40k-75k,Fair,West,Mass Market,11.7,2014-10-19
176,39,75k-125k,Fair,South,Mass Market,5.3,2021-03-14
177,21,125k-200k,Fair,South,Affluent,3.2,2023-04-20
178,59,75k-125k,Fair,Midwest,Mass Market,6.2,2020-04-19
179,43,75k-125k,Good,Northeast,Mass Market,9.6,2016-11-24
180,53,75k-125k,Fair,West,Affluent,4.0,2022-07-01
181,51,200k+,Excellent,Northeast,Mass Market,6.6,2019-11-25
182,26,125k-200k,Good,South,Affluent,1.5,2024-12-31
183,49,40k-75k,Fair,South,Mass Market,1.4,2025-02-05
184,49,75k-125k,Good,West,Affluent,9.2,2017-04-19
185,32,125k-200k,Excellent,Midwest,Affluent,2.4,2024-02-06
186,49,200k+,Good,South,Affluent,4.0,2022-07-01
187,23,40k-75k,Poor,South,Mass Market,0.4,2026-02-05
188,46,<40k,Good,South,Mass Market,10.4,2016-02-06
189,51,125k-200k,Good,West,Affluent,0.9,2025-08-07
190,60,200k+,Excellent,Midwest,Affluent,5.3,2021-03-14
191,45,40k-75k,Good,Midwest,Affluent,16.7,2009-10-19
192,49,40k-75k,Poor,Northeast,Mass Market,0.2,2026-04-19
193,67,75k-125k,Poor,Northeast,Affluent,1.2,2025-04-19
194,61,125k-200k,Good,West,Affluent,8.5,2017-12-31
195,42,75k-125k,Good,Midwest,Mass Market,8.0,2018-07-01
196,44,<40k,Fair,Midwest,Mass Market,1.1,2025-05-26
197,57,200k+,Fair,West,Mass Market,6.2,2020-04-19
198,45,200k+,Good,Northeast,Mass Market,5.8,2020-09-12
199,40,125k-200k,Excellent,South,Affluent,9.8,2016-09-12
200,29,75k-125k,Good,South,Affluent,2.3,2024-03-13
201,23,40k-75k,Good,West,Mass Market,2.4,2024-02-06
202,55,<40k,Fair,Midwest,Mass Market,18.8,2007-09-13
203,39,40k-75k,Fair,West,Mass Market,7.1,2019-05-26
204,40,40k-75k,Good,West,Mass Market,0.4,2026-02-05
205,31,<40k,Fair,Midwest,Mass Market,2.3,2024-03-13
206,42,40k-75k,Fair,Northeast,Mass Market,6.3,2020-03-13
207,73,75k-125k,Poor,Midwest,Mass Market,3.0,2023-07-02
208,21,75k-125k,Good,Northeast,Affluent,8.8,2017-09-12
209,49,75k-125k,Good,Midwest,Affluent,7.6,2018-11-25
210,36,75k-125k,Excellent,West,Mass Market,7.7,2018-10-19
211,45,75k-125k,Excellent,Midwest,Mass Market,7.0,2019-07-02
212,64,75k-125k,Fair,Northeast,Mass Market,1.6,2024-11-24
213,57,200k+,Good,West,Mass Market,9.9,2016-08-07
214,56,75k-125k,Fair,West,Mass Market,4.0,2022-07-01
215,35,40k-75k,Good,South,Mass Market,5.4,2021-02-05
216,45,75k-125k,Good,Northeast,Mass Market,2.1,2024-05-25
217,52,125k-200k,Fair,West,Affluent,0.5,2025-12-31
218,35,40k-75k,Fair,Northeast,Affluent,0.2,2026-04-19
219,41,125k-200k,Good,Northeast,Mass Market,7.4,2019-02-06
220,47,125k-200k,Poor,Midwest,Mass Market,1.6,2024-11-24
221,46,125k-200k,Good,Northeast,Mass Market,4.0,2022-07-01
222,23,40k-75k,Excellent,Midwest,Mass Market,3.0,2023-07-02
223,21,75k-125k,Excellent,Northeast,Mass Market,4.7,2021-10-19
224,39,200k+,Excellent,South,Private Banking,1.5,2024-12-31
225,41,125k-200k,Excellent,Midwest,Affluent,1.5,2024-12-31
226,43,<40k,Good,South,Mass Market,5.1,2021-05-26
227,23,40k-75k,Good,Midwest,Mass Market,3.0,2023-07-02
228,47,200k+,Excellent,Midwest,Mass Market,4.4,2022-02-05
229,79,40k-75k,Good,Northeast,Mass Market,9.2,2017-04-19
230,30,<40k,Good,Midwest,Mass Market,6.8,2019-09-13
231,42,200k+,Fair,West,Mass Market,0.9,2025-08-07
232,68,75k-125k,Poor,West,Mass Market,1.7,2024-10-19
233,55,75k-125k,Good,West,Affluent,13.8,2012-09-12
234,61,75k-125k,Excellent,Northeast,Mass Market,14.2,2012-04-19
235,23,200k+,Excellent,Midwest,Affluent,3.1,2023-05-26
236,63,75k-125k,Excellent,South,Mass Market,1.8,2024-09-12
237,21,<40k,Fair,South,Mass Market,5.9,2020-08-07
238,63,75k-125k,Good,Northeast,Affluent,0.2,2026-04-19
239,51,200k+,Excellent,West,Mass Market,2.1,2024-05-25
240,41,40k-75k,Poor,West,Mass Market,1.3,2025-03-14
241,52,40k-75k,Excellent,South,Mass Market,4.8,2021-09-12
242,60,<40k,Excellent,West,Mass Market,3.7,2022-10-19
243,56,125k-200k,Good,Northeast,Mass Market,2.1,2024-05-25
244,46,40k-75k,Fair,South,Mass Market,21.8,2004-09-12
245,53,40k-75k,Good,West,Mass Market,18.8,2007-09-13
246,42,200k+,Good,Northeast,Mass Market,3.2,2023-04-20
247,35,75k-125k,Good,Northeast,Mass Market,0.6,2025-11-24
248,74,125k-200k,Poor,Northeast,Mass Market,3.1,2023-05-26
249,50,125k-200k,Poor,West,Mass Market,2.2,2024-04-19
250,45,75k-125k,Excellent,Midwest,Mass Market,6.5,2019-12-31
251,32,125k-200k,Excellent,Midwest,Mass Market,4.1,2022-05-26
252,45,125k-200k,Excellent,South,Affluent,1.3,2025-03-14
253,25,75k-125k,Good,Midwest,Affluent,1.3,2025-03-14
254,48,40k-75k,Excellent,Midwest,Mass Market,7.0,2019-07-02
255,48,40k-75k,Good,Midwest,Mass Market,0.3,2026-03-14
256,39,125k-200k,Good,Northeast,Mass Market,11.0,2015-07-02
257,36,75k-125k,Excellent,Northeast,Affluent,2.8,2023-09-13
258,21,40k-75k,Fair,Northeast,Mass Market,6.9,2019-08-07
259,51,40k-75k,Fair,West,Mass Market,5.6,2020-11-24
260,39,200k+,Excellent,Northeast,Affluent,7.5,2018-12-31
261,41,75k-125k,Excellent,West,Mass Market,6.2,2020-04-19
262,52,75k-125k,Good,Northeast,Mass Market,2.7,2023-10-19
263,70,125k-200k,Excellent,Northeast,Mass Market,5.0,2021-07-01
264,54,125k-200k,Excellent,West,Private Banking,6.3,2020-03-13
265,21,40k-75k,Excellent,Northeast,Mass Market,14.8,2011-09-13
266,36,125k-200k,Poor,Northeast,Mass Market,1.7,2024-10-19
267,54,40k-75k,Fair,West,Mass Market,1.8,2024-09-12
268,29,40k-75k,Good,West,Mass Market,2.9,2023-08-07
269,44,200k+,Excellent,South,Private Banking,2.9,2023-08-07
270,21,75k-125k,Excellent,Midwest,Affluent,0.2,2026-04-19
271,34,75k-125k,Excellent,Northeast,Mass Market,4.7,2021-10-19
272,38,125k-200k,Fair,Midwest,Mass Market,4.0,2022-07-01
273,48,40k-75k,Good,Northeast,Mass Market,2.5,2023-12-31
274,43,75k-125k,Good,West,Mass Market,1.6,2024-11-24
275,61,125k-200k,Fair,Northeast,Mass Market,0.6,2025-11-24
276,45,125k-200k,Good,West,Affluent,7.3,2019-03-14
277,48,40k-75k,Excellent,West,Mass Market,0.5,2025-12-31
278,58,75k-125k,Fair,South,Affluent,4.4,2022-02-05
279,28,75k-125k,Excellent,South,Mass Market,4.6,2021-11-24
280,56,125k-200k,Excellent,Northeast,Affluent,4.6,2021-11-24
281,38,75k-125k,Excellent,Midwest,Affluent,0.6,2025-11-24
282,41,125k-200k,Good,South,Mass Market,25.5,2000-12-31
283,38,40k-75k,Good,Midwest,Mass Market,2.1,2024-05-25
284,75,200k+,Good,West,Private Banking,8.1,2018-05-26
285,34,125k-200k,Excellent,Northeast,Mass Market,0.3,2026-03-14
286,45,200k+,Fair,Midwest,Affluent,4.8,2021-09-12
287,48,<40k,Good,Midwest,Mass Market,6.3,2020-03-13
288,59,40k-75k,Good,Northeast,Mass Market,0.7,2025-10-19
289,37,75k-125k,Excellent,South,Affluent,3.2,2023-04-20
290,37,75k-125k,Excellent,West,Affluent,1.7,2024-10-19
291,37,75k-125k,Excellent,West,Mass Market,11.0,2015-07-02
292,47,125k-200k,Good,South,Mass Market,0.5,2025-12-31
293,42,200k+,Fair,South,Affluent,22.2,2004-04-19
294,26,<40k,Fair,West,Mass Market,0.9,2025-08-07
295,58,125k-200k,Excellent,South,Mass Market,0.3,2026-03-14
296,43,125k-200k,Good,South,Affluent,4.0,2022-07-01
297,26,125k-200k,Fair,West,Mass Market,1.2,2025-04-19
298,50,75k-125k,Fair,Midwest,Mass Market,1.6,2024-11-24
299,37,125k-200k,Poor,South,Affluent,1.3,2025-03-14
300,58,75k-125k,Good,West,Mass Market,3.4,2023-02-06
301,44,75k-125k,Good,South,Mass Market,3.3,2023-03-14
302,42,40k-75k,Good,South,Mass Market,2.3,2024-03-13
303,38,75k-125k,Good,South,Mass Market,4.2,2022-04-19
304,26,75k-125k,Excellent,Midwest,Mass Market,5.0,2021-07-01
305,21,125k-200k,Poor,South,Affluent,28.0,1998-07-01
306,22,200k+,Good,Midwest,Private Banking,0.2,2026-04-19
307,42,75k-125k,Excellent,Midwest,Affluent,7.1,2019-05-26
308,38,40k-75k,Good,South,Mass Market,12.1,2014-05-26
309,56,75k-125k,Good,South,Affluent,4.4,2022-02-05
310,56,75k-125k,Excellent,Midwest,Mass Market,9.8,2016-09-12
311,32,125k-200k,Excellent,Northeast,Affluent,3.1,2023-05-26
312,44,200k+,Excellent,West,Private Banking,2.8,2023-09-13
313,46,75k-125k,Good,West,Mass Market,1.5,2024-12-31
314,55,75k-125k,Fair,Midwest,Mass Market,11.5,2014-12-31
315,29,40k-75k,Good,Northeast,Mass Market,0.3,2026-03-14
316,52,75k-125k,Fair,Northeast,Mass Market,0.5,2025-12-31
317,49,75k-125k,Excellent,South,Mass Market,8.0,2018-07-01
318,47,40k-75k,Excellent,Midwest,Mass Market,0.2,2026-04-19
319,36,125k-200k,Good,West,Affluent,2.5,2023-12-31
320,67,40k-75k,Fair,West,Mass Market,2.2,2024-04-19
321,38,40k-75k,Fair,South,Mass Market,0.2,2026-04-19
322,23,<40k,Good,South,Mass Market,10.8,2015-09-13
323,21,40k-75k,Good,South,Mass Market,0.3,2026-03-14
324,30,40k-75k,Fair,Midwest,Mass Market,11.7,2014-10-19
325,28,200k+,Poor,South,Affluent,0.2,2026-04-19
326,51,125k-200k,Excellent,West,Affluent,4.4,2022-02-05
327,57,75k-125k,Good,South,Mass Market,2.0,2024-07-01
328,43,200k+,Excellent,Northeast,Affluent,4.5,2021-12-31
329,38,125k-200k,Good,Northeast,Affluent,7.7,2018-10-19
330,35,200k+,Fair,Northeast,Affluent,12.9,2013-08-07
331,21,<40k,Good,South,Mass Market,4.1,2022-05-26
332,70,40k-75k,Poor,South,Mass Market,8.1,2018-05-26
333,46,75k-125k,Excellent,West,Mass Market,10.8,2015-09-13
334,46,40k-75k,Poor,West,Mass Market,1.7,2024-10-19
335,50,<40k,Good,Northeast,Mass Market,1.5,2024-12-31
336,40,75k-125k,Good,Midwest,Mass Market,1.5,2024-12-31
337,21,40k-75k,Good,Midwest,Mass Market,0.2,2026-04-19
338,44,75k-125k,Excellent,Midwest,Mass Market,2.0,2024-07-01
339,34,<40k,Good,Northeast,Mass Market,5.9,2020-08-07
340,45,200k+,Poor,West,Affluent,0.5,2025-12-31
341,72,75k-125k,Excellent,West,Mass Market,0.2,2026-04-19
342,58,75k-125k,Fair,South,Mass Market,0.2,2026-04-19
343,67,75k-125k,Fair,Northeast,Affluent,4.5,2021-12-31
344,35,200k+,Fair,Northeast,Affluent,7.1,2019-05-26
345,45,125k-200k,Excellent,Northeast,Mass Market,2.3,2024-03-13
346,46,200k+,Excellent,Midwest,Mass Market,14.8,2011-09-13
347,38,40k-75k,Fair,South,Mass Market,3.7,2022-10-19
348,47,40k-75k,Good,South,Mass Market,0.5,2025-12-31
349,26,75k-125k,Good,Midwest,Mass Market,10.7,2015-10-19
350,59,200k+,Good,Northeast,Affluent,1.7,2024-10-19
351,37,75k-125k,Excellent,Midwest,Mass Market,18.3,2008-03-13
352,39,200k+,Excellent,South,Private Banking,3.5,2022-12-31
353,41,<40k,Excellent,West,Mass Market,0.5,2025-12-31
354,36,40k-75k,Poor,Northeast,Mass Market,1.0,2025-07-01
355,32,<40k,Fair,Northeast,Mass Market,0.5,2025-12-31
356,42,75k-125k,Excellent,Northeast,Affluent,7.2,2019-04-20
357,45,200k+,Good,South,Affluent,7.6,2018-11-25
358,21,75k-125k,Excellent,West,Mass Market,0.8,2025-09-12
359,37,125k-200k,Good,Midwest,Mass Market,10.5,2015-12-31
360,50,40k-75k,Good,Northeast,Mass Market,1.0,2025-07-01
361,44,125k-200k,Good,West,Mass Market,0.2,2026-04-19
362,33,75k-125k,Good,Midwest,Mass Market,1.5,2024-12-31
363,37,125k-200k,Fair,West,Mass Market,4.2,2022-04-19
364,33,200k+,Excellent,Midwest,Private Banking,2.1,2024-05-25
365,60,200k+,Excellent,West,Mass Market,1.9,2024-08-07
366,34,125k-200k,Good,Northeast,Mass Market,7.4,2019-02-06
367,43,<40k,Good,Midwest,Mass Market,7.5,2018-12-31
368,52,75k-125k,Excellent,West,Affluent,10.4,2016-02-06
369,51,75k-125k,Excellent,West,Mass Market,5.2,2021-04-19
370,21,40k-75k,Poor,West,Mass Market,3.8,2022-09-13
371,40,125k-200k,Good,West,Mass Market,2.7,2023-10-19
372,51,40k-75k,Poor,Midwest,Mass Market,2.8,2023-09-13
373,30,125k-200k,Poor,Midwest,Mass Market,10.1,2016-05-25
374,51,<40k,Fair,Northeast,Mass Market,3.2,2023-04-20
375,46,40k-75k,Fair,Midwest,Mass Market,1.0,2025-07-01
376,36,40k-75k,Fair,South,Mass Market,16.4,2010-02-05
377,40,125k-200k,Excellent,Midwest,Mass Market,22.8,2003-09-13
378,56,<40k,Good,Northeast,Mass Market,1.2,2025-04-19
379,44,75k-125k,Fair,West,Mass Market,12.7,2013-10-19
380,45,125k-200k,Good,West,Mass Market,10.3,2016-03-13
381,51,75k-125k,Good,Midwest,Mass Market,9.7,2016-10-19
382,64,<40k,Fair,Midwest,Mass Market,0.8,2025-09-12
383,59,125k-200k,Good,Northeast,Affluent,8.9,2017-08-07
384,23,<40k,Poor,Midwest,Mass Market,0.6,2025-11-24
385,52,125k-200k,Excellent,Northeast,Affluent,2.5,2023-12-31
386,58,200k+,Good,Midwest,Mass Market,17.6,2008-11-24
387,41,40k-75k,Fair,Midwest,Mass Market,1.9,2024-08-07
388,49,125k-200k,Good,Northeast,Affluent,0.6,2025-11-24
389,21,40k-75k,Fair,Northeast,Mass Market,1.8,2024-09-12
390,44,<40k,Good,South,Mass Market,5.3,2021-03-14
391,53,75k-125k,Good,South,Mass Market,4.1,2022-05-26
392,59,75k-125k,Poor,Northeast,Mass Market,3.7,2022-10-19
393,34,<40k,Excellent,West,Mass Market,0.6,2025-11-24
394,48,125k-200k,Fair,Northeast,Affluent,3.2,2023-04-20
395,47,<40k,Excellent,Midwest,Mass Market,8.3,2018-03-14
396,40,75k-125k,Good,Midwest,Affluent,6.7,2019-10-19
397,60,40k-75k,Good,West,Mass Market,5.9,2020-08-07
398,63,75k-125k,Excellent,Midwest,Mass Market,0.4,2026-02-05
399,37,200k+,Good,Midwest,Affluent,11.6,2014-11-25
400,41,<40k,Poor,Northeast,Affluent,5.1,2021-05-26
401,41,<40k,Excellent,Midwest,Mass Market,1.5,2024-12-31
402,43,125k-200k,Excellent,South,Mass Market,9.0,2017-07-01
403,48,200k+,Good,South,Mass Market,3.6,2022-11-25
404,63,200k+,Excellent,South,Private Banking,1.4,2025-02-05
405,29,125k-200k,Excellent,West,Mass Market,2.3,2024-03-13
406,44,200k+,Excellent,Northeast,Affluent,6.1,2020-05-25
407,37,200k+,Good,Northeast,Mass Market,4.0,2022-07-01
408,43,75k-125k,Good,South,Mass Market,7.2,2019-04-20
409,38,75k-125k,Good,West,Mass Market,1.4,2025-02-05
410,47,75k-125k,Good,South,Mass Market,23.8,2002-09-13
411,22,75k-125k,Good,West,Mass Market,1.7,2024-10-19
412,64,75k-125k,Poor,West,Mass Market,1.9,2024-08-07
413,35,200k+,Good,Northeast,Affluent,7.0,2019-07-02
414,38,40k-75k,Fair,South,Mass Market,1.3,2025-03-14
415,43,<40k,Excellent,Northeast,Mass Market,4.3,2022-03-14
416,31,125k-200k,Fair,Midwest,Affluent,1.0,2025-07-01
417,44,200k+,Excellent,South,Private Banking,10.2,2016-04-19
418,53,75k-125k,Excellent,Northeast,Affluent,1.4,2025-02-05
419,33,75k-125k,Excellent,West,Mass Market,7.0,2019-07-02
420,21,125k-200k,Poor,Midwest,Mass Market,1.0,2025-07-01
421,34,40k-75k,Fair,Midwest,Mass Market,2.6,2023-11-25
422,38,125k-200k,Good,South,Mass Market,0.7,2025-10-19
423,21,125k-200k,Excellent,South,Affluent,6.9,2019-08-07
424,43,200k+,Good,Northeast,Private Banking,0.2,2026-04-19
425,61,75k-125k,Good,West,Mass Market,2.0,2024-07-01
426,58,200k+,Good,Midwest,Private Banking,3.4,2023-02-06
427,51,200k+,Fair,West,Private Banking,3.0,2023-07-02
428,63,75k-125k,Good,Northeast,Mass Market,10.0,2016-07-01
429,66,200k+,Poor,Midwest,Mass Market,10.1,2016-05-25
430,62,75k-125k,Good,Northeast,Mass Market,9.2,2017-04-19
431,41,<40k,Excellent,South,Mass Market,4.2,2022-04-19
432,58,75k-125k,Good,Northeast,Mass Market,0.7,2025-10-19
433,45,<40k,Good,West,Mass Market,7.7,2018-10-19
434,52,125k-200k,Poor,Midwest,Affluent,8.9,2017-08-07
435,43,40k-75k,Good,Midwest,Mass Market,0.4,2026-02-05
436,22,125k-200k,Good,South,Mass Market,11.0,2015-07-02
437,39,40k-75k,Good,Midwest,Mass Market,4.3,2022-03-14
438,61,200k+,Excellent,West,Affluent,1.5,2024-12-31
439,49,40k-75k,Good,South,Mass Market,4.9,2021-08-07
440,46,75k-125k,Good,Northeast,Mass Market,8.5,2017-12-31
441,60,40k-75k,Good,South,Mass Market,5.6,2020-11-24
442,56,125k-200k,Good,South,Affluent,9.1,2017-05-26
443,72,200k+,Good,Midwest,Affluent,2.5,2023-12-31
444,47,<40k,Excellent,South,Mass Market,5.2,2021-04-19
445,42,40k-75k,Excellent,Northeast,Mass Market,4.0,2022-07-01
446,22,125k-200k,Excellent,Midwest,Affluent,0.6,2025-11-24
447,35,75k-125k,Good,West,Mass Market,6.0,2020-07-01
448,63,125k-200k,Fair,West,Affluent,1.5,2024-12-31
449,63,40k-75k,Good,Midwest,Mass Market,3.3,2023-03-14
450,58,75k-125k,Fair,South,Affluent,8.4,2018-02-05
451,36,75k-125k,Excellent,South,Affluent,1.5,2024-12-31
452,41,40k-75k,Good,West,Mass Market,4.2,2022-04-19
453,30,<40k,Excellent,Northeast,Mass Market,2.1,2024-05-25
454,36,75k-125k,Good,West,Mass Market,0.2,2026-04-19
455,30,40k-75k,Excellent,Midwest,Mass Market,3.7,2022-10-19
456,43,125k-200k,Excellent,South,Affluent,2.5,2023-12-31
457,50,75k-125k,Fair,Midwest,Mass Market,3.6,2022-11-25
458,49,125k-200k,Poor,South,Mass Market,0.6,2025-11-24
459,24,75k-125k,Excellent,West,Mass Market,1.7,2024-10-19
460,27,125k-200k,Good,Northeast,Mass Market,0.4,2026-02-05
461,50,125k-200k,Excellent,West,Affluent,7.9,2018-08-07
462,54,75k-125k,Fair,West,Mass Market,6.3,2020-03-13
463,21,125k-200k,Excellent,Northeast,Mass Market,0.2,2026-04-19
464,29,75k-125k,Good,West,Mass Market,2.2,2024-04-19
465,57,75k-125k,Fair,Northeast,Mass Market,2.4,2024-02-06
466,36,200k+,Good,Midwest,Mass Market,4.1,2022-05-26
467,27,200k+,Excellent,West,Mass Market,16.9,2009-08-07
468,38,125k-200k,Good,West,Mass Market,9.5,2016-12-31
469,33,125k-200k,Excellent,South,Private Banking,3.3,2023-03-14
470,41,<40k,Fair,South,Mass Market,0.2,2026-04-19
471,58,200k+,Fair,West,Mass Market,14.7,2011-10-19
472,34,75k-125k,Poor,Midwest,Mass Market,8.4,2018-02-05
473,34,40k-75k,Fair,West,Mass Market,10.2,2016-04-19
474,51,75k-125k,Excellent,Midwest,Mass Market,2.8,2023-09-13
475,51,40k-75k,Fair,South,Mass Market,19.4,2007-02-06
476,50,<40k,Fair,Midwest,Mass Market,1.4,2025-02-05
477,38,200k+,Good,Midwest,Affluent,3.6,2022-11-25
478,52,75k-125k,Good,West,Mass Market,7.3,2019-03-14
479,40,40k-75k,Poor,South,Mass Market,0.2,2026-04-19
480,21,75k-125k,Poor,South,Affluent,0.2,2026-04-19
481,39,75k-125k,Fair,South,Mass Market,3.4,2023-02-06
482,54,75k-125k,Poor,Northeast,Mass Market,0.5,2025-12-31
483,52,<40k,Poor,Northeast,Mass Market,1.3,2025-03-14
484,76,200k+,Good,Northeast,Private Banking,1.1,2025-05-26
485,50,200k+,Good,Midwest,Mass Market,1.6,2024-11-24
486,58,200k+,Fair,Northeast,Private Banking,0.2,2026-04-19
487,36,75k-125k,Good,Northeast,Mass Market,4.7,2021-10-19
488,61,75k-125k,Fair,Midwest,Mass Market,0.5,2025-12-31
489,32,200k+,Excellent,Midwest,Private Banking,17.3,2009-03-14
490,27,75k-125k,Good,South,Mass Market,0.2,2026-04-19
491,35,75k-125k,Good,South,Affluent,0.4,2026-02-05
492,33,200k+,Fair,Northeast,Private Banking,4.7,2021-10-19
493,58,40k-75k,Excellent,Northeast,Mass Market,18.0,2008-07-01
494,39,40k-75k,Excellent,West,Mass Market,1.3,2025-03-14
495,35,200k+,Fair,West,Mass Market,3.6,2022-11-25
496,32,40k-75k,Fair,Northeast,Mass Market,1.9,2024-08-07
497,37,<40k,Fair,Midwest,Mass Market,5.6,2020-11-24
498,51,75k-125k,Excellent,West,Mass Market,8.4,2018-02-05
499,64,75k-125k,Good,Midwest,Affluent,1.3,2025-03-14
500,27,125k-200k,Fair,Northeast,Mass Market,22.5,2003-12-31
501,47,75k-125k,Good,Northeast,Mass Market,3.9,2022-08-07
502,34,200k+,Poor,Northeast,Private Banking,3.6,2022-11-25
503,34,<40k,Good,West,Mass Market,1.2,2025-04-19
504,46,40k-75k,Excellent,West,Mass Market,2.2,2024-04-19
505,28,40k-75k,Excellent,Midwest,Mass Market,0.5,2025-12-31
506,50,75k-125k,Good,Midwest,Affluent,1.3,2025-03-14
507,34,75k-125k,Excellent,Northeast,Affluent,3.9,2022-08-07
508,43,75k-125k,Good,West,Mass Market,0.5,2025-12-31
509,45,75k-125k,Excellent,Northeast,Mass Market,6.7,2019-10-19
510,36,125k-200k,Good,West,Mass Market,1.7,2024-10-19
511,47,75k-125k,Good,Midwest,Mass Market,4.9,2021-08-07
512,46,75k-125k,Fair,South,Mass Market,3.8,2022-09-13
513,75,40k-75k,Excellent,South,Mass Market,5.3,2021-03-14
514,52,200k+,Excellent,Northeast,Affluent,2.2,2024-04-19
515,57,75k-125k,Fair,Northeast,Affluent,2.3,2024-03-13
516,45,40k-75k,Excellent,Northeast,Mass Market,2.0,2024-07-01
517,48,125k-200k,Good,Northeast,Mass Market,7.2,2019-04-20
518,41,125k-200k,Good,West,Private Banking,3.8,2022-09-13
519,47,200k+,Fair,South,Private Banking,7.6,2018-11-25
520,50,40k-75k,Fair,Midwest,Mass Market,14.4,2012-02-06
521,60,40k-75k,Good,West,Mass Market,3.0,2023-07-02
522,50,40k-75k,Fair,South,Mass Market,0.3,2026-03-14
523,31,<40k,Fair,South,Mass Market,4.9,2021-08-07
524,35,125k-200k,Good,South,Affluent,0.2,2026-04-19
525,44,200k+,Excellent,Northeast,Affluent,0.2,2026-04-19
526,54,75k-125k,Good,Northeast,Affluent,5.2,2021-04-19
527,27,40k-75k,Good,Midwest,Mass Market,0.2,2026-04-19
528,37,200k+,Poor,Midwest,Mass Market,0.6,2025-11-24
529,60,75k-125k,Fair,Northeast,Private Banking,15.7,2010-10-19
530,61,75k-125k,Good,Northeast,Mass Market,17.5,2008-12-31
531,57,200k+,Excellent,South,Private Banking,0.2,2026-04-19
532,33,75k-125k,Good,West,Mass Market,0.2,2026-04-19
533,42,125k-200k,Good,Northeast,Affluent,2.6,2023-11-25
534,51,200k+,Good,South,Mass Market,0.9,2025-08-07
535,48,125k-200k,Excellent,Northeast,Affluent,5.7,2020-10-19
536,29,75k-125k,Poor,Northeast,Mass Market,0.7,2025-10-19
537,33,75k-125k,Excellent,Northeast,Affluent,0.2,2026-04-19
538,42,<40k,Excellent,Midwest,Mass Market,13.7,2012-10-19
539,36,40k-75k,Excellent,Northeast,Affluent,10.6,2015-11-25
540,43,40k-75k,Fair,South,Mass Market,9.0,2017-07-01
541,48,125k-200k,Fair,West,Mass Market,7.5,2018-12-31
542,52,125k-200k,Good,Midwest,Mass Market,2.4,2024-02-06
543,55,75k-125k,Excellent,South,Mass Market,0.3,2026-03-14
544,52,125k-200k,Excellent,Northeast,Affluent,2.4,2024-02-06
545,26,40k-75k,Good,West,Mass Market,1.0,2025-07-01
546,27,200k+,Fair,West,Private Banking,8.4,2018-02-05
547,59,40k-75k,Excellent,West,Mass Market,2.0,2024-07-01
548,48,40k-75k,Poor,Northeast,Mass Market,0.9,2025-08-07
549,53,40k-75k,Good,Midwest,Mass Market,0.4,2026-02-05
550,57,200k+,Good,Midwest,Affluent,2.6,2023-11-25
551,47,40k-75k,Good,Midwest,Mass Market,20.6,2005-11-24
552,38,75k-125k,Good,Midwest,Private Banking,3.9,2022-08-07
553,58,40k-75k,Excellent,Northeast,Affluent,3.2,2023-04-20
554,47,40k-75k,Poor,South,Mass Market,0.2,2026-04-19
555,26,40k-75k,Excellent,Northeast,Mass Market,1.2,2025-04-19
556,56,<40k,Fair,West,Mass Market,2.3,2024-03-13
557,32,125k-200k,Fair,West,Mass Market,2.3,2024-03-13
558,37,<40k,Fair,Midwest,Mass Market,2.6,2023-11-25
559,33,125k-200k,Good,Midwest,Mass Market,3.6,2022-11-25
560,29,75k-125k,Poor,Midwest,Mass Market,5.5,2020-12-31
561,66,75k-125k,Good,West,Mass Market,4.3,2022-03-14
562,26,40k-75k,Good,Midwest,Mass Market,3.4,2023-02-06
563,47,125k-200k,Good,South,Mass Market,1.6,2024-11-24
564,38,200k+,Fair,Northeast,Affluent,0.2,2026-04-19
565,56,200k+,Excellent,South,Mass Market,17.0,2009-07-01
566,38,40k-75k,Good,South,Mass Market,19.9,2006-08-07
567,58,<40k,Fair,Northeast,Mass Market,15.3,2011-03-14
568,46,200k+,Excellent,South,Affluent,0.4,2026-02-05
569,44,75k-125k,Excellent,Midwest,Mass Market,6.4,2020-02-06
570,38,75k-125k,Poor,Midwest,Mass Market,1.3,2025-03-14
571,29,125k-200k,Fair,South,Mass Market,5.1,2021-05-26
572,47,125k-200k,Excellent,Northeast,Affluent,0.2,2026-04-19
573,49,75k-125k,Excellent,Northeast,Mass Market,13.7,2012-10-19
574,30,40k-75k,Excellent,South,Private Banking,15.4,2011-02-06
575,31,40k-75k,Fair,Northeast,Mass Market,0.7,2025-10-19
576,45,125k-200k,Good,West,Mass Market,3.8,2022-09-13
577,43,200k+,Good,South,Mass Market,0.3,2026-03-14
578,68,<40k,Excellent,West,Affluent,23.8,2002-09-13
579,37,40k-75k,Good,Midwest,Mass Market,2.7,2023-10-19
580,51,200k+,Excellent,Midwest,Private Banking,4.8,2021-09-12
581,54,125k-200k,Excellent,Northeast,Affluent,3.5,2022-12-31
582,65,75k-125k,Good,West,Mass Market,2.0,2024-07-01
583,21,<40k,Poor,South,Mass Market,19.7,2006-10-19
584,45,40k-75k,Good,West,Mass Market,4.9,2021-08-07
585,42,75k-125k,Poor,South,Mass Market,4.3,2022-03-14
586,54,200k+,Excellent,Midwest,Affluent,13.3,2013-03-14
587,50,200k+,Good,South,Affluent,7.4,2019-02-06
588,39,75k-125k,Excellent,South,Affluent,1.8,2024-09-12
589,23,125k-200k,Good,Midwest,Affluent,0.5,2025-12-31
590,47,125k-200k,Good,West,Mass Market,2.7,2023-10-19
591,25,75k-125k,Excellent,Midwest,Mass Market,1.6,2024-11-24
592,62,125k-200k,Poor,Midwest,Private Banking,3.7,2022-10-19
593,51,200k+,Fair,South,Mass Market,2.0,2024-07-01
594,44,40k-75k,Good,South,Mass Market,7.9,2018-08-07
595,58,125k-200k,Excellent,Northeast,Private Banking,1.1,2025-05-26
596,31,40k-75k,Fair,West,Mass Market,6.5,2019-12-31
597,58,200k+,Fair,South,Affluent,3.5,2022-12-31
598,46,200k+,Excellent,Midwest,Affluent,5.2,2021-04-19
599,30,<40k,Excellent,Midwest,Mass Market,7.9,2018-08-07
600,48,125k-200k,Excellent,Northeast,Private Banking,5.1,2021-05-26
601,52,<40k,Good,South,Mass Market,12.1,2014-05-26
602,64,40k-75k,Fair,Northeast,Mass Market,6.8,2019-09-13
603,64,40k-75k,Excellent,Midwest,Mass Market,13.8,2012-09-12
604,56,75k-125k,Excellent,Northeast,Mass Market,1.2,2025-04-19
605,41,125k-200k,Good,Northeast,Affluent,0.9,2025-08-07
606,34,75k-125k,Excellent,Northeast,Mass Market,1.0,2025-07-01
607,21,75k-125k,Excellent,South,Mass Market,8.9,2017-08-07
608,33,75k-125k,Excellent,Midwest,Mass Market,0.9,2025-08-07
609,61,40k-75k,Fair,West,Mass Market,9.3,2017-03-14
610,53,40k-75k,Fair,Northeast,Mass Market,1.3,2025-03-14
611,36,125k-200k,Excellent,Midwest,Mass Market,1.1,2025-05-26
612,52,<40k,Fair,West,Mass Market,4.1,2022-05-26
613,70,40k-75k,Good,Northeast,Mass Market,13.5,2012-12-31
614,49,125k-200k,Excellent,Midwest,Affluent,0.6,2025-11-24
615,21,<40k,Good,South,Mass Market,3.6,2022-11-25
616,22,200k+,Good,Midwest,Private Banking,0.6,2025-11-24
617,37,200k+,Good,Northeast,Affluent,6.4,2020-02-06
618,34,40k-75k,Good,Northeast,Mass Market,1.6,2024-11-24
619,32,75k-125k,Good,West,Mass Market,13.7,2012-10-19
620,52,200k+,Excellent,West,Affluent,1.9,2024-08-07
621,41,40k-75k,Good,South,Mass Market,11.2,2015-04-20
622,42,200k+,Excellent,West,Affluent,11.9,2014-08-07
623,38,40k-75k,Good,Midwest,Mass Market,17.0,2009-07-01
624,48,40k-75k,Good,South,Affluent,7.4,2019-02-06
625,44,40k-75k,Fair,West,Mass Market,0.3,2026-03-14
626,44,40k-75k,Good,Northeast,Mass Market,3.8,2022-09-13
627,50,200k+,Fair,Midwest,Mass Market,1.8,2024-09-12
628,51,75k-125k,Fair,Midwest,Mass Market,3.8,2022-09-13
629,45,200k+,Good,Midwest,Mass Market,3.3,2023-03-14
630,61,200k+,Excellent,South,Affluent,0.8,2025-09-12
631,33,200k+,Poor,South,Private Banking,1.7,2024-10-19
632,33,75k-125k,Excellent,West,Private Banking,1.8,2024-09-12
633,42,125k-200k,Good,South,Mass Market,8.4,2018-02-05
634,33,40k-75k,Poor,Midwest,Mass Market,8.1,2018-05-26
635,47,200k+,Fair,Midwest,Mass Market,6.2,2020-04-19
636,62,40k-75k,Fair,West,Mass Market,2.9,2023-08-07
637,34,125k-200k,Good,South,Mass Market,1.3,2025-03-14
638,37,75k-125k,Good,West,Mass Market,4.8,2021-09-12
639,34,75k-125k,Fair,Midwest,Mass Market,8.3,2018-03-14
640,55,75k-125k,Good,South,Mass Market,3.5,2022-12-31
641,41,75k-125k,Excellent,South,Mass Market,4.3,2022-03-14
642,41,75k-125k,Excellent,South,Mass Market,9.5,2016-12-31
643,53,40k-75k,Fair,West,Mass Market,4.5,2021-12-31
644,49,75k-125k,Fair,Midwest,Mass Market,1.1,2025-05-26
645,49,40k-75k,Good,Northeast,Mass Market,11.0,2015-07-02
646,43,75k-125k,Good,West,Mass Market,8.5,2017-12-31
647,61,200k+,Fair,South,Mass Market,0.3,2026-03-14
648,37,75k-125k,Excellent,Midwest,Mass Market,3.3,2023-03-14
649,41,200k+,Good,West,Affluent,8.3,2018-03-14
650,34,75k-125k,Fair,West,Mass Market,6.9,2019-08-07
651,42,75k-125k,Good,South,Affluent,1.8,2024-09-12
652,58,125k-200k,Good,West,Mass Market,6.5,2019-12-31
653,40,125k-200k,Excellent,Midwest,Mass Market,4.7,2021-10-19
654,40,75k-125k,Fair,Midwest,Mass Market,1.6,2024-11-24
655,31,200k+,Fair,Northeast,Mass Market,6.7,2019-10-19
656,51,125k-200k,Good,Northeast,Mass Market,1.7,2024-10-19
657,42,75k-125k,Good,Northeast,Mass Market,0.2,2026-04-19
658,79,<40k,Good,Midwest,Mass Market,0.9,2025-08-07
659,26,125k-200k,Fair,Midwest,Mass Market,2.1,2024-05-25
660,38,200k+,Excellent,Northeast,Mass Market,6.6,2019-11-25
661,29,40k-75k,Excellent,Northeast,Affluent,8.8,2017-09-12
662,30,40k-75k,Fair,Midwest,Mass Market,2.5,2023-12-31
663,38,40k-75k,Good,South,Mass Market,3.9,2022-08-07
664,62,40k-75k,Good,West,Mass Market,0.4,2026-02-05
665,31,<40k,Fair,South,Mass Market,18.1,2008-05-25
666,21,40k-75k,Fair,Midwest,Mass Market,0.3,2026-03-14
667,67,40k-75k,Excellent,South,Mass Market,11.6,2014-11-25
668,40,75k-125k,Fair,Northeast,Mass Market,0.8,2025-09-12
669,30,125k-200k,Fair,Midwest,Mass Market,9.3,2017-03-14
670,21,40k-75k,Fair,Northeast,Mass Market,0.6,2025-11-24
671,49,<40k,Fair,Midwest,Mass Market,14.1,2012-05-25
672,55,75k-125k,Fair,South,Mass Market,0.2,2026-04-19
673,30,125k-200k,Fair,Midwest,Mass Market,6.4,2020-02-06
674,59,75k-125k,Good,West,Mass Market,16.2,2010-04-19
675,40,40k-75k,Good,South,Mass Market,0.4,2026-02-05
676,21,75k-125k,Fair,Midwest,Affluent,10.4,2016-02-06
677,44,200k+,Good,Northeast,Affluent,3.7,2022-10-19
678,61,40k-75k,Good,South,Mass Market,14.6,2011-11-25
679,31,125k-200k,Fair,Midwest,Private Banking,5.8,2020-09-12
680,47,125k-200k,Excellent,South,Mass Market,8.0,2018-07-01
681,40,40k-75k,Fair,Northeast,Mass Market,1.1,2025-05-26
682,26,75k-125k,Good,Northeast,Mass Market,1.4,2025-02-05
683,59,75k-125k,Fair,West,Mass Market,2.6,2023-11-25
684,51,<40k,Good,West,Mass Market,0.8,2025-09-12
685,55,125k-200k,Good,Midwest,Affluent,3.1,2023-05-26
686,33,200k+,Fair,South,Affluent,5.9,2020-08-07
687,66,75k-125k,Good,Midwest,Mass Market,13.6,2012-11-24
688,46,125k-200k,Good,Midwest,Affluent,1.9,2024-08-07
689,35,200k+,Fair,Midwest,Affluent,1.8,2024-09-12
690,34,200k+,Excellent,Midwest,Private Banking,8.4,2018-02-05
691,41,<40k,Good,Northeast,Mass Market,3.0,2023-07-02
692,41,40k-75k,Good,South,Affluent,4.7,2021-10-19
693,42,75k-125k,Good,West,Mass Market,0.3,2026-03-14
694,38,75k-125k,Fair,Midwest,Mass Market,1.0,2025-07-01
695,47,75k-125k,Poor,Northeast,Mass Market,0.2,2026-04-19
696,33,75k-125k,Fair,Northeast,Mass Market,4.6,2021-11-24
697,41,75k-125k,Poor,West,Mass Market,10.8,2015-09-13
698,37,75k-125k,Excellent,West,Mass Market,9.9,2016-08-07
699,45,75k-125k,Excellent,West,Mass Market,7.7,2018-10-19
700,38,<40k,Good,Northeast,Mass Market,13.9,2012-08-07
701,28,75k-125k,Poor,West,Mass Market,0.2,2026-04-19
702,51,75k-125k,Fair,South,Affluent,6.0,2020-07-01
703,54,75k-125k,Fair,Northeast,Mass Market,0.5,2025-12-31
704,51,75k-125k,Good,South,Affluent,8.9,2017-08-07
705,34,75k-125k,Poor,Midwest,Mass Market,4.5,2021-12-31
706,57,125k-200k,Good,Northeast,Private Banking,0.6,2025-11-24
707,43,40k-75k,Excellent,Midwest,Affluent,22.2,2004-04-19
708,82,200k+,Good,South,Affluent,3.8,2022-09-13
709,69,200k+,Good,Midwest,Affluent,2.0,2024-07-01
710,33,40k-75k,Excellent,Northeast,Mass Market,2.2,2024-04-19
711,57,75k-125k,Excellent,South,Mass Market,0.3,2026-03-14
712,41,125k-200k,Excellent,West,Mass Market,4.5,2021-12-31
713,50,125k-200k,Good,Northeast,Mass Market,14.9,2011-08-07
714,30,75k-125k,Good,West,Private Banking,4.3,2022-03-14
715,33,<40k,Excellent,West,Mass Market,1.9,2024-08-07
716,48,125k-200k,Fair,Midwest,Mass Market,1.0,2025-07-01
717,57,<40k,Excellent,Northeast,Mass Market,0.2,2026-04-19
718,47,75k-125k,Excellent,Northeast,Mass Market,17.0,2009-07-01
719,21,200k+,Good,Midwest,Mass Market,6.7,2019-10-19
720,55,200k+,Fair,Midwest,Mass Market,5.8,2020-09-12
721,51,125k-200k,Good,Midwest,Mass Market,3.5,2022-12-31
722,50,40k-75k,Excellent,Northeast,Mass Market,2.3,2024-03-13
723,28,125k-200k,Good,Midwest,Affluent,1.5,2024-12-31
724,59,40k-75k,Excellent,Northeast,Affluent,9.4,2017-02-05
725,51,<40k,Excellent,West,Mass Market,0.2,2026-04-19
726,32,200k+,Excellent,South,Affluent,9.1,2017-05-26
727,50,40k-75k,Excellent,South,Affluent,2.3,2024-03-13
728,21,40k-75k,Excellent,South,Mass Market,21.7,2004-10-19
729,63,75k-125k,Good,West,Mass Market,4.1,2022-05-26
730,35,125k-200k,Poor,West,Affluent,0.7,2025-10-19
731,41,75k-125k,Poor,Northeast,Mass Market,0.5,2025-12-31
732,53,75k-125k,Fair,Northeast,Affluent,12.1,2014-05-26
733,21,40k-75k,Good,South,Mass Market,17.4,2009-02-05
734,49,75k-125k,Excellent,Northeast,Affluent,3.0,2023-07-02
735,44,125k-200k,Fair,South,Mass Market,1.0,2025-07-01
736,34,75k-125k,Good,West,Affluent,7.6,2018-11-25
737,21,75k-125k,Good,West,Affluent,1.6,2024-11-24
738,43,40k-75k,Poor,West,Mass Market,6.0,2020-07-01
739,82,40k-75k,Good,South,Mass Market,7.2,2019-04-20
740,38,125k-200k,Fair,Northeast,Mass Market,2.1,2024-05-25
741,28,75k-125k,Fair,Midwest,Affluent,9.3,2017-03-14
742,37,125k-200k,Poor,Midwest,Mass Market,8.7,2017-10-19
743,42,75k-125k,Good,South,Mass Market,5.7,2020-10-19
744,50,75k-125k,Excellent,Northeast,Affluent,1.9,2024-08-07
745,30,40k-75k,Good,South,Mass Market,10.3,2016-03-13
746,48,40k-75k,Excellent,Midwest,Mass Market,0.9,2025-08-07
747,56,40k-75k,Excellent,Northeast,Mass Market,9.7,2016-10-19
748,36,40k-75k,Good,South,Mass Market,1.8,2024-09-12
749,42,75k-125k,Excellent,Midwest,Affluent,18.8,2007-09-13
750,35,75k-125k,Good,West,Mass Market,0.8,2025-09-12
751,22,40k-75k,Excellent,Northeast,Mass Market,1.9,2024-08-07
752,28,<40k,Good,Midwest,Mass Market,4.7,2021-10-19
753,27,40k-75k,Good,West,Mass Market,1.0,2025-07-01
754,60,75k-125k,Good,Midwest,Mass Market,12.1,2014-05-26
755,53,200k+,Good,West,Affluent,4.1,2022-05-26
756,48,75k-125k,Good,Northeast,Mass Market,5.3,2021-03-14
757,34,75k-125k,Good,South,Mass Market,1.8,2024-09-12
758,24,<40k,Good,West,Mass Market,2.4,2024-02-06
759,46,<40k,Excellent,Northeast,Mass Market,6.7,2019-10-19
760,21,200k+,Good,Northeast,Private Banking,3.5,2022-12-31
761,49,75k-125k,Poor,Midwest,Mass Market,0.2,2026-04-19
762,49,200k+,Good,Midwest,Affluent,0.7,2025-10-19
763,36,75k-125k,Fair,West,Mass Market,0.2,2026-04-19
764,56,125k-200k,Good,West,Mass Market,4.9,2021-08-07
765,33,125k-200k,Fair,West,Mass Market,1.8,2024-09-12
766,50,125k-200k,Poor,Northeast,Mass Market,4.3,2022-03-14
767,43,200k+,Good,Northeast,Private Banking,15.2,2011-04-20
768,30,40k-75k,Good,West,Mass Market,3.0,2023-07-02
769,48,200k+,Good,South,Private Banking,14.6,2011-11-25
770,24,40k-75k,Good,West,Mass Market,8.5,2017-12-31
771,64,75k-125k,Excellent,South,Mass Market,3.2,2023-04-20
772,41,75k-125k,Fair,Midwest,Mass Market,6.3,2020-03-13
773,54,125k-200k,Fair,South,Mass Market,5.1,2021-05-26
774,30,40k-75k,Excellent,Northeast,Mass Market,0.2,2026-04-19
775,40,<40k,Fair,West,Mass Market,6.2,2020-04-19
776,67,<40k,Fair,Midwest,Mass Market,2.9,2023-08-07
777,47,40k-75k,Poor,West,Mass Market,1.3,2025-03-14
778,40,200k+,Good,Midwest,Affluent,8.7,2017-10-19
779,35,125k-200k,Good,Midwest,Mass Market,2.8,2023-09-13
780,50,40k-75k,Good,Midwest,Mass Market,5.0,2021-07-01
781,48,125k-200k,Good,South,Affluent,5.9,2020-08-07
782,52,200k+,Fair,Northeast,Mass Market,3.0,2023-07-02
783,65,75k-125k,Good,Midwest,Mass Market,4.5,2021-12-31
784,53,125k-200k,Excellent,West,Affluent,3.4,2023-02-06
785,40,200k+,Good,West,Mass Market,2.2,2024-04-19
786,41,<40k,Fair,Midwest,Mass Market,0.9,2025-08-07
787,53,125k-200k,Fair,Midwest,Mass Market,3.4,2023-02-06
788,53,40k-75k,Fair,South,Mass Market,4.8,2021-09-12
789,46,<40k,Good,West,Mass Market,7.6,2018-11-25
790,38,200k+,Fair,Midwest,Affluent,4.0,2022-07-01
791,30,75k-125k,Fair,Northeast,Mass Market,5.2,2021-04-19
792,54,125k-200k,Good,Northeast,Mass Market,2.5,2023-12-31
793,34,75k-125k,Poor,Midwest,Mass Market,6.1,2020-05-25
794,48,75k-125k,Fair,West,Mass Market,4.6,2021-11-24
795,63,200k+,Good,Midwest,Affluent,1.4,2025-02-05
796,43,40k-75k,Excellent,South,Mass Market,3.5,2022-12-31
797,56,75k-125k,Good,Midwest,Mass Market,10.7,2015-10-19
798,44,40k-75k,Good,Midwest,Mass Market,0.9,2025-08-07
799,51,200k+,Fair,West,Mass Market,1.3,2025-03-14
800,68,75k-125k,Excellent,West,Mass Market,4.1,2022-05-26
801,51,40k-75k,Good,West,Mass Market,0.3,2026-03-14
802,31,125k-200k,Fair,West,Mass Market,1.9,2024-08-07
803,34,125k-200k,Good,Northeast,Affluent,7.3,2019-03-14
804,47,75k-125k,Good,Midwest,Mass Market,1.3,2025-03-14
805,53,40k-75k,Excellent,South,Mass Market,0.3,2026-03-14
806,21,75k-125k,Good,South,Mass Market,2.8,2023-09-13
807,39,40k-75k,Good,West,Mass Market,1.5,2024-12-31
808,65,200k+,Excellent,West,Affluent,2.0,2024-07-01
809,21,125k-200k,Poor,Midwest,Mass Market,6.6,2019-11-25
810,39,<40k,Good,Midwest,Mass Market,4.4,2022-02-05
811,40,75k-125k,Fair,Northeast,Mass Market,4.0,2022-07-01
812,55,75k-125k,Poor,West,Mass Market,4.5,2021-12-31
813,42,40k-75k,Fair,West,Mass Market,3.1,2023-05-26
814,30,75k-125k,Poor,West,Mass Market,3.3,2023-03-14
815,25,75k-125k,Good,South,Mass Market,13.7,2012-10-19
816,36,40k-75k,Fair,South,Mass Market,4.1,2022-05-26
817,59,<40k,Good,Northeast,Mass Market,1.6,2024-11-24
818,67,75k-125k,Excellent,South,Mass Market,6.6,2019-11-25
819,32,75k-125k,Good,South,Mass Market,3.0,2023-07-02
820,44,125k-200k,Good,West,Affluent,3.5,2022-12-31
821,21,125k-200k,Fair,Northeast,Affluent,1.8,2024-09-12
822,55,125k-200k,Fair,Midwest,Affluent,11.5,2014-12-31
823,51,75k-125k,Fair,Northeast,Mass Market,10.2,2016-04-19
824,36,75k-125k,Good,Midwest,Mass Market,2.4,2024-02-06
825,43,40k-75k,Excellent,West,Mass Market,4.7,2021-10-19
826,37,200k+,Excellent,Midwest,Affluent,4.4,2022-02-05
827,35,75k-125k,Excellent,South,Mass Market,3.5,2022-12-31
828,21,40k-75k,Good,South,Mass Market,22.3,2004-03-13
829,21,75k-125k,Excellent,Northeast,Mass Market,1.4,2025-02-05
830,24,<40k,Good,Northeast,Mass Market,0.9,2025-08-07
831,52,75k-125k,Fair,West,Mass Market,7.4,2019-02-06
832,21,75k-125k,Excellent,Northeast,Mass Market,3.0,2023-07-02
833,37,40k-75k,Excellent,South,Mass Market,18.7,2007-10-19
834,32,40k-75k,Fair,Midwest,Mass Market,1.1,2025-05-26
835,46,125k-200k,Excellent,Midwest,Affluent,1.5,2024-12-31
836,51,40k-75k,Good,Northeast,Mass Market,3.3,2023-03-14
837,35,40k-75k,Good,South,Mass Market,0.3,2026-03-14
838,41,75k-125k,Good,West,Mass Market,0.4,2026-02-05
839,33,75k-125k,Good,West,Mass Market,1.5,2024-12-31
840,38,125k-200k,Good,Midwest,Mass Market,4.3,2022-03-14
841,71,40k-75k,Good,South,Mass Market,4.9,2021-08-07
842,33,75k-125k,Poor,South,Mass Market,0.5,2025-12-31
843,45,125k-200k,Fair,West,Mass Market,1.0,2025-07-01
844,54,40k-75k,Fair,West,Mass Market,2.2,2024-04-19
845,48,125k-200k,Fair,West,Private Banking,10.4,2016-02-06
846,50,75k-125k,Fair,Midwest,Mass Market,1.3,2025-03-14
847,53,40k-75k,Good,West,Mass Market,1.5,2024-12-31
848,41,40k-75k,Excellent,Midwest,Mass Market,11.2,2015-04-20
849,54,75k-125k,Good,West,Mass Market,0.7,2025-10-19
850,21,125k-200k,Good,South,Private Banking,3.9,2022-08-07
851,47,40k-75k,Good,South,Mass Market,11.4,2015-02-06
852,39,75k-125k,Excellent,West,Mass Market,0.6,2025-11-24
853,21,75k-125k,Fair,West,Mass Market,2.0,2024-07-01
854,51,125k-200k,Excellent,South,Affluent,0.2,2026-04-19
855,47,75k-125k,Good,Midwest,Affluent,9.9,2016-08-07
856,58,40k-75k,Excellent,South,Affluent,3.9,2022-08-07
857,40,75k-125k,Good,West,Mass Market,5.1,2021-05-26
858,22,200k+,Good,South,Mass Market,1.6,2024-11-24
859,27,125k-200k,Fair,West,Mass Market,6.4,2020-02-06
860,31,75k-125k,Poor,South,Mass Market,9.9,2016-08-07
861,58,125k-200k,Fair,Northeast,Mass Market,3.9,2022-08-07
862,41,<40k,Excellent,West,Mass Market,12.9,2013-08-07
863,60,40k-75k,Fair,South,Mass Market,0.2,2026-04-19
864,22,<40k,Fair,South,Mass Market,4.5,2021-12-31
865,21,75k-125k,Good,Northeast,Mass Market,11.9,2014-08-07
866,43,<40k,Good,Northeast,Mass Market,8.5,2017-12-31
867,34,75k-125k,Poor,West,Mass Market,0.2,2026-04-19
868,44,<40k,Fair,South,Mass Market,3.4,2023-02-06
869,48,125k-200k,Poor,Northeast,Affluent,8.4,2018-02-05
870,43,75k-125k,Good,South,Mass Market,11.0,2015-07-02
871,49,40k-75k,Good,West,Mass Market,0.4,2026-02-05
872,45,200k+,Fair,Northeast,Mass Market,0.6,2025-11-24
873,34,200k+,Poor,West,Mass Market,5.9,2020-08-07
874,43,40k-75k,Good,West,Mass Market,0.2,2026-04-19
875,31,<40k,Poor,Midwest,Mass Market,0.8,2025-09-12
876,44,40k-75k,Fair,Midwest,Mass Market,2.5,2023-12-31
877,41,125k-200k,Excellent,South,Affluent,14.1,2012-05-25
878,54,40k-75k,Good,Northeast,Mass Market,3.8,2022-09-13
879,25,75k-125k,Fair,Midwest,Mass Market,5.2,2021-04-19
880,61,125k-200k,Excellent,Northeast,Mass Market,0.2,2026-04-19
881,36,75k-125k,Excellent,West,Affluent,1.5,2024-12-31
882,41,<40k,Fair,South,Mass Market,5.4,2021-02-05
883,45,200k+,Excellent,South,Mass Market,5.2,2021-04-19
884,61,75k-125k,Excellent,West,Affluent,6.8,2019-09-13
885,43,40k-75k,Excellent,Northeast,Affluent,2.9,2023-08-07
886,21,75k-125k,Fair,West,Mass Market,2.7,2023-10-19
887,38,75k-125k,Good,West,Affluent,3.6,2022-11-25
888,35,<40k,Good,Northeast,Mass Market,2.5,2023-12-31
889,49,40k-75k,Excellent,Midwest,Mass Market,2.6,2023-11-25
890,45,40k-75k,Fair,Midwest,Mass Market,8.1,2018-05-26
891,51,<40k,Excellent,West,Mass Market,3.6,2022-11-25
892,37,125k-200k,Good,South,Affluent,28.0,1998-07-01
893,24,40k-75k,Good,Midwest,Mass Market,1.8,2024-09-12
894,38,75k-125k,Good,Midwest,Affluent,3.1,2023-05-26
895,55,<40k,Excellent,South,Mass Market,5.0,2021-07-01
896,44,125k-200k,Excellent,South,Affluent,5.0,2021-07-01
897,36,200k+,Excellent,Midwest,Affluent,2.5,2023-12-31
898,34,200k+,Fair,South,Mass Market,12.7,2013-10-19
899,54,40k-75k,Excellent,Midwest,Mass Market,5.7,2020-10-19
900,48,40k-75k,Good,West,Mass Market,19.0,2007-07-02
901,54,200k+,Fair,West,Affluent,9.8,2016-09-12
902,50,75k-125k,Good,Northeast,Mass Market,1.2,2025-04-19
903,21,125k-200k,Excellent,Midwest,Affluent,0.9,2025-08-07
904,51,40k-75k,Good,Midwest,Mass Market,5.5,2020-12-31
905,38,40k-75k,Fair,Northeast,Mass Market,8.2,2018-04-19
906,47,40k-75k,Excellent,Northeast,Mass Market,5.1,2021-05-26
907,67,200k+,Good,Midwest,Mass Market,0.3,2026-03-14
908,63,<40k,Fair,Northeast,Mass Market,7.1,2019-05-26
909,33,125k-200k,Good,Northeast,Affluent,17.5,2008-12-31
910,39,<40k,Good,Midwest,Mass Market,12.4,2014-02-05
911,41,200k+,Fair,Northeast,Affluent,1.5,2024-12-31
912,24,125k-200k,Excellent,West,Affluent,16.7,2009-10-19
913,70,200k+,Good,South,Mass Market,2.4,2024-02-06
914,47,75k-125k,Good,South,Mass Market,1.2,2025-04-19
915,55,125k-200k,Poor,Northeast,Mass Market,0.5,2025-12-31
916,21,<40k,Good,West,Mass Market,5.0,2021-07-01
917,43,125k-200k,Fair,South,Affluent,4.4,2022-02-05
918,21,200k+,Excellent,South,Private Banking,18.2,2008-04-19
919,69,125k-200k,Fair,West,Affluent,1.1,2025-05-26
920,44,40k-75k,Excellent,Northeast,Mass Market,6.6,2019-11-25
921,35,<40k,Fair,Midwest,Mass Market,5.1,2021-05-26
922,56,40k-75k,Good,South,Affluent,6.2,2020-04-19
923,63,200k+,Good,South,Mass Market,1.1,2025-05-26
924,64,40k-75k,Fair,Northeast,Mass Market,6.4,2020-02-06
925,47,40k-75k,Good,Northeast,Mass Market,9.9,2016-08-07
926,39,200k+,Excellent,Northeast,Private Banking,1.9,2024-08-07
927,23,200k+,Fair,South,Affluent,0.2,2026-04-19
928,37,200k+,Good,South,Mass Market,2.0,2024-07-01
929,56,<40k,Good,Midwest,Mass Market,3.4,2023-02-06
930,43,40k-75k,Good,Midwest,Mass Market,1.9,2024-08-07
931,57,<40k,Fair,Midwest,Mass Market,1.1,2025-05-26
932,35,200k+,Fair,Northeast,Affluent,2.4,2024-02-06
933,43,40k-75k,Poor,Northeast,Mass Market,6.9,2019-08-07
934,43,125k-200k,Good,Northeast,Private Banking,4.7,2021-10-19
935,66,75k-125k,Good,Northeast,Mass Market,7.9,2018-08-07
936,52,75k-125k,Good,Midwest,Mass Market,5.5,2020-12-31
937,42,75k-125k,Good,South,Mass Market,28.0,1998-07-01
938,40,75k-125k,Poor,Midwest,Mass Market,12.1,2014-05-26
939,30,75k-125k,Poor,South,Mass Market,12.6,2013-11-24
940,37,40k-75k,Fair,Northeast,Mass Market,6.0,2020-07-01
941,68,75k-125k,Excellent,Midwest,Mass Market,0.9,2025-08-07
942,41,75k-125k,Good,Midwest,Mass Market,12.3,2014-03-14
943,34,40k-75k,Good,West,Affluent,5.3,2021-03-14
944,31,75k-125k,Fair,Northeast,Mass Market,0.4,2026-02-05
945,49,75k-125k,Excellent,West,Mass Market,2.6,2023-11-25
946,38,125k-200k,Poor,Northeast,Mass Market,1.3,2025-03-14
947,31,40k-75k,Good,South,Mass Market,5.4,2021-02-05
948,49,125k-200k,Fair,West,Affluent,0.2,2026-04-19
949,51,125k-200k,Fair,Midwest,Mass Market,0.9,2025-08-07
950,51,125k-200k,Good,South,Affluent,23.2,2003-04-20
951,43,200k+,Fair,South,Affluent,0.9,2025-08-07
952,53,<40k,Good,Midwest,Mass Market,0.3,2026-03-14
953,46,<40k,Good,Northeast,Mass Market,5.1,2021-05-26
954,49,40k-75k,Good,South,Affluent,7.0,2019-07-02
955,46,200k+,Excellent,Midwest,Affluent,2.9,2023-08-07
956,42,200k+,Good,West,Mass Market,8.5,2017-12-31
957,49,200k+,Poor,Northeast,Mass Market,12.5,2013-12-31
958,36,125k-200k,Good,Northeast,Mass Market,0.4,2026-02-05
959,56,75k-125k,Excellent,Northeast,Affluent,15.3,2011-03-14
960,39,125k-200k,Good,Midwest,Affluent,18.5,2007-12-31
961,42,75k-125k,Excellent,West,Mass Market,5.9,2020-08-07
962,35,200k+,Good,West,Affluent,6.3,2020-03-13
963,42,<40k,Fair,Midwest,Mass Market,7.6,2018-11-25
964,22,<40k,Good,South,Mass Market,0.7,2025-10-19
965,21,75k-125k,Good,West,Affluent,1.2,2025-04-19
966,56,40k-75k,Good,South,Mass Market,3.5,2022-12-31
967,48,75k-125k,Fair,Midwest,Mass Market,3.9,2022-08-07
968,58,125k-200k,Excellent,South,Mass Market,2.4,2024-02-06
969,44,125k-200k,Good,Northeast,Mass Market,2.6,2023-11-25
970,39,75k-125k,Poor,South,Mass Market,11.3,2015-03-14
971,57,125k-200k,Good,South,Affluent,9.4,2017-02-05
972,49,40k-75k,Good,South,Affluent,0.4,2026-02-05
973,48,40k-75k,Good,Midwest,Mass Market,4.2,2022-04-19
974,32,75k-125k,Good,Northeast,Mass Market,19.3,2007-03-14
975,51,40k-75k,Fair,Midwest,Mass Market,18.3,2008-03-13
976,47,40k-75k,Good,South,Affluent,11.7,2014-10-19
977,51,75k-125k,Good,South,Affluent,3.8,2022-09-13
978,46,40k-75k,Good,Midwest,Mass Market,22.8,2003-09-13
979,77,<40k,Excellent,West,Mass Market,11.5,2014-12-31
980,50,75k-125k,Excellent,Midwest,Mass Market,8.5,2017-12-31
981,45,75k-125k,Good,West,Mass Market,1.0,2025-07-01
982,21,40k-75k,Excellent,South,Mass Market,0.2,2026-04-19
983,21,40k-75k,Fair,Northeast,Mass Market,2.8,2023-09-13
984,58,40k-75k,Fair,Midwest,Mass Market,5.3,2021-03-14
985,21,<40k,Excellent,Midwest,Mass Market,4.0,2022-07-01
986,58,75k-125k,Excellent,Midwest,Mass Market,10.0,2016-07-01
987,41,<40k,Excellent,Northeast,Mass Market,1.6,2024-11-24
988,69,<40k,Poor,West,Mass Market,0.4,2026-02-05
989,45,75k-125k,Good,West,Affluent,1.0,2025-07-01
990,46,200k+,Good,Northeast,Private Banking,1.4,2025-02-05
991,43,75k-125k,Good,Midwest,Affluent,7.9,2018-08-07
992,58,<40k,Excellent,South,Mass Market,1.7,2024-10-19
993,40,125k-200k,Good,South,Private Banking,8.2,2018-04-19
994,53,40k-75k,Excellent,Midwest,Mass Market,3.6,2022-11-25
995,30,125k-200k,Good,West,Affluent,2.4,2024-02-06
996,38,75k-125k,Good,Midwest,Mass Market,6.4,2020-02-06
997,39,<40k,Poor,Northeast,Mass Market,4.5,2021-12-31
998,56,125k-200k,Fair,Northeast,Mass Market,0.8,2025-09-12
999,46,<40k,Good,South,Mass Market,2.7,2023-10-19
1000,25,200k+,Excellent,South,Private Banking,1.4,2025-02-05
1001,62,75k-125k,Good,South,Mass Market,1.9,2024-08-07
1002,57,<40k,Fair,Midwest,Mass Market,2.8,2023-09-13
1003,40,40k-75k,Excellent,West,Mass Market,5.7,2020-10-19
1004,30,125k-200k,Excellent,South,Affluent,1.1,2025-05-26
1005,22,125k-200k,Poor,Midwest,Mass Market,2.5,2023-12-31
1006,46,75k-125k,Good,West,Affluent,7.1,2019-05-26
1007,35,200k+,Fair,Midwest,Mass Market,12.2,2014-04-19
1008,54,75k-125k,Fair,West,Affluent,14.9,2011-08-07
1009,40,75k-125k,Excellent,Midwest,Mass Market,2.0,2024-07-01
1010,44,40k-75k,Excellent,Northeast,Mass Market,18.5,2007-12-31
1011,49,125k-200k,Good,West,Mass Market,0.2,2026-04-19
1012,45,40k-75k,Fair,West,Mass Market,0.3,2026-03-14
1013,53,40k-75k,Good,Midwest,Mass Market,14.8,2011-09-13
1014,50,40k-75k,Fair,Northeast,Mass Market,4.0,2022-07-01
1015,66,75k-125k,Good,West,Mass Market,6.1,2020-05-25
1016,55,<40k,Fair,Northeast,Mass Market,0.5,2025-12-31
1017,40,40k-75k,Excellent,West,Mass Market,5.7,2020-10-19
1018,21,200k+,Excellent,Northeast,Affluent,2.7,2023-10-19
1019,21,<40k,Fair,Northeast,Mass Market,0.9,2025-08-07
1020,53,<40k,Good,Northeast,Mass Market,3.1,2023-05-26
1021,45,40k-75k,Good,South,Mass Market,4.8,2021-09-12
1022,64,75k-125k,Good,West,Affluent,1.8,2024-09-12
1023,42,200k+,Poor,South,Mass Market,2.6,2023-11-25
1024,44,75k-125k,Excellent,Midwest,Affluent,0.4,2026-02-05
1025,34,40k-75k,Fair,West,Mass Market,3.6,2022-11-25
1026,51,75k-125k,Poor,Northeast,Mass Market,2.5,2023-12-31
1027,21,40k-75k,Fair,West,Mass Market,5.7,2020-10-19
1028,46,75k-125k,Fair,Northeast,Mass Market,1.8,2024-09-12
1029,43,125k-200k,Good,West,Mass Market,5.4,2021-02-05
1030,49,125k-200k,Good,South,Affluent,0.5,2025-12-31
1031,32,75k-125k,Poor,West,Mass Market,19.2,2007-04-20
1032,42,75k-125k,Excellent,Midwest,Mass Market,8.4,2018-02-05
1033,26,40k-75k,Good,West,Mass Market,0.7,2025-10-19
1034,48,40k-75k,Excellent,Midwest,Mass Market,2.3,2024-03-13
1035,35,75k-125k,Poor,South,Mass Market,16.3,2010-03-14
1036,26,75k-125k,Excellent,Northeast,Affluent,1.1,2025-05-26
1037,54,125k-200k,Good,South,Mass Market,1.4,2025-02-05
1038,42,75k-125k,Excellent,Northeast,Mass Market,1.6,2024-11-24
1039,30,40k-75k,Fair,West,Mass Market,3.1,2023-05-26
1040,45,75k-125k,Poor,Northeast,Affluent,5.6,2020-11-24
1041,53,40k-75k,Good,Midwest,Mass Market,2.7,2023-10-19
1042,47,<40k,Good,Midwest,Mass Market,2.8,2023-09-13
1043,70,125k-200k,Fair,West,Mass Market,4.0,2022-07-01
1044,54,200k+,Good,Midwest,Affluent,7.3,2019-03-14
1045,27,125k-200k,Good,Northeast,Mass Market,0.5,2025-12-31
1046,33,40k-75k,Excellent,Northeast,Mass Market,3.5,2022-12-31
1047,66,40k-75k,Fair,West,Affluent,14.8,2011-09-13
1048,41,75k-125k,Excellent,Midwest,Mass Market,0.3,2026-03-14
1049,26,<40k,Excellent,Northeast,Mass Market,4.1,2022-05-26
1050,56,<40k,Fair,Northeast,Mass Market,0.6,2025-11-24
1051,60,75k-125k,Fair,West,Affluent,6.1,2020-05-25
1052,53,200k+,Excellent,Midwest,Mass Market,1.7,2024-10-19
1053,62,125k-200k,Excellent,West,Mass Market,8.5,2017-12-31
1054,38,40k-75k,Excellent,West,Mass Market,27.3,1999-03-14
1055,35,75k-125k,Excellent,Northeast,Private Banking,8.8,2017-09-12
1056,39,200k+,Fair,South,Affluent,10.7,2015-10-19
1057,44,75k-125k,Good,West,Mass Market,2.5,2023-12-31
1058,43,<40k,Fair,Midwest,Mass Market,9.6,2016-11-24
1059,28,40k-75k,Fair,Northeast,Mass Market,11.2,2015-04-20
1060,44,75k-125k,Excellent,Northeast,Mass Market,19.9,2006-08-07
1061,21,75k-125k,Good,South,Mass Market,1.3,2025-03-14
1062,41,200k+,Excellent,West,Affluent,2.8,2023-09-13
1063,41,200k+,Good,Midwest,Affluent,3.6,2022-11-25
1064,31,75k-125k,Good,Midwest,Mass Market,3.9,2022-08-07
1065,45,<40k,Fair,West,Mass Market,6.5,2019-12-31
1066,57,75k-125k,Good,West,Mass Market,13.2,2013-04-19
1067,56,75k-125k,Poor,Midwest,Affluent,0.2,2026-04-19
1068,34,125k-200k,Fair,Midwest,Affluent,14.6,2011-11-25
1069,40,200k+,Fair,Midwest,Affluent,2.8,2023-09-13
1070,55,75k-125k,Good,Northeast,Mass Market,1.1,2025-05-26
1071,30,75k-125k,Excellent,Northeast,Affluent,2.2,2024-04-19
1072,64,40k-75k,Fair,Northeast,Mass Market,16.9,2009-08-07
1073,47,40k-75k,Fair,Midwest,Mass Market,15.1,2011-05-26
1074,56,125k-200k,Fair,West,Mass Market,0.9,2025-08-07
1075,36,125k-200k,Fair,Midwest,Mass Market,6.7,2019-10-19
1076,49,<40k,Poor,Northeast,Mass Market,2.9,2023-08-07
1077,21,75k-125k,Good,South,Mass Market,15.7,2010-10-19
1078,65,75k-125k,Fair,Midwest,Mass Market,9.8,2016-09-12
1079,28,125k-200k,Excellent,South,Affluent,0.9,2025-08-07
1080,32,75k-125k,Good,Midwest,Mass Market,1.3,2025-03-14
1081,29,75k-125k,Good,West,Mass Market,2.4,2024-02-06
1082,64,40k-75k,Fair,South,Mass Market,8.7,2017-10-19
1083,71,40k-75k,Excellent,Northeast,Mass Market,11.8,2014-09-13
1084,47,125k-200k,Good,South,Private Banking,0.8,2025-09-12
1085,37,75k-125k,Good,Northeast,Mass Market,10.5,2015-12-31
1086,47,75k-125k,Fair,West,Affluent,11.3,2015-03-14
1087,47,<40k,Excellent,South,Mass Market,15.0,2011-07-02
1088,21,40k-75k,Fair,Midwest,Mass Market,5.3,2021-03-14
1089,40,200k+,Excellent,Midwest,Mass Market,0.4,2026-02-05
1090,48,40k-75k,Good,Northeast,Mass Market,3.3,2023-03-14
1091,70,75k-125k,Fair,Midwest,Affluent,24.9,2001-08-07
1092,57,200k+,Good,Midwest,Private Banking,0.2,2026-04-19
1093,66,<40k,Fair,South,Mass Market,9.2,2017-04-19
1094,38,75k-125k,Fair,Midwest,Mass Market,3.5,2022-12-31
1095,48,200k+,Fair,West,Affluent,3.1,2023-05-26
1096,50,40k-75k,Good,Northeast,Mass Market,9.7,2016-10-19
1097,25,200k+,Good,South,Affluent,1.6,2024-11-24
1098,27,40k-75k,Fair,Northeast,Mass Market,4.3,2022-03-14
1099,44,125k-200k,Good,Midwest,Mass Market,14.9,2011-08-07
1100,29,75k-125k,Good,South,Mass Market,5.5,2020-12-31
1101,30,125k-200k,Good,West,Mass Market,6.8,2019-09-13
1102,42,200k+,Fair,South,Affluent,0.2,2026-04-19
1103,56,200k+,Excellent,West,Affluent,7.2,2019-04-20
1104,32,<40k,Fair,Midwest,Mass Market,3.9,2022-08-07
1105,46,<40k,Fair,South,Mass Market,7.1,2019-05-26
1106,46,40k-75k,Poor,West,Mass Market,7.6,2018-11-25
1107,65,40k-75k,Poor,Northeast,Mass Market,1.1,2025-05-26
1108,39,<40k,Fair,West,Mass Market,2.9,2023-08-07
1109,47,75k-125k,Poor,Midwest,Mass Market,3.3,2023-03-14
1110,53,75k-125k,Good,Northeast,Mass Market,15.2,2011-04-20
1111,53,40k-75k,Excellent,South,Affluent,4.4,2022-02-05
1112,43,<40k,Fair,West,Mass Market,1.4,2025-02-05
1113,35,200k+,Excellent,South,Mass Market,14.6,2011-11-25
1114,43,200k+,Good,South,Mass Market,4.5,2021-12-31
1115,45,75k-125k,Excellent,South,Affluent,7.6,2018-11-25
1116,80,125k-200k,Excellent,South,Affluent,3.2,2023-04-20
1117,45,125k-200k,Good,South,Mass Market,3.4,2023-02-06
1118,42,125k-200k,Good,Northeast,Mass Market,8.6,2017-11-24
1119,49,75k-125k,Fair,Midwest,Mass Market,10.0,2016-07-01
1120,46,75k-125k,Poor,Midwest,Mass Market,14.8,2011-09-13
1121,21,75k-125k,Fair,West,Mass Market,2.4,2024-02-06
1122,62,75k-125k,Excellent,Northeast,Mass Market,11.9,2014-08-07
1123,23,40k-75k,Good,South,Mass Market,1.8,2024-09-12
1124,43,75k-125k,Good,West,Mass Market,2.5,2023-12-31
1125,40,125k-200k,Good,Northeast,Affluent,7.5,2018-12-31
1126,38,75k-125k,Fair,Northeast,Mass Market,1.0,2025-07-01
1127,38,125k-200k,Excellent,Midwest,Mass Market,1.7,2024-10-19
1128,60,125k-200k,Excellent,Northeast,Private Banking,6.5,2019-12-31
1129,51,75k-125k,Poor,Northeast,Mass Market,1.4,2025-02-05
1130,46,125k-200k,Good,South,Mass Market,0.8,2025-09-12
1131,44,75k-125k,Excellent,West,Affluent,4.1,2022-05-26
1132,37,75k-125k,Excellent,Northeast,Mass Market,1.0,2025-07-01
1133,40,125k-200k,Good,West,Affluent,1.9,2024-08-07
1134,35,200k+,Excellent,Midwest,Private Banking,5.2,2021-04-19
1135,65,75k-125k,Fair,Northeast,Mass Market,0.4,2026-02-05
1136,42,40k-75k,Good,South,Mass Market,10.8,2015-09-13
1137,34,75k-125k,Good,South,Mass Market,5.5,2020-12-31
1138,48,75k-125k,Good,West,Mass Market,9.6,2016-11-24
1139,41,75k-125k,Fair,Northeast,Mass Market,10.4,2016-02-06
1140,40,40k-75k,Excellent,West,Mass Market,1.3,2025-03-14
1141,33,40k-75k,Good,Northeast,Mass Market,6.3,2020-03-13
1142,29,200k+,Good,Northeast,Private Banking,0.3,2026-03-14
1143,57,75k-125k,Poor,West,Mass Market,5.3,2021-03-14
1144,34,40k-75k,Fair,Midwest,Mass Market,9.1,2017-05-26
1145,32,75k-125k,Good,South,Mass Market,19.3,2007-03-14
1146,42,75k-125k,Fair,West,Affluent,5.2,2021-04-19
1147,38,125k-200k,Excellent,West,Private Banking,1.2,2025-04-19
1148,67,125k-200k,Fair,Northeast,Mass Market,0.7,2025-10-19
1149,37,75k-125k,Fair,South,Mass Market,1.4,2025-02-05
1150,33,40k-75k,Good,Northeast,Mass Market,11.1,2015-05-26
1151,43,40k-75k,Fair,South,Mass Market,0.8,2025-09-12
1152,38,125k-200k,Poor,South,Mass Market,2.2,2024-04-19
1153,47,125k-200k,Excellent,Midwest,Affluent,19.0,2007-07-02
1154,25,<40k,Poor,South,Mass Market,1.0,2025-07-01
1155,21,125k-200k,Poor,South,Affluent,0.5,2025-12-31
1156,52,125k-200k,Good,South,Mass Market,4.8,2021-09-12
1157,63,200k+,Fair,Northeast,Private Banking,21.6,2004-11-24
1158,40,200k+,Fair,South,Affluent,5.6,2020-11-24
1159,33,75k-125k,Good,South,Affluent,1.1,2025-05-26
1160,66,75k-125k,Excellent,West,Mass Market,4.8,2021-09-12
1161,61,75k-125k,Good,South,Mass Market,11.7,2014-10-19
1162,25,75k-125k,Good,Northeast,Mass Market,3.3,2023-03-14
1163,28,75k-125k,Good,West,Mass Market,7.3,2019-03-14
1164,59,75k-125k,Excellent,West,Mass Market,12.7,2013-10-19
1165,29,125k-200k,Fair,Midwest,Mass Market,3.1,2023-05-26
1166,39,75k-125k,Good,Midwest,Mass Market,0.5,2025-12-31
1167,68,125k-200k,Fair,West,Mass Market,11.5,2014-12-31
1168,57,125k-200k,Excellent,Midwest,Mass Market,0.2,2026-04-19
1169,58,200k+,Excellent,South,Mass Market,7.3,2019-03-14
1170,30,40k-75k,Fair,Midwest,Affluent,0.2,2026-04-19
1171,35,125k-200k,Fair,Northeast,Mass Market,6.2,2020-04-19
1172,21,200k+,Fair,West,Affluent,10.8,2015-09-13
1173,46,125k-200k,Good,Northeast,Mass Market,7.6,2018-11-25
1174,37,75k-125k,Good,Northeast,Mass Market,2.3,2024-03-13
1175,43,<40k,Excellent,Northeast,Mass Market,0.4,2026-02-05
1176,68,200k+,Excellent,South,Private Banking,3.5,2022-12-31
1177,73,125k-200k,Good,Northeast,Affluent,2.8,2023-09-13
1178,50,40k-75k,Excellent,Northeast,Affluent,4.2,2022-04-19
1179,58,40k-75k,Excellent,Midwest,Mass Market,3.3,2023-03-14
1180,53,40k-75k,Excellent,South,Mass Market,1.3,2025-03-14
1181,21,75k-125k,Fair,Midwest,Mass Market,1.2,2025-04-19
1182,42,40k-75k,Poor,Midwest,Mass Market,1.8,2024-09-12
1183,26,125k-200k,Good,West,Affluent,1.3,2025-03-14
1184,28,40k-75k,Good,Northeast,Mass Market,1.9,2024-08-07
1185,50,200k+,Poor,West,Private Banking,18.6,2007-11-25
1186,74,40k-75k,Good,Northeast,Mass Market,3.1,2023-05-26
1187,22,125k-200k,Good,West,Mass Market,3.3,2023-03-14
1188,62,<40k,Good,South,Mass Market,1.9,2024-08-07
1189,31,40k-75k,Fair,Midwest,Mass Market,2.4,2024-02-06
1190,54,200k+,Good,Northeast,Mass Market,2.2,2024-04-19
1191,34,125k-200k,Good,South,Mass Market,18.1,2008-05-25
1192,36,<40k,Fair,Midwest,Mass Market,4.3,2022-03-14
1193,53,200k+,Excellent,Midwest,Private Banking,8.8,2017-09-12
1194,43,40k-75k,Good,Midwest,Mass Market,3.1,2023-05-26
1195,21,40k-75k,Fair,South,Mass Market,4.9,2021-08-07
1196,62,75k-125k,Good,Midwest,Mass Market,20.6,2005-11-24
1197,62,75k-125k,Good,Northeast,Mass Market,7.7,2018-10-19
1198,69,200k+,Good,South,Private Banking,11.6,2014-11-25
1199,28,75k-125k,Fair,Midwest,Mass Market,3.8,2022-09-13
1200,37,40k-75k,Good,West,Affluent,3.1,2023-05-26
1201,58,40k-75k,Good,Northeast,Mass Market,16.0,2010-07-01
1202,32,40k-75k,Excellent,Northeast,Mass Market,7.2,2019-04-20
1203,23,40k-75k,Good,West,Mass Market,2.6,2023-11-25
1204,38,40k-75k,Fair,Midwest,Mass Market,2.4,2024-02-06
1205,50,<40k,Good,Midwest,Mass Market,3.7,2022-10-19
1206,53,200k+,Good,West,Mass Market,0.2,2026-04-19
1207,40,40k-75k,Good,Midwest,Mass Market,0.2,2026-04-19
1208,38,125k-200k,Excellent,South,Mass Market,14.6,2011-11-25
1209,27,40k-75k,Good,Midwest,Mass Market,0.2,2026-04-19
1210,45,<40k,Good,Northeast,Mass Market,4.4,2022-02-05
1211,50,40k-75k,Fair,Northeast,Mass Market,6.4,2020-02-06
1212,77,40k-75k,Fair,Northeast,Mass Market,3.8,2022-09-13
1213,35,40k-75k,Good,Midwest,Mass Market,5.5,2020-12-31
1214,42,200k+,Good,South,Affluent,3.0,2023-07-02
1215,44,75k-125k,Good,South,Mass Market,5.2,2021-04-19
1216,48,<40k,Good,South,Mass Market,4.6,2021-11-24
1217,42,40k-75k,Excellent,West,Affluent,7.2,2019-04-20
1218,22,125k-200k,Excellent,Midwest,Mass Market,13.2,2013-04-19
1219,26,40k-75k,Fair,Midwest,Mass Market,15.7,2010-10-19
1220,51,40k-75k,Good,South,Mass Market,1.4,2025-02-05
1221,48,<40k,Excellent,Midwest,Mass Market,13.5,2012-12-31
1222,46,40k-75k,Fair,South,Mass Market,7.3,2019-03-14
1223,39,125k-200k,Excellent,Midwest,Mass Market,0.7,2025-10-19
1224,43,75k-125k,Good,South,Mass Market,7.2,2019-04-20
1225,37,40k-75k,Poor,Northeast,Mass Market,2.2,2024-04-19
1226,76,40k-75k,Good,Midwest,Mass Market,7.7,2018-10-19
1227,54,40k-75k,Excellent,Midwest,Affluent,1.6,2024-11-24
1228,49,125k-200k,Excellent,Midwest,Affluent,1.3,2025-03-14
1229,67,40k-75k,Excellent,West,Mass Market,2.1,2024-05-25
1230,42,75k-125k,Good,West,Mass Market,14.0,2012-07-01
1231,54,75k-125k,Excellent,Northeast,Mass Market,3.1,2023-05-26
1232,42,40k-75k,Fair,Midwest,Mass Market,0.2,2026-04-19
1233,52,125k-200k,Excellent,Midwest,Private Banking,2.1,2024-05-25
1234,46,40k-75k,Good,South,Mass Market,4.6,2021-11-24
1235,36,200k+,Fair,Midwest,Mass Market,12.2,2014-04-19
1236,36,40k-75k,Good,Midwest,Affluent,1.1,2025-05-26
1237,44,75k-125k,Excellent,South,Private Banking,19.9,2006-08-07
1238,29,<40k,Good,Northeast,Affluent,4.8,2021-09-12
1239,23,40k-75k,Good,South,Mass Market,12.4,2014-02-05
1240,51,200k+,Good,Midwest,Private Banking,6.7,2019-10-19
1241,51,40k-75k,Excellent,West,Mass Market,13.4,2013-02-05
1242,48,75k-125k,Poor,West,Affluent,2.0,2024-07-01
1243,31,125k-200k,Good,Northeast,Affluent,1.8,2024-09-12
1244,49,200k+,Excellent,South,Mass Market,5.8,2020-09-12
1245,42,125k-200k,Good,West,Affluent,0.2,2026-04-19
1246,30,125k-200k,Fair,Northeast,Mass Market,2.1,2024-05-25
1247,51,75k-125k,Fair,Midwest,Mass Market,1.6,2024-11-24
1248,68,40k-75k,Good,Midwest,Mass Market,0.3,2026-03-14
1249,49,125k-200k,Excellent,West,Mass Market,16.2,2010-04-19
1250,58,125k-200k,Good,Northeast,Mass Market,1.6,2024-11-24
1251,38,125k-200k,Good,West,Private Banking,10.8,2015-09-13
1252,41,75k-125k,Good,West,Mass Market,1.5,2024-12-31
1253,40,125k-200k,Good,Northeast,Mass Market,5.6,2020-11-24
1254,42,75k-125k,Fair,South,Affluent,0.4,2026-02-05
1255,34,75k-125k,Excellent,West,Mass Market,3.7,2022-10-19
1256,37,75k-125k,Good,Midwest,Mass Market,6.3,2020-03-13
1257,40,200k+,Good,South,Mass Market,10.7,2015-10-19
1258,62,<40k,Good,West,Mass Market,5.8,2020-09-12
1259,44,75k-125k,Good,West,Mass Market,16.7,2009-10-19
1260,66,40k-75k,Poor,Midwest,Mass Market,3.7,2022-10-19
1261,52,40k-75k,Fair,West,Mass Market,5.9,2020-08-07
1262,39,40k-75k,Poor,Northeast,Mass Market,0.5,2025-12-31
1263,44,200k+,Good,South,Private Banking,2.7,2023-10-19
1264,52,75k-125k,Excellent,Midwest,Mass Market,7.0,2019-07-02
1265,43,75k-125k,Poor,South,Mass Market,5.0,2021-07-01
1266,52,40k-75k,Good,Midwest,Mass Market,0.6,2025-11-24
1267,30,125k-200k,Excellent,Northeast,Affluent,0.6,2025-11-24
1268,38,125k-200k,Poor,Midwest,Affluent,5.8,2020-09-12
1269,27,40k-75k,Good,South,Affluent,3.0,2023-07-02
1270,21,125k-200k,Fair,Northeast,Mass Market,0.4,2026-02-05
1271,46,40k-75k,Fair,South,Mass Market,11.7,2014-10-19
1272,47,125k-200k,Excellent,West,Affluent,3.3,2023-03-14
1273,21,75k-125k,Good,Midwest,Mass Market,4.1,2022-05-26
1274,42,200k+,Excellent,South,Affluent,3.1,2023-05-26
1275,39,200k+,Good,Midwest,Affluent,1.4,2025-02-05
1276,53,75k-125k,Good,Midwest,Mass Market,8.3,2018-03-14
1277,34,200k+,Fair,South,Mass Market,1.1,2025-05-26
1278,42,125k-200k,Excellent,West,Mass Market,12.3,2014-03-14
1279,44,200k+,Poor,South,Mass Market,7.1,2019-05-26
1280,48,75k-125k,Poor,South,Mass Market,3.7,2022-10-19
1281,48,40k-75k,Fair,West,Mass Market,10.7,2015-10-19
1282,38,200k+,Fair,South,Affluent,0.3,2026-03-14
1283,35,125k-200k,Excellent,South,Affluent,9.9,2016-08-07
1284,36,75k-125k,Good,West,Mass Market,3.5,2022-12-31
1285,38,40k-75k,Excellent,Midwest,Mass Market,8.7,2017-10-19
1286,26,200k+,Fair,Midwest,Mass Market,3.1,2023-05-26
1287,46,200k+,Excellent,Midwest,Private Banking,2.9,2023-08-07
1288,43,40k-75k,Fair,South,Mass Market,3.9,2022-08-07
1289,34,<40k,Good,Northeast,Mass Market,3.2,2023-04-20
1290,56,40k-75k,Good,South,Mass Market,7.7,2018-10-19
1291,24,75k-125k,Fair,Northeast,Mass Market,1.9,2024-08-07
1292,49,200k+,Good,Midwest,Affluent,5.8,2020-09-12
1293,49,200k+,Excellent,West,Affluent,4.5,2021-12-31
1294,31,75k-125k,Fair,Midwest,Mass Market,0.7,2025-10-19
1295,64,40k-75k,Fair,South,Mass Market,12.3,2014-03-14
1296,52,75k-125k,Poor,South,Mass Market,5.6,2020-11-24
1297,63,125k-200k,Excellent,Northeast,Affluent,2.2,2024-04-19
1298,25,200k+,Excellent,Midwest,Affluent,5.6,2020-11-24
1299,21,40k-75k,Poor,South,Mass Market,0.9,2025-08-07
1300,42,75k-125k,Fair,West,Mass Market,0.2,2026-04-19
1301,56,<40k,Excellent,West,Mass Market,0.2,2026-04-19
1302,69,200k+,Good,Northeast,Private Banking,2.6,2023-11-25
1303,27,200k+,Fair,Midwest,Affluent,7.5,2018-12-31
1304,43,125k-200k,Excellent,South,Affluent,0.7,2025-10-19
1305,68,40k-75k,Good,Northeast,Mass Market,7.6,2018-11-25
1306,23,40k-75k,Excellent,Midwest,Mass Market,1.7,2024-10-19
1307,61,<40k,Excellent,West,Mass Market,9.5,2016-12-31
1308,44,40k-75k,Good,Northeast,Mass Market,0.3,2026-03-14
1309,57,75k-125k,Good,South,Mass Market,6.6,2019-11-25
1310,67,125k-200k,Fair,South,Mass Market,0.2,2026-04-19
1311,55,75k-125k,Excellent,Midwest,Mass Market,25.7,2000-10-19
1312,61,75k-125k,Good,Northeast,Mass Market,6.5,2019-12-31
1313,43,125k-200k,Fair,South,Affluent,0.7,2025-10-19
1314,47,75k-125k,Good,Northeast,Mass Market,4.7,2021-10-19
1315,36,40k-75k,Excellent,West,Mass Market,4.8,2021-09-12
1316,46,75k-125k,Fair,West,Mass Market,7.4,2019-02-06
1317,27,40k-75k,Fair,West,Mass Market,0.2,2026-04-19
1318,50,<40k,Poor,South,Mass Market,6.0,2020-07-01
1319,47,200k+,Fair,South,Mass Market,2.3,2024-03-13
1320,29,<40k,Poor,West,Mass Market,1.0,2025-07-01
1321,59,75k-125k,Fair,Northeast,Mass Market,8.4,2018-02-05
1322,38,40k-75k,Good,South,Affluent,11.2,2015-04-20
1323,63,200k+,Excellent,Midwest,Private Banking,3.3,2023-03-14
1324,42,200k+,Excellent,Northeast,Mass Market,8.9,2017-08-07
1325,21,200k+,Good,South,Mass Market,11.8,2014-09-13
1326,29,40k-75k,Excellent,West,Mass Market,5.2,2021-04-19
1327,31,125k-200k,Good,Northeast,Affluent,3.4,2023-02-06
1328,51,40k-75k,Fair,Northeast,Mass Market,3.0,2023-07-02
1329,55,40k-75k,Fair,Northeast,Mass Market,3.5,2022-12-31
1330,60,75k-125k,Fair,South,Mass Market,8.9,2017-08-07
1331,40,125k-200k,Excellent,West,Mass Market,5.0,2021-07-01
1332,31,75k-125k,Excellent,South,Mass Market,17.4,2009-02-05
1333,51,40k-75k,Fair,Midwest,Mass Market,4.8,2021-09-12
1334,40,75k-125k,Good,Midwest,Mass Market,5.4,2021-02-05
1335,48,<40k,Excellent,Northeast,Affluent,0.9,2025-08-07
1336,41,75k-125k,Excellent,West,Affluent,2.5,2023-12-31
1337,41,200k+,Excellent,South,Affluent,0.7,2025-10-19
1338,52,<40k,Excellent,West,Mass Market,4.1,2022-05-26
1339,26,200k+,Good,West,Affluent,5.8,2020-09-12
1340,31,200k+,Excellent,South,Affluent,4.9,2021-08-07
1341,30,75k-125k,Good,Northeast,Affluent,3.9,2022-08-07
1342,64,75k-125k,Good,Northeast,Mass Market,4.4,2022-02-05
1343,58,40k-75k,Fair,West,Mass Market,9.7,2016-10-19
1344,59,75k-125k,Good,Midwest,Mass Market,14.8,2011-09-13
1345,41,125k-200k,Good,West,Mass Market,0.2,2026-04-19
1346,56,40k-75k,Poor,Midwest,Mass Market,1.8,2024-09-12
1347,60,200k+,Good,Midwest,Affluent,2.2,2024-04-19
1348,44,75k-125k,Fair,South,Mass Market,6.7,2019-10-19
1349,39,200k+,Good,Northeast,Affluent,5.9,2020-08-07
1350,43,40k-75k,Good,South,Mass Market,2.6,2023-11-25
1351,43,40k-75k,Good,Midwest,Mass Market,3.5,2022-12-31
1352,28,125k-200k,Good,Midwest,Private Banking,13.0,2013-07-01
1353,52,125k-200k,Poor,West,Mass Market,1.5,2024-12-31
1354,34,<40k,Good,West,Mass Market,1.6,2024-11-24
1355,37,<40k,Excellent,West,Mass Market,4.8,2021-09-12
1356,51,75k-125k,Excellent,South,Mass Market,2.6,2023-11-25
1357,22,125k-200k,Good,South,Affluent,4.7,2021-10-19
1358,73,200k+,Excellent,Midwest,Mass Market,1.6,2024-11-24
1359,39,40k-75k,Fair,West,Mass Market,6.2,2020-04-19
1360,37,40k-75k,Fair,South,Mass Market,3.0,2023-07-02
1361,34,125k-200k,Good,Northeast,Mass Market,5.9,2020-08-07
1362,53,200k+,Fair,West,Affluent,0.2,2026-04-19
1363,44,40k-75k,Fair,West,Mass Market,2.3,2024-03-13
1364,48,<40k,Fair,South,Mass Market,2.8,2023-09-13
1365,52,75k-125k,Good,Midwest,Mass Market,12.6,2013-11-24
1366,41,75k-125k,Good,West,Affluent,1.1,2025-05-26
1367,49,200k+,Fair,West,Mass Market,2.3,2024-03-13
1368,36,75k-125k,Excellent,Northeast,Mass Market,3.3,2023-03-14
1369,44,75k-125k,Excellent,Midwest,Mass Market,4.6,2021-11-24
1370,42,40k-75k,Good,Midwest,Mass Market,0.8,2025-09-12
1371,25,125k-200k,Fair,West,Affluent,10.2,2016-04-19
1372,47,75k-125k,Excellent,West,Mass Market,5.7,2020-10-19
1373,38,200k+,Good,West,Mass Market,0.3,2026-03-14
1374,22,40k-75k,Fair,Midwest,Mass Market,1.1,2025-05-26
1375,32,40k-75k,Excellent,Northeast,Mass Market,6.1,2020-05-25
1376,37,200k+,Good,Northeast,Affluent,4.2,2022-04-19
1377,46,75k-125k,Excellent,Northeast,Mass Market,0.8,2025-09-12
1378,42,200k+,Good,Northeast,Affluent,2.6,2023-11-25
1379,45,40k-75k,Excellent,West,Mass Market,4.5,2021-12-31
1380,57,75k-125k,Excellent,Northeast,Private Banking,2.6,2023-11-25
1381,39,75k-125k,Poor,South,Mass Market,0.2,2026-04-19
1382,38,75k-125k,Fair,West,Mass Market,2.4,2024-02-06
1383,51,200k+,Fair,West,Mass Market,12.3,2014-03-14
1384,53,125k-200k,Excellent,South,Private Banking,2.1,2024-05-25
1385,52,200k+,Excellent,West,Private Banking,2.3,2024-03-13
1386,41,<40k,Good,Midwest,Mass Market,2.4,2024-02-06
1387,38,40k-75k,Good,West,Mass Market,0.7,2025-10-19
1388,35,75k-125k,Excellent,South,Affluent,7.9,2018-08-07
1389,60,40k-75k,Fair,South,Mass Market,4.8,2021-09-12
1390,57,200k+,Poor,Midwest,Affluent,12.5,2013-12-31
1391,53,200k+,Good,Northeast,Affluent,4.2,2022-04-19
1392,47,<40k,Good,West,Mass Market,1.7,2024-10-19
1393,61,125k-200k,Excellent,Midwest,Affluent,5.3,2021-03-14
1394,31,75k-125k,Poor,Northeast,Mass Market,1.2,2025-04-19
1395,63,125k-200k,Poor,Midwest,Affluent,0.4,2026-02-05
1396,42,40k-75k,Excellent,South,Mass Market,21.2,2005-04-19
1397,49,125k-200k,Poor,South,Mass Market,8.0,2018-07-01
1398,41,125k-200k,Excellent,Northeast,Mass Market,1.6,2024-11-24
1399,36,40k-75k,Fair,Midwest,Mass Market,8.5,2017-12-31
1400,29,200k+,Poor,South,Private Banking,0.5,2025-12-31
1401,39,75k-125k,Fair,Northeast,Mass Market,2.4,2024-02-06
1402,67,40k-75k,Good,South,Affluent,27.1,1999-05-26
1403,42,75k-125k,Fair,South,Mass Market,7.9,2018-08-07
1404,51,75k-125k,Good,Midwest,Mass Market,5.1,2021-05-26
1405,35,200k+,Good,West,Mass Market,2.4,2024-02-06
1406,21,200k+,Fair,West,Mass Market,4.5,2021-12-31
1407,44,125k-200k,Fair,Northeast,Affluent,19.9,2006-08-07
1408,30,200k+,Fair,South,Mass Market,11.5,2014-12-31
1409,27,200k+,Good,Northeast,Affluent,3.3,2023-03-14
1410,51,75k-125k,Excellent,Midwest,Mass Market,13.2,2013-04-19
1411,42,125k-200k,Poor,South,Mass Market,6.6,2019-11-25
1412,47,125k-200k,Excellent,West,Mass Market,2.7,2023-10-19
1413,49,<40k,Fair,Northeast,Mass Market,1.9,2024-08-07
1414,31,<40k,Poor,Midwest,Mass Market,4.5,2021-12-31
1415,41,200k+,Excellent,Midwest,Mass Market,0.6,2025-11-24
1416,34,75k-125k,Good,West,Mass Market,9.9,2016-08-07
1417,45,125k-200k,Good,West,Affluent,5.1,2021-05-26
1418,52,40k-75k,Excellent,Midwest,Mass Market,0.3,2026-03-14
1419,58,125k-200k,Excellent,Northeast,Mass Market,2.2,2024-04-19
1420,49,125k-200k,Excellent,Northeast,Mass Market,16.9,2009-08-07
1421,30,200k+,Poor,West,Affluent,3.3,2023-03-14
1422,46,125k-200k,Good,Midwest,Affluent,9.9,2016-08-07
1423,37,75k-125k,Poor,Midwest,Mass Market,1.3,2025-03-14
1424,25,125k-200k,Good,South,Mass Market,9.0,2017-07-01
1425,44,40k-75k,Good,Northeast,Mass Market,13.1,2013-05-26
1426,50,75k-125k,Fair,South,Affluent,5.5,2020-12-31
1427,52,200k+,Excellent,South,Private Banking,2.5,2023-12-31
1428,33,75k-125k,Poor,Midwest,Mass Market,16.7,2009-10-19
1429,65,40k-75k,Poor,Northeast,Mass Market,1.1,2025-05-26
1430,63,75k-125k,Fair,Northeast,Mass Market,0.7,2025-10-19
1431,56,125k-200k,Good,Midwest,Affluent,16.5,2009-12-31
1432,39,75k-125k,Excellent,West,Mass Market,4.5,2021-12-31
1433,66,125k-200k,Excellent,Northeast,Mass Market,3.5,2022-12-31
1434,40,75k-125k,Fair,Northeast,Mass Market,7.4,2019-02-06
1435,37,200k+,Good,Northeast,Affluent,4.1,2022-05-26
1436,61,75k-125k,Fair,South,Mass Market,1.1,2025-05-26
1437,44,40k-75k,Good,Midwest,Mass Market,16.1,2010-05-26
1438,41,<40k,Good,Northeast,Mass Market,3.3,2023-03-14
1439,34,125k-200k,Excellent,Northeast,Affluent,5.0,2021-07-01
1440,50,40k-75k,Poor,Midwest,Mass Market,22.5,2003-12-31
1441,45,40k-75k,Good,Northeast,Mass Market,3.0,2023-07-02
1442,57,75k-125k,Poor,South,Mass Market,2.5,2023-12-31
1443,32,75k-125k,Fair,Northeast,Mass Market,15.3,2011-03-14
1444,49,125k-200k,Fair,Northeast,Mass Market,0.2,2026-04-19
1445,43,<40k,Excellent,West,Mass Market,2.7,2023-10-19
1446,45,75k-125k,Good,South,Mass Market,4.1,2022-05-26
1447,55,40k-75k,Fair,Northeast,Mass Market,0.6,2025-11-24
1448,61,75k-125k,Good,Midwest,Mass Market,1.3,2025-03-14
1449,62,40k-75k,Excellent,Midwest,Mass Market,0.2,2026-04-19
1450,30,40k-75k,Good,Northeast,Mass Market,0.7,2025-10-19
1451,36,75k-125k,Excellent,Midwest,Mass Market,1.0,2025-07-01
1452,40,40k-75k,Good,Midwest,Mass Market,0.7,2025-10-19
1453,49,200k+,Excellent,South,Private Banking,5.3,2021-03-14
1454,46,40k-75k,Good,South,Mass Market,5.9,2020-08-07
1455,45,125k-200k,Excellent,West,Mass Market,0.2,2026-04-19
1456,39,75k-125k,Poor,South,Mass Market,22.6,2003-11-25
1457,49,40k-75k,Fair,Northeast,Mass Market,0.2,2026-04-19
1458,63,<40k,Fair,South,Mass Market,1.2,2025-04-19
1459,25,<40k,Poor,Midwest,Mass Market,5.8,2020-09-12
1460,39,<40k,Poor,West,Mass Market,0.9,2025-08-07
1461,56,75k-125k,Poor,Midwest,Mass Market,14.0,2012-07-01
1462,36,<40k,Excellent,West,Mass Market,1.3,2025-03-14
1463,39,75k-125k,Fair,West,Mass Market,3.2,2023-04-20
1464,53,75k-125k,Good,West,Mass Market,12.3,2014-03-14
1465,48,75k-125k,Good,South,Mass Market,5.0,2021-07-01
1466,40,75k-125k,Excellent,Midwest,Mass Market,3.8,2022-09-13
1467,72,40k-75k,Excellent,Northeast,Mass Market,1.3,2025-03-14
1468,56,<40k,Fair,Midwest,Mass Market,6.3,2020-03-13
1469,42,125k-200k,Good,West,Mass Market,1.7,2024-10-19
1470,28,75k-125k,Poor,West,Mass Market,7.4,2019-02-06
1471,49,75k-125k,Good,Midwest,Affluent,12.1,2014-05-26
1472,44,40k-75k,Excellent,South,Mass Market,13.1,2013-05-26
1473,31,125k-200k,Good,Northeast,Mass Market,11.5,2014-12-31
1474,53,75k-125k,Good,West,Mass Market,3.1,2023-05-26
1475,41,40k-75k,Fair,South,Mass Market,1.3,2025-03-14
1476,40,125k-200k,Excellent,Northeast,Mass Market,0.2,2026-04-19
1477,29,200k+,Excellent,South,Affluent,11.3,2015-03-14
1478,37,125k-200k,Excellent,West,Mass Market,3.9,2022-08-07
1479,42,125k-200k,Good,South,Mass Market,2.4,2024-02-06
1480,29,40k-75k,Excellent,West,Affluent,9.7,2016-10-19
1481,62,75k-125k,Fair,West,Mass Market,10.1,2016-05-25
1482,46,75k-125k,Fair,Northeast,Mass Market,2.4,2024-02-06
1483,66,200k+,Good,Midwest,Affluent,19.6,2006-11-25
1484,51,40k-75k,Fair,Midwest,Mass Market,6.8,2019-09-13
1485,28,200k+,Good,Midwest,Affluent,3.9,2022-08-07
1486,39,40k-75k,Good,South,Mass Market,6.5,2019-12-31
1487,21,<40k,Good,West,Mass Market,3.0,2023-07-02
1488,63,125k-200k,Good,Midwest,Affluent,6.3,2020-03-13
1489,52,75k-125k,Good,West,Mass Market,0.2,2026-04-19
1490,62,40k-75k,Excellent,West,Mass Market,6.2,2020-04-19
1491,36,40k-75k,Poor,West,Mass Market,2.2,2024-04-19
1492,38,200k+,Excellent,Northeast,Mass Market,1.9,2024-08-07
1493,59,40k-75k,Good,West,Mass Market,15.0,2011-07-02
1494,36,40k-75k,Good,Midwest,Mass Market,5.3,2021-03-14
1495,37,40k-75k,Fair,South,Mass Market,3.1,2023-05-26
1496,60,75k-125k,Fair,South,Mass Market,5.6,2020-11-24
1497,49,200k+,Excellent,South,Private Banking,0.7,2025-10-19
1498,52,75k-125k,Excellent,West,Private Banking,2.7,2023-10-19
1499,40,<40k,Good,West,Mass Market,3.0,2023-07-02
1500,49,40k-75k,Fair,South,Mass Market,4.7,2021-10-19
1501,48,200k+,Excellent,Midwest,Private Banking,0.2,2026-04-19
1502,34,40k-75k,Good,Northeast,Mass Market,2.0,2024-07-01
1503,39,125k-200k,Fair,West,Mass Market,2.7,2023-10-19
1504,49,125k-200k,Good,Midwest,Affluent,28.0,1998-07-01
1505,41,75k-125k,Good,West,Mass Market,27.9,1998-08-07
1506,47,125k-200k,Excellent,South,Mass Market,3.9,2022-08-07
1507,21,200k+,Fair,Northeast,Mass Market,8.8,2017-09-12
1508,39,40k-75k,Excellent,West,Mass Market,7.1,2019-05-26
1509,46,<40k,Poor,West,Mass Market,7.8,2018-09-13
1510,53,125k-200k,Poor,South,Mass Market,4.3,2022-03-14
1511,65,40k-75k,Excellent,South,Mass Market,27.5,1998-12-31
1512,49,125k-200k,Fair,South,Affluent,4.5,2021-12-31
1513,27,<40k,Good,Midwest,Mass Market,0.2,2026-04-19
1514,53,200k+,Fair,Midwest,Affluent,1.5,2024-12-31
1515,52,<40k,Fair,South,Mass Market,0.5,2025-12-31
1516,22,40k-75k,Fair,Midwest,Mass Market,0.4,2026-02-05
1517,36,200k+,Excellent,Midwest,Private Banking,9.0,2017-07-01
1518,49,125k-200k,Excellent,West,Mass Market,2.3,2024-03-13
1519,69,75k-125k,Good,Midwest,Affluent,5.0,2021-07-01
1520,63,75k-125k,Fair,South,Mass Market,1.7,2024-10-19
1521,43,75k-125k,Good,South,Mass Market,5.7,2020-10-19
1522,63,40k-75k,Good,Northeast,Mass Market,0.6,2025-11-24
1523,47,75k-125k,Poor,South,Mass Market,7.3,2019-03-14
1524,46,40k-75k,Good,Midwest,Mass Market,2.8,2023-09-13
1525,41,200k+,Good,Midwest,Mass Market,7.0,2019-07-02
1526,27,75k-125k,Good,Midwest,Mass Market,4.0,2022-07-01
1527,60,200k+,Good,Northeast,Mass Market,3.3,2023-03-14
1528,51,40k-75k,Good,Midwest,Mass Market,5.7,2020-10-19
1529,37,200k+,Good,West,Mass Market,18.4,2008-02-06
1530,57,75k-125k,Excellent,West,Mass Market,1.3,2025-03-14
1531,29,40k-75k,Good,Northeast,Mass Market,3.9,2022-08-07
1532,52,40k-75k,Good,South,Mass Market,2.1,2024-05-25
1533,55,75k-125k,Good,South,Mass Market,1.9,2024-08-07
1534,22,<40k,Fair,Northeast,Mass Market,3.7,2022-10-19
1535,43,75k-125k,Fair,Northeast,Mass Market,9.9,2016-08-07
1536,39,40k-75k,Poor,West,Mass Market,3.3,2023-03-14
1537,55,125k-200k,Good,Midwest,Affluent,1.2,2025-04-19
1538,41,<40k,Fair,Northeast,Mass Market,3.5,2022-12-31
1539,23,75k-125k,Excellent,South,Mass Market,1.3,2025-03-14
1540,29,200k+,Good,West,Mass Market,2.5,2023-12-31
1541,65,125k-200k,Excellent,South,Affluent,13.1,2013-05-26
1542,46,40k-75k,Good,Midwest,Mass Market,4.3,2022-03-14
1543,35,40k-75k,Fair,South,Mass Market,4.4,2022-02-05
1544,38,75k-125k,Fair,West,Mass Market,15.1,2011-05-26
1545,23,40k-75k,Fair,South,Mass Market,18.2,2008-04-19
1546,29,200k+,Poor,Northeast,Mass Market,16.2,2010-04-19
1547,22,125k-200k,Fair,Midwest,Affluent,3.7,2022-10-19
1548,38,200k+,Excellent,Northeast,Affluent,0.2,2026-04-19
1549,71,40k-75k,Excellent,Northeast,Mass Market,4.7,2021-10-19
1550,44,125k-200k,Good,South,Affluent,2.6,2023-11-25
1551,66,40k-75k,Fair,Northeast,Mass Market,11.8,2014-09-13
1552,60,75k-125k,Good,Midwest,Mass Market,1.7,2024-10-19
1553,82,125k-200k,Fair,Northeast,Affluent,1.7,2024-10-19
1554,50,125k-200k,Good,West,Mass Market,4.5,2021-12-31
1555,52,125k-200k,Poor,Northeast,Affluent,3.4,2023-02-06
1556,63,125k-200k,Excellent,Northeast,Affluent,8.3,2018-03-14
1557,50,75k-125k,Good,West,Mass Market,13.7,2012-10-19
1558,37,<40k,Good,Midwest,Mass Market,15.2,2011-04-20
1559,68,75k-125k,Fair,South,Mass Market,3.3,2023-03-14
1560,46,200k+,Excellent,Northeast,Affluent,7.8,2018-09-13
1561,57,75k-125k,Fair,West,Affluent,2.0,2024-07-01
1562,46,125k-200k,Excellent,South,Mass Market,4.2,2022-04-19
1563,46,75k-125k,Good,West,Mass Market,1.1,2025-05-26
1564,56,75k-125k,Good,Midwest,Mass Market,0.2,2026-04-19
1565,43,75k-125k,Poor,Northeast,Mass Market,7.4,2019-02-06
1566,30,<40k,Good,West,Mass Market,4.8,2021-09-12
1567,56,75k-125k,Excellent,Northeast,Mass Market,1.8,2024-09-12
1568,42,125k-200k,Excellent,Midwest,Affluent,7.9,2018-08-07
1569,21,75k-125k,Fair,West,Mass Market,1.7,2024-10-19
1570,45,125k-200k,Good,Northeast,Mass Market,9.7,2016-10-19
1571,49,125k-200k,Good,Northeast,Mass Market,11.3,2015-03-14
1572,60,40k-75k,Good,West,Mass Market,2.2,2024-04-19
1573,32,200k+,Good,Midwest,Private Banking,3.2,2023-04-20
1574,46,40k-75k,Good,West,Mass Market,6.1,2020-05-25
1575,59,40k-75k,Good,Northeast,Mass Market,11.5,2014-12-31
1576,64,75k-125k,Good,South,Mass Market,4.0,2022-07-01
1577,40,75k-125k,Good,Midwest,Mass Market,2.7,2023-10-19
1578,21,40k-75k,Fair,South,Mass Market,5.4,2021-02-05
1579,30,75k-125k,Fair,South,Mass Market,2.3,2024-03-13
1580,58,200k+,Excellent,South,Private Banking,2.0,2024-07-01
1581,55,75k-125k,Good,South,Mass Market,8.9,2017-08-07
1582,45,40k-75k,Good,Northeast,Mass Market,4.2,2022-04-19
1583,33,75k-125k,Excellent,Midwest,Affluent,19.6,2006-11-25
1584,45,40k-75k,Good,South,Mass Market,2.7,2023-10-19
1585,53,75k-125k,Fair,South,Affluent,3.9,2022-08-07
1586,54,<40k,Good,Northeast,Mass Market,11.0,2015-07-02
1587,60,40k-75k,Fair,West,Mass Market,1.7,2024-10-19
1588,31,<40k,Fair,South,Mass Market,0.8,2025-09-12
1589,34,75k-125k,Fair,South,Mass Market,3.3,2023-03-14
1590,24,40k-75k,Excellent,Midwest,Mass Market,16.4,2010-02-05
1591,33,40k-75k,Good,Midwest,Mass Market,9.7,2016-10-19
1592,27,200k+,Good,West,Affluent,0.5,2025-12-31
1593,46,40k-75k,Good,West,Mass Market,13.1,2013-05-26
1594,46,<40k,Good,South,Mass Market,21.8,2004-09-12
1595,43,40k-75k,Good,South,Mass Market,15.2,2011-04-20
1596,35,40k-75k,Good,West,Affluent,1.7,2024-10-19
1597,27,<40k,Poor,South,Mass Market,0.7,2025-10-19
1598,46,75k-125k,Good,West,Mass Market,11.4,2015-02-06
1599,21,40k-75k,Fair,Northeast,Affluent,9.9,2016-08-07
1600,46,200k+,Excellent,West,Private Banking,5.4,2021-02-05
1601,55,75k-125k,Fair,Northeast,Mass Market,1.6,2024-11-24
1602,29,75k-125k,Poor,Northeast,Mass Market,3.8,2022-09-13
1603,41,75k-125k,Good,West,Mass Market,0.3,2026-03-14
1604,49,75k-125k,Fair,South,Mass Market,1.5,2024-12-31
1605,39,<40k,Good,Northeast,Mass Market,5.9,2020-08-07
1606,82,75k-125k,Good,South,Mass Market,0.6,2025-11-24
1607,61,125k-200k,Fair,Northeast,Mass Market,3.4,2023-02-06
1608,46,<40k,Good,Midwest,Mass Market,1.0,2025-07-01
1609,47,125k-200k,Good,South,Affluent,0.5,2025-12-31
1610,53,40k-75k,Fair,South,Mass Market,2.6,2023-11-25
1611,78,200k+,Good,Northeast,Affluent,4.9,2021-08-07
1612,31,<40k,Fair,South,Mass Market,3.5,2022-12-31
1613,55,75k-125k,Good,Midwest,Mass Market,4.1,2022-05-26
1614,63,200k+,Excellent,West,Affluent,1.6,2024-11-24
1615,24,40k-75k,Excellent,Midwest,Mass Market,2.6,2023-11-25
1616,57,40k-75k,Good,South,Mass Market,9.2,2017-04-19
1617,53,125k-200k,Fair,South,Affluent,3.4,2023-02-06
1618,27,125k-200k,Fair,Midwest,Mass Market,10.5,2015-12-31
1619,28,40k-75k,Good,Midwest,Mass Market,6.8,2019-09-13
1620,42,40k-75k,Excellent,Northeast,Affluent,25.2,2001-04-19
1621,47,75k-125k,Excellent,Northeast,Affluent,10.4,2016-02-06
1622,71,125k-200k,Good,West,Affluent,3.7,2022-10-19
1623,51,200k+,Good,West,Mass Market,0.7,2025-10-19
1624,66,<40k,Poor,Midwest,Mass Market,21.3,2005-03-14
1625,34,<40k,Good,West,Mass Market,20.0,2006-07-01
1626,35,40k-75k,Good,South,Mass Market,1.9,2024-08-07
1627,54,40k-75k,Poor,Midwest,Mass Market,1.1,2025-05-26
1628,31,125k-200k,Excellent,Northeast,Affluent,22.6,2003-11-25
1629,45,200k+,Good,Northeast,Affluent,0.4,2026-02-05
1630,21,200k+,Excellent,Northeast,Affluent,12.6,2013-11-24
1631,56,40k-75k,Fair,Northeast,Mass Market,3.1,2023-05-26
1632,40,200k+,Excellent,Midwest,Private Banking,3.8,2022-09-13
1633,45,75k-125k,Good,South,Mass Market,2.0,2024-07-01
1634,56,200k+,Good,West,Affluent,1.7,2024-10-19
1635,30,125k-200k,Excellent,West,Affluent,10.4,2016-02-06
1636,52,40k-75k,Excellent,Northeast,Mass Market,2.3,2024-03-13
1637,44,75k-125k,Good,Midwest,Mass Market,5.9,2020-08-07
1638,33,125k-200k,Good,Northeast,Mass Market,6.9,2019-08-07
1639,37,125k-200k,Poor,Midwest,Mass Market,5.1,2021-05-26
1640,21,75k-125k,Good,Northeast,Mass Market,8.0,2018-07-01
1641,27,40k-75k,Fair,West,Mass Market,20.0,2006-07-01
1642,55,<40k,Poor,Northeast,Mass Market,19.0,2007-07-02
1643,52,75k-125k,Poor,Northeast,Mass Market,0.8,2025-09-12
1644,53,125k-200k,Fair,South,Affluent,2.4,2024-02-06
1645,50,75k-125k,Excellent,Northeast,Affluent,3.5,2022-12-31
1646,42,125k-200k,Fair,Northeast,Mass Market,15.9,2010-08-07
1647,43,125k-200k,Good,Midwest,Mass Market,0.3,2026-03-14
1648,56,75k-125k,Good,Midwest,Mass Market,1.2,2025-04-19
1649,41,75k-125k,Excellent,Northeast,Mass Market,7.2,2019-04-20
1650,46,200k+,Good,West,Private Banking,1.0,2025-07-01
1651,42,75k-125k,Good,West,Affluent,7.3,2019-03-14
1652,53,75k-125k,Poor,Northeast,Mass Market,1.5,2024-12-31
1653,43,200k+,Fair,South,Mass Market,0.8,2025-09-12
1654,39,200k+,Poor,Northeast,Mass Market,1.2,2025-04-19
1655,54,40k-75k,Excellent,Midwest,Mass Market,0.9,2025-08-07
1656,65,125k-200k,Good,Midwest,Affluent,1.1,2025-05-26
1657,73,125k-200k,Fair,West,Mass Market,3.7,2022-10-19
1658,45,125k-200k,Good,Northeast,Affluent,3.8,2022-09-13
1659,56,75k-125k,Good,Midwest,Affluent,9.8,2016-09-12
1660,81,75k-125k,Good,Northeast,Mass Market,1.8,2024-09-12
1661,61,200k+,Fair,Northeast,Affluent,9.0,2017-07-01
1662,21,<40k,Fair,Midwest,Mass Market,0.5,2025-12-31
1663,57,40k-75k,Fair,Northeast,Affluent,0.3,2026-03-14
1664,56,<40k,Poor,West,Mass Market,10.7,2015-10-19
1665,51,40k-75k,Good,Northeast,Mass Market,3.7,2022-10-19
1666,34,40k-75k,Good,Midwest,Mass Market,21.9,2004-08-07
1667,54,125k-200k,Good,Northeast,Affluent,2.1,2024-05-25
1668,33,75k-125k,Excellent,South,Mass Market,4.3,2022-03-14
1669,41,40k-75k,Good,Northeast,Mass Market,1.3,2025-03-14
1670,28,<40k,Fair,Midwest,Mass Market,0.2,2026-04-19
1671,37,75k-125k,Good,South,Mass Market,14.5,2011-12-31
1672,21,200k+,Fair,Northeast,Private Banking,4.2,2022-04-19
1673,49,200k+,Fair,Midwest,Mass Market,0.2,2026-04-19
1674,66,40k-75k,Excellent,South,Mass Market,10.6,2015-11-25
1675,57,40k-75k,Fair,Midwest,Mass Market,5.4,2021-02-05
1676,40,75k-125k,Fair,Midwest,Mass Market,3.4,2023-02-06
1677,50,75k-125k,Good,Northeast,Affluent,1.9,2024-08-07
1678,21,<40k,Fair,West,Mass Market,13.0,2013-07-01
1679,68,125k-200k,Excellent,Midwest,Mass Market,6.9,2019-08-07
1680,21,75k-125k,Good,Midwest,Affluent,7.3,2019-03-14
1681,51,200k+,Fair,West,Affluent,8.0,2018-07-01
1682,55,75k-125k,Excellent,South,Mass Market,16.2,2010-04-19
1683,46,75k-125k,Good,Midwest,Mass Market,4.1,2022-05-26
1684,45,200k+,Good,South,Mass Market,4.3,2022-03-14
1685,40,40k-75k,Poor,West,Mass Market,6.0,2020-07-01
1686,42,200k+,Poor,West,Mass Market,5.2,2021-04-19
1687,39,200k+,Good,Northeast,Affluent,3.5,2022-12-31
1688,44,200k+,Excellent,Midwest,Private Banking,1.8,2024-09-12
1689,51,75k-125k,Good,South,Mass Market,1.5,2024-12-31
1690,43,75k-125k,Fair,South,Mass Market,5.1,2021-05-26
1691,39,125k-200k,Good,West,Affluent,4.1,2022-05-26
1692,21,<40k,Good,Northeast,Mass Market,3.5,2022-12-31
1693,49,200k+,Excellent,West,Private Banking,4.7,2021-10-19
1694,54,40k-75k,Fair,South,Mass Market,7.4,2019-02-06
1695,63,<40k,Fair,Northeast,Mass Market,5.9,2020-08-07
1696,36,75k-125k,Good,Midwest,Affluent,1.4,2025-02-05
1697,47,<40k,Fair,Northeast,Mass Market,7.3,2019-03-14
1698,43,75k-125k,Fair,West,Mass Market,1.1,2025-05-26
1699,42,<40k,Excellent,Midwest,Affluent,0.3,2026-03-14
1700,38,<40k,Fair,West,Mass Market,4.3,2022-03-14
1701,31,125k-200k,Good,Midwest,Mass Market,2.3,2024-03-13
1702,69,125k-200k,Fair,Northeast,Mass Market,1.8,2024-09-12
1703,39,40k-75k,Good,South,Mass Market,10.8,2015-09-13
1704,40,125k-200k,Excellent,South,Mass Market,4.5,2021-12-31
1705,54,40k-75k,Good,Northeast,Mass Market,4.2,2022-04-19
1706,30,75k-125k,Poor,Northeast,Mass Market,1.8,2024-09-12
1707,41,125k-200k,Good,West,Affluent,0.5,2025-12-31
1708,52,40k-75k,Fair,Midwest,Mass Market,2.3,2024-03-13
1709,40,75k-125k,Poor,West,Mass Market,0.2,2026-04-19
1710,39,125k-200k,Good,South,Affluent,0.7,2025-10-19
1711,21,40k-75k,Good,West,Mass Market,1.3,2025-03-14
1712,30,75k-125k,Poor,Northeast,Mass Market,3.3,2023-03-14
1713,56,125k-200k,Poor,Midwest,Mass Market,7.2,2019-04-20
1714,49,75k-125k,Good,South,Mass Market,10.3,2016-03-13
1715,65,125k-200k,Poor,Midwest,Mass Market,10.5,2015-12-31
1716,55,40k-75k,Excellent,Midwest,Mass Market,4.8,2021-09-12
1717,63,40k-75k,Poor,South,Mass Market,3.0,2023-07-02
1718,49,125k-200k,Fair,West,Mass Market,16.0,2010-07-01
1719,41,200k+,Excellent,Midwest,Private Banking,28.0,1998-07-01
1720,40,75k-125k,Excellent,Midwest,Affluent,1.1,2025-05-26
1721,51,40k-75k,Good,South,Mass Market,8.4,2018-02-05
1722,45,125k-200k,Good,South,Affluent,7.4,2019-02-06
1723,39,40k-75k,Excellent,South,Mass Market,11.8,2014-09-13
1724,42,75k-125k,Fair,West,Mass Market,7.1,2019-05-26
1725,44,40k-75k,Fair,West,Mass Market,10.3,2016-03-13
1726,50,200k+,Good,Northeast,Mass Market,2.2,2024-04-19
1727,32,125k-200k,Good,Midwest,Mass Market,3.5,2022-12-31
1728,53,<40k,Fair,South,Mass Market,0.9,2025-08-07
1729,21,125k-200k,Good,Midwest,Mass Market,4.9,2021-08-07
1730,41,75k-125k,Excellent,Midwest,Mass Market,11.9,2014-08-07
1731,61,40k-75k,Good,Midwest,Mass Market,0.2,2026-04-19
1732,46,75k-125k,Excellent,Northeast,Mass Market,6.1,2020-05-25
1733,39,200k+,Fair,Northeast,Mass Market,11.9,2014-08-07
1734,21,200k+,Good,Midwest,Mass Market,0.2,2026-04-19
1735,39,40k-75k,Excellent,Midwest,Mass Market,3.2,2023-04-20
1736,32,75k-125k,Good,West,Mass Market,8.8,2017-09-12
1737,49,75k-125k,Good,Midwest,Mass Market,3.4,2023-02-06
1738,54,40k-75k,Fair,West,Mass Market,0.4,2026-02-05
1739,61,<40k,Good,South,Affluent,2.2,2024-04-19
1740,49,40k-75k,Good,Northeast,Mass Market,15.7,2010-10-19
1741,56,<40k,Poor,West,Mass Market,3.4,2023-02-06
1742,78,75k-125k,Fair,West,Affluent,1.4,2025-02-05
1743,53,75k-125k,Excellent,South,Mass Market,3.4,2023-02-06
1744,42,200k+,Fair,Midwest,Mass Market,14.7,2011-10-19
1745,21,40k-75k,Good,Northeast,Mass Market,1.2,2025-04-19
1746,41,<40k,Good,West,Mass Market,0.3,2026-03-14
1747,38,75k-125k,Good,South,Mass Market,11.8,2014-09-13
1748,49,40k-75k,Good,Northeast,Mass Market,2.7,2023-10-19
1749,48,125k-200k,Good,Midwest,Mass Market,1.4,2025-02-05
1750,43,75k-125k,Poor,Midwest,Mass Market,6.7,2019-10-19
1751,21,125k-200k,Excellent,West,Mass Market,8.2,2018-04-19
1752,32,75k-125k,Fair,Midwest,Mass Market,13.7,2012-10-19
1753,66,40k-75k,Excellent,South,Mass Market,0.4,2026-02-05
1754,41,75k-125k,Good,Midwest,Affluent,1.2,2025-04-19
1755,21,<40k,Good,South,Mass Market,11.2,2015-04-20
1756,43,75k-125k,Excellent,South,Mass Market,0.7,2025-10-19
1757,22,125k-200k,Fair,Midwest,Mass Market,5.0,2021-07-01
1758,47,125k-200k,Good,Midwest,Mass Market,1.6,2024-11-24
1759,37,200k+,Poor,Northeast,Private Banking,2.3,2024-03-13
1760,44,75k-125k,Excellent,Northeast,Mass Market,1.3,2025-03-14
1761,68,200k+,Good,West,Private Banking,2.0,2024-07-01
1762,25,200k+,Good,South,Affluent,15.0,2011-07-02
1763,40,75k-125k,Poor,Midwest,Mass Market,2.1,2024-05-25
1764,38,<40k,Good,West,Mass Market,1.4,2025-02-05
1765,67,75k-125k,Good,Northeast,Mass Market,4.6,2021-11-24
1766,32,75k-125k,Excellent,Northeast,Mass Market,7.1,2019-05-26
1767,60,40k-75k,Good,Midwest,Mass Market,0.4,2026-02-05
1768,56,75k-125k,Fair,South,Mass Market,9.8,2016-09-12
1769,40,200k+,Good,Midwest,Private Banking,3.7,2022-10-19
1770,54,40k-75k,Good,South,Mass Market,3.7,2022-10-19
1771,35,40k-75k,Poor,West,Affluent,5.3,2021-03-14
1772,52,125k-200k,Fair,West,Affluent,0.2,2026-04-19
1773,59,200k+,Fair,Midwest,Mass Market,2.1,2024-05-25
1774,41,75k-125k,Good,South,Mass Market,5.0,2021-07-01
1775,34,125k-200k,Good,West,Affluent,4.1,2022-05-26
1776,64,<40k,Good,Midwest,Mass Market,8.1,2018-05-26
1777,37,40k-75k,Poor,Midwest,Mass Market,11.0,2015-07-02
1778,37,125k-200k,Fair,West,Mass Market,0.5,2025-12-31
1779,38,40k-75k,Good,Midwest,Affluent,8.0,2018-07-01
1780,28,200k+,Excellent,Midwest,Affluent,2.2,2024-04-19
1781,43,75k-125k,Good,Midwest,Mass Market,4.7,2021-10-19
1782,47,125k-200k,Good,West,Affluent,2.5,2023-12-31
1783,36,75k-125k,Fair,South,Mass Market,2.5,2023-12-31
1784,45,<40k,Excellent,Northeast,Mass Market,4.1,2022-05-26
1785,50,200k+,Good,South,Private Banking,6.1,2020-05-25
1786,23,40k-75k,Fair,West,Mass Market,3.8,2022-09-13
1787,39,40k-75k,Good,South,Mass Market,5.6,2020-11-24
1788,45,75k-125k,Good,Midwest,Mass Market,0.6,2025-11-24
1789,21,40k-75k,Good,West,Mass Market,10.0,2016-07-01
1790,29,40k-75k,Poor,South,Mass Market,1.6,2024-11-24
1791,52,125k-200k,Fair,Northeast,Affluent,6.2,2020-04-19
1792,21,125k-200k,Good,West,Mass Market,6.3,2020-03-13
1793,52,125k-200k,Good,Midwest,Affluent,2.1,2024-05-25
1794,41,125k-200k,Good,West,Affluent,0.4,2026-02-05
1795,33,40k-75k,Excellent,Midwest,Mass Market,8.6,2017-11-24
1796,47,75k-125k,Fair,Northeast,Mass Market,15.8,2010-09-13
1797,57,75k-125k,Good,West,Mass Market,4.2,2022-04-19
1798,42,<40k,Fair,Northeast,Mass Market,3.6,2022-11-25
1799,48,40k-75k,Fair,Midwest,Mass Market,0.3,2026-03-14
1800,47,200k+,Good,West,Private Banking,15.7,2010-10-19
1801,66,75k-125k,Good,Midwest,Mass Market,2.7,2023-10-19
1802,44,125k-200k,Good,Midwest,Mass Market,28.0,1998-07-01
1803,39,75k-125k,Excellent,Midwest,Mass Market,11.8,2014-09-13
1804,35,75k-125k,Fair,West,Mass Market,1.3,2025-03-14
1805,58,75k-125k,Good,South,Mass Market,5.4,2021-02-05
1806,23,125k-200k,Fair,West,Affluent,12.1,2014-05-26
1807,57,125k-200k,Fair,Northeast,Mass Market,11.8,2014-09-13
1808,52,40k-75k,Good,Northeast,Mass Market,5.7,2020-10-19
1809,38,125k-200k,Good,South,Affluent,3.2,2023-04-20
1810,62,<40k,Excellent,Midwest,Mass Market,9.0,2017-07-01
1811,47,75k-125k,Fair,West,Mass Market,7.3,2019-03-14
1812,57,200k+,Good,West,Mass Market,0.7,2025-10-19
1813,51,125k-200k,Excellent,Northeast,Affluent,0.3,2026-03-14
1814,36,75k-125k,Fair,Midwest,Mass Market,6.7,2019-10-19
1815,34,75k-125k,Good,Northeast,Mass Market,0.2,2026-04-19
1816,28,40k-75k,Fair,South,Mass Market,0.6,2025-11-24
1817,45,75k-125k,Fair,West,Mass Market,6.2,2020-04-19
1818,45,75k-125k,Good,South,Mass Market,3.1,2023-05-26
1819,61,<40k,Poor,West,Mass Market,0.8,2025-09-12
1820,60,125k-200k,Excellent,South,Affluent,17.0,2009-07-01
1821,42,40k-75k,Excellent,Northeast,Mass Market,4.2,2022-04-19
1822,55,125k-200k,Excellent,South,Affluent,12.8,2013-09-12
1823,40,75k-125k,Good,South,Mass Market,7.4,2019-02-06
1824,27,75k-125k,Poor,Midwest,Mass Market,3.7,2022-10-19
1825,42,75k-125k,Excellent,Northeast,Mass Market,3.1,2023-05-26
1826,46,200k+,Poor,Midwest,Affluent,13.7,2012-10-19
1827,82,<40k,Good,South,Mass Market,3.6,2022-11-25
1828,62,200k+,Excellent,Midwest,Mass Market,3.6,2022-11-25
1829,47,40k-75k,Good,South,Mass Market,1.1,2025-05-26
1830,21,75k-125k,Good,Midwest,Mass Market,0.4,2026-02-05
1831,62,75k-125k,Excellent,Midwest,Mass Market,0.5,2025-12-31
1832,27,75k-125k,Excellent,South,Mass Market,4.8,2021-09-12
1833,38,75k-125k,Poor,West,Affluent,13.6,2012-11-24
1834,53,40k-75k,Good,Midwest,Mass Market,11.6,2014-11-25
1835,56,40k-75k,Excellent,West,Mass Market,2.3,2024-03-13
1836,36,125k-200k,Excellent,Northeast,Affluent,9.7,2016-10-19
1837,36,125k-200k,Excellent,Midwest,Mass Market,6.2,2020-04-19
1838,56,200k+,Fair,Midwest,Mass Market,16.7,2009-10-19
1839,56,75k-125k,Good,West,Affluent,3.7,2022-10-19
1840,43,200k+,Good,West,Mass Market,5.4,2021-02-05
1841,51,125k-200k,Good,West,Mass Market,15.6,2010-11-25
1842,54,75k-125k,Fair,Midwest,Mass Market,1.3,2025-03-14
1843,38,<40k,Fair,Midwest,Mass Market,1.4,2025-02-05
1844,21,75k-125k,Poor,South,Mass Market,10.6,2015-11-25
1845,45,125k-200k,Good,South,Mass Market,11.6,2014-11-25
1846,52,200k+,Good,Midwest,Affluent,0.9,2025-08-07
1847,39,200k+,Excellent,South,Private Banking,1.7,2024-10-19
1848,31,125k-200k,Excellent,South,Affluent,4.8,2021-09-12
1849,26,200k+,Good,West,Mass Market,14.9,2011-08-07
1850,48,75k-125k,Good,West,Mass Market,12.9,2013-08-07
1851,37,200k+,Excellent,Midwest,Affluent,3.6,2022-11-25
1852,62,40k-75k,Good,South,Mass Market,13.6,2012-11-24
1853,39,125k-200k,Fair,Northeast,Affluent,1.0,2025-07-01
1854,68,40k-75k,Fair,Midwest,Mass Market,11.0,2015-07-02
1855,58,200k+,Good,Midwest,Mass Market,2.4,2024-02-06
1856,27,40k-75k,Good,Northeast,Mass Market,2.1,2024-05-25
1857,47,40k-75k,Excellent,West,Mass Market,10.5,2015-12-31
1858,32,40k-75k,Excellent,West,Mass Market,7.8,2018-09-13
1859,69,75k-125k,Good,West,Mass Market,14.9,2011-08-07
1860,32,125k-200k,Good,South,Mass Market,7.0,2019-07-02
1861,21,40k-75k,Good,Midwest,Mass Market,7.9,2018-08-07
1862,38,200k+,Poor,Northeast,Affluent,1.4,2025-02-05
1863,29,40k-75k,Good,Northeast,Mass Market,21.4,2005-02-05
1864,75,75k-125k,Good,West,Mass Market,1.4,2025-02-05
1865,45,40k-75k,Good,West,Mass Market,7.5,2018-12-31
1866,45,75k-125k,Good,Midwest,Mass Market,14.1,2012-05-25
1867,53,40k-75k,Excellent,Northeast,Mass Market,15.0,2011-07-02
1868,21,200k+,Good,Northeast,Affluent,18.6,2007-11-25
1869,37,75k-125k,Excellent,Midwest,Affluent,3.7,2022-10-19
1870,37,<40k,Fair,South,Mass Market,3.2,2023-04-20
1871,42,40k-75k,Good,South,Mass Market,0.8,2025-09-12
1872,40,40k-75k,Poor,West,Mass Market,14.0,2012-07-01
1873,33,200k+,Fair,South,Mass Market,0.4,2026-02-05
1874,41,125k-200k,Poor,West,Mass Market,10.4,2016-02-06
1875,51,75k-125k,Good,Midwest,Mass Market,6.1,2020-05-25
1876,56,40k-75k,Good,South,Mass Market,5.7,2020-10-19
1877,67,40k-75k,Good,Northeast,Mass Market,0.6,2025-11-24
1878,61,<40k,Fair,West,Mass Market,4.2,2022-04-19
1879,45,<40k,Good,Midwest,Mass Market,2.9,2023-08-07
1880,21,75k-125k,Poor,Northeast,Mass Market,0.8,2025-09-12
1881,56,75k-125k,Poor,West,Mass Market,4.7,2021-10-19
1882,40,<40k,Good,West,Mass Market,0.9,2025-08-07
1883,44,75k-125k,Poor,West,Mass Market,4.3,2022-03-14
1884,26,<40k,Good,West,Mass Market,3.1,2023-05-26
1885,30,75k-125k,Fair,Northeast,Mass Market,8.9,2017-08-07
1886,65,200k+,Poor,Northeast,Private Banking,1.1,2025-05-26
1887,42,200k+,Excellent,Northeast,Affluent,2.4,2024-02-06
1888,43,75k-125k,Good,Midwest,Mass Market,0.8,2025-09-12
1889,51,75k-125k,Good,Northeast,Affluent,1.2,2025-04-19
1890,45,40k-75k,Good,Midwest,Mass Market,14.5,2011-12-31
1891,32,<40k,Fair,Midwest,Mass Market,5.1,2021-05-26
1892,56,<40k,Fair,Northeast,Mass Market,1.6,2024-11-24
1893,44,40k-75k,Fair,West,Mass Market,8.3,2018-03-14
1894,32,40k-75k,Good,Northeast,Mass Market,2.4,2024-02-06
1895,63,125k-200k,Good,South,Private Banking,7.8,2018-09-13
1896,62,75k-125k,Excellent,South,Mass Market,9.5,2016-12-31
1897,30,125k-200k,Good,Northeast,Mass Market,5.0,2021-07-01
1898,43,40k-75k,Fair,West,Mass Market,0.2,2026-04-19
1899,36,<40k,Good,West,Mass Market,1.6,2024-11-24
1900,53,40k-75k,Poor,Northeast,Mass Market,1.0,2025-07-01
1901,82,40k-75k,Good,Northeast,Mass Market,2.5,2023-12-31
1902,71,200k+,Excellent,South,Mass Market,9.8,2016-09-12
1903,64,40k-75k,Good,South,Mass Market,0.3,2026-03-14
1904,58,40k-75k,Fair,Midwest,Mass Market,1.8,2024-09-12
1905,47,<40k,Good,South,Mass Market,12.6,2013-11-24
1906,43,125k-200k,Good,Midwest,Private Banking,14.4,2012-02-06
1907,59,125k-200k,Excellent,West,Mass Market,1.2,2025-04-19
1908,51,200k+,Fair,Midwest,Affluent,3.2,2023-04-20
1909,60,<40k,Excellent,Midwest,Mass Market,4.7,2021-10-19
1910,47,75k-125k,Poor,West,Mass Market,3.0,2023-07-02
1911,32,75k-125k,Good,Midwest,Mass Market,2.5,2023-12-31
1912,32,40k-75k,Fair,Midwest,Mass Market,0.6,2025-11-24
1913,24,125k-200k,Good,South,Mass Market,5.2,2021-04-19
1914,49,75k-125k,Excellent,South,Affluent,1.9,2024-08-07
1915,37,40k-75k,Good,Midwest,Mass Market,9.2,2017-04-19
1916,32,75k-125k,Fair,South,Mass Market,14.7,2011-10-19
1917,45,200k+,Good,West,Affluent,7.2,2019-04-20
1918,82,75k-125k,Good,South,Mass Market,1.0,2025-07-01
1919,44,125k-200k,Excellent,Northeast,Affluent,0.8,2025-09-12
1920,24,75k-125k,Good,West,Mass Market,2.9,2023-08-07
1921,32,40k-75k,Good,Midwest,Affluent,4.6,2021-11-24
1922,36,200k+,Good,West,Mass Market,10.3,2016-03-13
1923,29,<40k,Poor,Northeast,Mass Market,2.3,2024-03-13
1924,38,40k-75k,Good,West,Mass Market,9.7,2016-10-19
1925,30,200k+,Good,Midwest,Affluent,11.5,2014-12-31
1926,53,<40k,Poor,Midwest,Mass Market,0.4,2026-02-05
1927,40,75k-125k,Excellent,Midwest,Mass Market,19.5,2006-12-31
1928,34,200k+,Good,South,Mass Market,4.5,2021-12-31
1929,48,40k-75k,Fair,West,Affluent,0.5,2025-12-31
1930,45,75k-125k,Fair,Northeast,Mass Market,5.6,2020-11-24
1931,21,40k-75k,Good,Midwest,Mass Market,9.4,2017-02-05
1932,50,200k+,Excellent,Midwest,Mass Market,1.4,2025-02-05
1933,44,200k+,Fair,South,Mass Market,7.5,2018-12-31
1934,48,125k-200k,Good,Midwest,Mass Market,0.2,2026-04-19
1935,59,75k-125k,Excellent,West,Mass Market,0.6,2025-11-24
1936,49,75k-125k,Good,West,Mass Market,0.2,2026-04-19
1937,54,125k-200k,Fair,West,Mass Market,5.3,2021-03-14
1938,62,75k-125k,Good,West,Mass Market,0.9,2025-08-07
1939,40,<40k,Fair,Northeast,Mass Market,8.8,2017-09-12
1940,57,40k-75k,Poor,West,Mass Market,4.3,2022-03-14
1941,35,125k-200k,Excellent,Midwest,Private Banking,8.4,2018-02-05
1942,58,75k-125k,Good,Northeast,Mass Market,0.9,2025-08-07
1943,39,75k-125k,Excellent,West,Affluent,0.8,2025-09-12
1944,35,40k-75k,Good,Northeast,Mass Market,1.7,2024-10-19
1945,23,40k-75k,Excellent,West,Mass Market,6.3,2020-03-13
1946,67,75k-125k,Good,Northeast,Mass Market,14.0,2012-07-01
1947,45,75k-125k,Fair,West,Mass Market,1.7,2024-10-19
1948,31,125k-200k,Excellent,Northeast,Affluent,0.6,2025-11-24
1949,43,75k-125k,Poor,Northeast,Mass Market,0.7,2025-10-19
1950,41,75k-125k,Good,Northeast,Affluent,6.1,2020-05-25
1951,52,75k-125k,Fair,Midwest,Affluent,8.1,2018-05-26
1952,29,125k-200k,Fair,Northeast,Private Banking,2.8,2023-09-13
1953,42,75k-125k,Good,Northeast,Mass Market,11.2,2015-04-20
1954,21,125k-200k,Excellent,West,Private Banking,4.4,2022-02-05
1955,32,40k-75k,Fair,South,Mass Market,12.6,2013-11-24
1956,59,40k-75k,Good,South,Mass Market,7.3,2019-03-14
1957,25,40k-75k,Fair,Northeast,Mass Market,28.0,1998-07-01
1958,37,125k-200k,Good,Midwest,Mass Market,17.0,2009-07-01
1959,42,125k-200k,Good,Midwest,Mass Market,5.5,2020-12-31
1960,57,40k-75k,Fair,Northeast,Mass Market,3.1,2023-05-26
1961,32,125k-200k,Good,Midwest,Mass Market,7.9,2018-08-07
1962,64,40k-75k,Fair,West,Mass Market,4.4,2022-02-05
1963,32,125k-200k,Good,Midwest,Affluent,6.9,2019-08-07
1964,58,40k-75k,Fair,West,Affluent,2.2,2024-04-19
1965,54,75k-125k,Good,Northeast,Mass Market,0.6,2025-11-24
1966,27,125k-200k,Poor,South,Mass Market,13.4,2013-02-05
1967,36,75k-125k,Good,South,Mass Market,3.0,2023-07-02
1968,35,75k-125k,Poor,South,Mass Market,3.1,2023-05-26
1969,59,200k+,Fair,South,Mass Market,5.9,2020-08-07
1970,27,125k-200k,Excellent,Northeast,Affluent,1.8,2024-09-12
1971,66,40k-75k,Good,Northeast,Mass Market,1.0,2025-07-01
1972,47,125k-200k,Fair,West,Mass Market,4.8,2021-09-12
1973,48,75k-125k,Good,Midwest,Mass Market,9.4,2017-02-05
1974,56,75k-125k,Fair,West,Mass Market,0.6,2025-11-24
1975,37,75k-125k,Fair,Northeast,Mass Market,1.1,2025-05-26
1976,43,40k-75k,Fair,West,Mass Market,8.4,2018-02-05
1977,48,40k-75k,Fair,South,Mass Market,0.2,2026-04-19
1978,61,125k-200k,Poor,Midwest,Affluent,5.2,2021-04-19
1979,32,40k-75k,Good,Midwest,Mass Market,15.2,2011-04-20
1980,54,75k-125k,Good,South,Mass Market,5.9,2020-08-07
1981,48,125k-200k,Fair,West,Mass Market,3.8,2022-09-13
1982,51,75k-125k,Good,Midwest,Mass Market,21.8,2004-09-12
1983,33,75k-125k,Fair,West,Mass Market,10.6,2015-11-25
1984,48,75k-125k,Good,West,Private Banking,1.3,2025-03-14
1985,62,75k-125k,Excellent,Northeast,Mass Market,5.7,2020-10-19
1986,58,<40k,Good,South,Mass Market,1.8,2024-09-12
1987,60,40k-75k,Fair,South,Mass Market,7.5,2018-12-31
1988,46,125k-200k,Excellent,West,Mass Market,0.2,2026-04-19
1989,31,200k+,Good,Midwest,Affluent,5.6,2020-11-24
1990,44,40k-75k,Poor,South,Mass Market,1.8,2024-09-12
1991,52,125k-200k,Good,Midwest,Affluent,8.4,2018-02-05
1992,59,125k-200k,Excellent,West,Private Banking,9.9,2016-08-07
1993,27,<40k,Good,South,Affluent,4.5,2021-12-31
1994,35,75k-125k,Excellent,South,Mass Market,1.2,2025-04-19
1995,51,40k-75k,Excellent,West,Mass Market,1.3,2025-03-14
1996,45,40k-75k,Excellent,West,Mass Market,4.8,2021-09-12
1997,38,40k-75k,Excellent,South,Mass Market,1.5,2024-12-31
1998,60,75k-125k,Excellent,Midwest,Mass Market,8.2,2018-04-19
1999,28,125k-200k,Fair,Northeast,Mass Market,17.6,2008-11-24
2000,59,40k-75k,Excellent,Midwest,Mass Market,6.3,2020-03-13
2001,49,200k+,Excellent,South,Private Banking,18.3,2008-03-13
2002,44,40k-75k,Good,South,Mass Market,2.7,2023-10-19
2003,50,125k-200k,Good,Midwest,Mass Market,6.0,2020-07-01
2004,46,125k-200k,Good,South,Mass Market,3.7,2022-10-19
2005,34,125k-200k,Fair,Midwest,Private Banking,9.1,2017-05-26
2006,40,75k-125k,Good,Northeast,Mass Market,1.3,2025-03-14
2007,67,200k+,Excellent,Midwest,Mass Market,1.5,2024-12-31
2008,44,40k-75k,Good,West,Mass Market,7.5,2018-12-31
2009,43,40k-75k,Fair,Midwest,Mass Market,1.0,2025-07-01
2010,68,75k-125k,Fair,Northeast,Affluent,15.0,2011-07-02
2011,33,75k-125k,Good,South,Affluent,2.6,2023-11-25
2012,65,40k-75k,Fair,West,Mass Market,1.7,2024-10-19
2013,33,75k-125k,Poor,West,Mass Market,21.4,2005-02-05
2014,74,125k-200k,Excellent,West,Mass Market,0.8,2025-09-12
2015,68,75k-125k,Good,South,Mass Market,2.9,2023-08-07
2016,31,40k-75k,Excellent,Midwest,Mass Market,0.2,2026-04-19
2017,63,200k+,Good,South,Affluent,1.2,2025-04-19
2018,76,75k-125k,Poor,Northeast,Mass Market,17.2,2009-04-19
2019,64,<40k,Fair,South,Mass Market,1.9,2024-08-07
2020,23,75k-125k,Excellent,South,Mass Market,3.0,2023-07-02
2021,45,40k-75k,Good,West,Mass Market,1.4,2025-02-05
2022,28,<40k,Good,West,Mass Market,1.9,2024-08-07
2023,35,75k-125k,Good,South,Affluent,8.0,2018-07-01
2024,41,40k-75k,Good,South,Mass Market,0.5,2025-12-31
2025,42,40k-75k,Excellent,Northeast,Affluent,7.7,2018-10-19
2026,46,40k-75k,Excellent,South,Mass Market,9.2,2017-04-19
2027,32,125k-200k,Poor,West,Private Banking,0.8,2025-09-12
2028,54,<40k,Excellent,Northeast,Mass Market,5.9,2020-08-07
2029,43,75k-125k,Excellent,West,Mass Market,8.8,2017-09-12
2030,52,75k-125k,Good,West,Affluent,1.1,2025-05-26
2031,80,40k-75k,Fair,South,Mass Market,4.1,2022-05-26
2032,41,125k-200k,Good,Northeast,Affluent,16.0,2010-07-01
2033,60,<40k,Good,West,Mass Market,3.8,2022-09-13
2034,53,40k-75k,Good,Midwest,Mass Market,17.6,2008-11-24
2035,46,40k-75k,Good,South,Mass Market,2.9,2023-08-07
2036,33,40k-75k,Excellent,South,Mass Market,5.7,2020-10-19
2037,25,40k-75k,Poor,Midwest,Mass Market,9.5,2016-12-31
2038,35,200k+,Excellent,Midwest,Affluent,12.5,2013-12-31
2039,21,75k-125k,Fair,South,Affluent,1.0,2025-07-01
2040,57,<40k,Good,Northeast,Mass Market,6.5,2019-12-31
2041,65,200k+,Excellent,Northeast,Affluent,1.2,2025-04-19
2042,39,40k-75k,Excellent,South,Mass Market,6.4,2020-02-06
2043,72,200k+,Poor,South,Mass Market,8.1,2018-05-26
2044,71,75k-125k,Good,Midwest,Mass Market,3.6,2022-11-25
2045,37,125k-200k,Excellent,Northeast,Private Banking,2.3,2024-03-13
2046,48,75k-125k,Good,West,Affluent,0.2,2026-04-19
2047,40,<40k,Poor,South,Mass Market,0.7,2025-10-19
2048,47,75k-125k,Fair,Midwest,Mass Market,2.8,2023-09-13
2049,44,125k-200k,Excellent,Northeast,Affluent,8.3,2018-03-14
2050,42,<40k,Fair,South,Mass Market,2.8,2023-09-13
2051,35,40k-75k,Excellent,Midwest,Mass Market,1.5,2024-12-31
2052,46,200k+,Good,Midwest,Private Banking,13.3,2013-03-14
2053,42,125k-200k,Fair,South,Mass Market,4.8,2021-09-12
2054,51,125k-200k,Excellent,South,Mass Market,0.6,2025-11-24
2055,46,75k-125k,Excellent,Northeast,Affluent,5.2,2021-04-19
2056,39,125k-200k,Excellent,South,Affluent,16.1,2010-05-26
2057,44,<40k,Poor,Northeast,Mass Market,8.2,2018-04-19
2058,42,125k-200k,Good,Northeast,Affluent,2.8,2023-09-13
2059,63,75k-125k,Fair,South,Mass Market,0.8,2025-09-12
2060,27,40k-75k,Fair,Northeast,Mass Market,1.6,2024-11-24
2061,54,75k-125k,Good,Midwest,Mass Market,6.9,2019-08-07
2062,31,40k-75k,Poor,South,Mass Market,4.6,2021-11-24
2063,25,200k+,Fair,South,Mass Market,12.2,2014-04-19
2064,58,75k-125k,Good,Midwest,Mass Market,0.6,2025-11-24
2065,42,125k-200k,Good,West,Affluent,2.6,2023-11-25
2066,43,125k-200k,Good,West,Mass Market,1.9,2024-08-07
2067,39,40k-75k,Fair,Northeast,Mass Market,3.5,2022-12-31
2068,53,75k-125k,Fair,Midwest,Mass Market,3.4,2023-02-06
2069,60,75k-125k,Good,West,Affluent,3.2,2023-04-20
2070,48,40k-75k,Fair,Northeast,Mass Market,4.9,2021-08-07
2071,56,75k-125k,Good,Northeast,Mass Market,0.5,2025-12-31
2072,65,200k+,Good,Northeast,Mass Market,6.6,2019-11-25
2073,56,40k-75k,Excellent,Midwest,Mass Market,4.9,2021-08-07
2074,43,125k-200k,Fair,Northeast,Affluent,1.9,2024-08-07
2075,36,200k+,Good,Midwest,Mass Market,2.7,2023-10-19
2076,54,200k+,Good,West,Mass Market,7.0,2019-07-02
2077,35,75k-125k,Excellent,South,Affluent,27.1,1999-05-26
2078,38,125k-200k,Fair,Northeast,Mass Market,2.3,2024-03-13
2079,37,75k-125k,Fair,Midwest,Affluent,13.9,2012-08-07
2080,33,75k-125k,Fair,South,Mass Market,10.7,2015-10-19
2081,44,<40k,Good,Northeast,Mass Market,0.3,2026-03-14
2082,48,75k-125k,Fair,Midwest,Mass Market,1.4,2025-02-05
2083,21,75k-125k,Excellent,West,Affluent,4.3,2022-03-14
2084,49,200k+,Good,South,Mass Market,5.8,2020-09-12
2085,45,75k-125k,Excellent,South,Mass Market,0.2,2026-04-19
2086,37,40k-75k,Fair,Northeast,Mass Market,0.2,2026-04-19
2087,41,125k-200k,Good,Northeast,Mass Market,2.7,2023-10-19
2088,46,200k+,Good,Northeast,Private Banking,11.9,2014-08-07
2089,21,75k-125k,Good,Midwest,Affluent,1.0,2025-07-01
2090,27,125k-200k,Excellent,South,Mass Market,4.2,2022-04-19
2091,35,40k-75k,Good,West,Mass Market,13.8,2012-09-12
2092,22,40k-75k,Fair,Midwest,Affluent,1.6,2024-11-24
2093,61,125k-200k,Good,South,Affluent,1.3,2025-03-14
2094,63,75k-125k,Poor,Northeast,Mass Market,11.0,2015-07-02
2095,27,75k-125k,Excellent,West,Mass Market,1.8,2024-09-12
2096,51,200k+,Good,Northeast,Affluent,1.5,2024-12-31
2097,44,125k-200k,Poor,West,Mass Market,5.3,2021-03-14
2098,31,40k-75k,Good,South,Affluent,10.2,2016-04-19
2099,33,75k-125k,Excellent,West,Mass Market,0.6,2025-11-24
2100,45,125k-200k,Good,South,Affluent,2.6,2023-11-25
2101,34,125k-200k,Good,South,Affluent,11.4,2015-02-06
2102,37,<40k,Good,West,Mass Market,1.0,2025-07-01
2103,36,40k-75k,Fair,Northeast,Mass Market,10.9,2015-08-07
2104,38,125k-200k,Excellent,Midwest,Mass Market,3.8,2022-09-13
2105,32,75k-125k,Fair,Midwest,Mass Market,1.3,2025-03-14
2106,39,75k-125k,Good,Midwest,Affluent,3.5,2022-12-31
2107,32,<40k,Good,Midwest,Mass Market,2.4,2024-02-06
2108,41,75k-125k,Fair,Midwest,Mass Market,6.0,2020-07-01
2109,32,125k-200k,Good,Northeast,Affluent,6.0,2020-07-01
2110,48,200k+,Excellent,South,Affluent,3.6,2022-11-25
2111,35,75k-125k,Good,Midwest,Mass Market,1.9,2024-08-07
2112,34,75k-125k,Fair,West,Mass Market,2.7,2023-10-19
2113,38,125k-200k,Good,West,Affluent,6.4,2020-02-06
2114,45,200k+,Good,South,Private Banking,7.4,2019-02-06
2115,43,75k-125k,Excellent,Northeast,Affluent,18.6,2007-11-25
2116,44,40k-75k,Fair,West,Mass Market,4.0,2022-07-01
2117,47,200k+,Good,Midwest,Affluent,7.8,2018-09-13
2118,41,125k-200k,Good,South,Affluent,2.3,2024-03-13
2119,54,<40k,Good,South,Mass Market,16.8,2009-09-12
2120,38,75k-125k,Excellent,South,Mass Market,11.9,2014-08-07
2121,47,125k-200k,Fair,South,Mass Market,5.3,2021-03-14
2122,39,125k-200k,Fair,Northeast,Mass Market,0.9,2025-08-07
2123,45,40k-75k,Good,Northeast,Mass Market,2.5,2023-12-31
2124,31,125k-200k,Fair,South,Affluent,5.5,2020-12-31
2125,56,40k-75k,Good,Midwest,Mass Market,11.2,2015-04-20
2126,46,40k-75k,Excellent,West,Mass Market,7.1,2019-05-26
2127,49,75k-125k,Poor,South,Mass Market,0.6,2025-11-24
2128,40,75k-125k,Poor,West,Mass Market,1.6,2024-11-24
2129,60,200k+,Excellent,Northeast,Affluent,3.3,2023-03-14
2130,54,125k-200k,Excellent,Midwest,Mass Market,20.9,2005-08-07
2131,59,75k-125k,Good,Midwest,Mass Market,2.7,2023-10-19
2132,43,75k-125k,Good,Midwest,Affluent,9.9,2016-08-07
2133,35,75k-125k,Good,West,Mass Market,2.9,2023-08-07
2134,41,<40k,Fair,South,Mass Market,0.7,2025-10-19
2135,51,200k+,Excellent,Midwest,Private Banking,1.8,2024-09-12
2136,25,200k+,Fair,West,Mass Market,14.1,2012-05-25
2137,27,125k-200k,Excellent,West,Mass Market,15.4,2011-02-06
2138,33,125k-200k,Good,Northeast,Mass Market,1.6,2024-11-24
2139,29,<40k,Good,South,Mass Market,2.6,2023-11-25
2140,47,40k-75k,Excellent,South,Mass Market,2.7,2023-10-19
2141,26,40k-75k,Good,West,Mass Market,5.7,2020-10-19
2142,54,75k-125k,Fair,South,Mass Market,1.7,2024-10-19
2143,42,<40k,Good,Midwest,Mass Market,7.1,2019-05-26
2144,48,125k-200k,Fair,Midwest,Mass Market,2.0,2024-07-01
2145,30,75k-125k,Good,South,Mass Market,14.0,2012-07-01
2146,36,75k-125k,Good,Midwest,Mass Market,0.3,2026-03-14
2147,43,75k-125k,Good,South,Mass Market,1.2,2025-04-19
2148,43,75k-125k,Good,West,Mass Market,11.8,2014-09-13
2149,45,200k+,Fair,Northeast,Mass Market,4.1,2022-05-26
2150,41,75k-125k,Fair,West,Affluent,0.2,2026-04-19
2151,64,40k-75k,Fair,West,Mass Market,3.5,2022-12-31
2152,40,75k-125k,Fair,South,Mass Market,4.1,2022-05-26
2153,45,125k-200k,Excellent,Northeast,Affluent,0.5,2025-12-31
2154,43,40k-75k,Fair,Northeast,Mass Market,8.8,2017-09-12
2155,65,200k+,Excellent,South,Mass Market,5.0,2021-07-01
2156,34,<40k,Good,Northeast,Mass Market,3.6,2022-11-25
2157,58,40k-75k,Good,West,Mass Market,2.1,2024-05-25
2158,35,75k-125k,Poor,West,Mass Market,3.3,2023-03-14
2159,28,75k-125k,Excellent,South,Mass Market,1.2,2025-04-19
2160,47,125k-200k,Good,West,Mass Market,1.7,2024-10-19
2161,49,40k-75k,Poor,West,Mass Market,6.3,2020-03-13
2162,58,75k-125k,Good,West,Mass Market,0.2,2026-04-19
2163,36,40k-75k,Excellent,Midwest,Mass Market,16.3,2010-03-14
2164,29,40k-75k,Good,Northeast,Affluent,2.0,2024-07-01
2165,41,125k-200k,Good,Midwest,Mass Market,4.5,2021-12-31
2166,51,125k-200k,Good,Midwest,Mass Market,1.5,2024-12-31
2167,45,75k-125k,Good,West,Affluent,9.7,2016-10-19
2168,43,40k-75k,Excellent,West,Mass Market,9.4,2017-02-05
2169,51,40k-75k,Good,South,Mass Market,2.4,2024-02-06
2170,51,75k-125k,Good,West,Mass Market,1.4,2025-02-05
2171,68,200k+,Good,Northeast,Mass Market,8.9,2017-08-07
2172,41,75k-125k,Fair,Midwest,Mass Market,11.8,2014-09-13
2173,53,75k-125k,Good,Midwest,Mass Market,2.4,2024-02-06
2174,34,<40k,Fair,Midwest,Mass Market,2.2,2024-04-19
2175,51,40k-75k,Good,Midwest,Mass Market,3.0,2023-07-02
2176,46,200k+,Excellent,Midwest,Private Banking,3.6,2022-11-25
2177,30,75k-125k,Good,Northeast,Affluent,0.4,2026-02-05
2178,36,40k-75k,Excellent,West,Affluent,2.2,2024-04-19
2179,39,125k-200k,Excellent,South,Affluent,0.6,2025-11-24
2180,41,125k-200k,Good,Northeast,Mass Market,3.3,2023-03-14
2181,30,75k-125k,Excellent,Northeast,Mass Market,7.0,2019-07-02
2182,21,75k-125k,Excellent,Midwest,Mass Market,9.0,2017-07-01
2183,44,75k-125k,Good,West,Mass Market,2.3,2024-03-13
2184,27,125k-200k,Good,South,Private Banking,3.4,2023-02-06
2185,32,<40k,Excellent,South,Mass Market,4.6,2021-11-24
2186,29,40k-75k,Fair,Northeast,Mass Market,1.6,2024-11-24
2187,69,<40k,Fair,West,Mass Market,1.6,2024-11-24
2188,58,40k-75k,Excellent,South,Affluent,6.5,2019-12-31
2189,23,200k+,Excellent,Midwest,Affluent,6.2,2020-04-19
2190,42,40k-75k,Excellent,Northeast,Mass Market,4.0,2022-07-01
2191,53,75k-125k,Poor,Midwest,Mass Market,8.5,2017-12-31
2192,53,200k+,Good,Midwest,Affluent,0.2,2026-04-19
2193,37,125k-200k,Poor,West,Affluent,1.6,2024-11-24
2194,59,75k-125k,Excellent,Northeast,Mass Market,16.1,2010-05-26
2195,44,200k+,Good,Midwest,Private Banking,7.4,2019-02-06
2196,39,75k-125k,Excellent,Midwest,Mass Market,3.0,2023-07-02
2197,46,<40k,Good,South,Mass Market,4.6,2021-11-24
2198,38,75k-125k,Good,Northeast,Affluent,9.9,2016-08-07
2199,44,40k-75k,Excellent,West,Affluent,2.1,2024-05-25
2200,31,200k+,Poor,Northeast,Mass Market,4.0,2022-07-01
2201,49,40k-75k,Good,West,Mass Market,3.1,2023-05-26
2202,42,75k-125k,Fair,West,Affluent,5.9,2020-08-07
2203,21,<40k,Excellent,South,Mass Market,4.6,2021-11-24
2204,34,75k-125k,Fair,West,Mass Market,4.7,2021-10-19
2205,44,<40k,Fair,Midwest,Mass Market,2.0,2024-07-01
2206,22,125k-200k,Good,West,Mass Market,4.2,2022-04-19
2207,48,40k-75k,Good,Midwest,Mass Market,9.1,2017-05-26
2208,53,75k-125k,Good,Midwest,Affluent,0.7,2025-10-19
2209,30,40k-75k,Fair,West,Mass Market,4.2,2022-04-19
2210,49,<40k,Excellent,West,Mass Market,0.5,2025-12-31
2211,64,75k-125k,Fair,Northeast,Mass Market,14.2,2012-04-19
2212,65,40k-75k,Fair,West,Mass Market,4.3,2022-03-14
2213,44,200k+,Poor,South,Mass Market,0.7,2025-10-19
2214,44,125k-200k,Fair,Northeast,Mass Market,8.9,2017-08-07
2215,36,75k-125k,Good,South,Mass Market,0.2,2026-04-19
2216,41,75k-125k,Good,Midwest,Mass Market,20.6,2005-11-24
2217,45,75k-125k,Good,West,Affluent,1.0,2025-07-01
2218,40,75k-125k,Good,West,Mass Market,5.8,2020-09-12
2219,38,75k-125k,Fair,West,Mass Market,2.1,2024-05-25
2220,30,75k-125k,Good,South,Mass Market,3.8,2022-09-13
2221,22,75k-125k,Good,Midwest,Mass Market,0.2,2026-04-19
2222,28,40k-75k,Fair,Northeast,Mass Market,13.9,2012-08-07
2223,55,125k-200k,Excellent,South,Mass Market,1.9,2024-08-07
2224,21,<40k,Poor,Northeast,Affluent,4.5,2021-12-31
2225,38,40k-75k,Good,South,Mass Market,28.0,1998-07-01
2226,58,75k-125k,Fair,Northeast,Mass Market,7.1,2019-05-26
2227,37,75k-125k,Good,South,Mass Market,1.6,2024-11-24
2228,51,200k+,Good,West,Mass Market,1.3,2025-03-14
2229,28,200k+,Good,Midwest,Mass Market,0.2,2026-04-19
2230,32,200k+,Good,Northeast,Private Banking,2.7,2023-10-19
2231,64,75k-125k,Good,West,Affluent,0.3,2026-03-14
2232,39,125k-200k,Good,Midwest,Mass Market,18.7,2007-10-19
2233,52,125k-200k,Excellent,South,Private Banking,6.2,2020-04-19
2234,54,125k-200k,Good,Northeast,Mass Market,0.2,2026-04-19
2235,57,125k-200k,Fair,South,Mass Market,0.4,2026-02-05
2236,47,75k-125k,Poor,Northeast,Mass Market,7.9,2018-08-07
2237,44,75k-125k,Excellent,South,Mass Market,0.3,2026-03-14
2238,34,40k-75k,Good,Midwest,Mass Market,9.3,2017-03-14
2239,28,<40k,Excellent,Midwest,Mass Market,0.6,2025-11-24
2240,38,125k-200k,Poor,Northeast,Mass Market,4.6,2021-11-24
2241,33,125k-200k,Good,West,Affluent,4.3,2022-03-14
2242,33,75k-125k,Good,South,Affluent,1.7,2024-10-19
2243,22,40k-75k,Fair,West,Mass Market,2.4,2024-02-06
2244,46,75k-125k,Good,Midwest,Mass Market,0.2,2026-04-19
2245,52,40k-75k,Good,West,Mass Market,10.8,2015-09-13
2246,55,125k-200k,Good,South,Affluent,0.2,2026-04-19
2247,36,200k+,Fair,South,Mass Market,5.1,2021-05-26
2248,48,75k-125k,Good,West,Affluent,4.9,2021-08-07
2249,22,<40k,Fair,Northeast,Mass Market,3.1,2023-05-26
2250,70,125k-200k,Good,Midwest,Mass Market,3.5,2022-12-31
2251,38,40k-75k,Good,Northeast,Mass Market,1.8,2024-09-12
2252,41,125k-200k,Fair,West,Mass Market,2.0,2024-07-01
2253,52,125k-200k,Good,Midwest,Private Banking,10.3,2016-03-13
2254,21,125k-200k,Excellent,West,Private Banking,3.7,2022-10-19
2255,21,<40k,Fair,Midwest,Mass Market,17.7,2008-10-19
2256,43,125k-200k,Excellent,Midwest,Affluent,0.5,2025-12-31
2257,39,75k-125k,Fair,Midwest,Mass Market,1.8,2024-09-12
2258,53,125k-200k,Good,Northeast,Affluent,12.1,2014-05-26
2259,58,75k-125k,Good,South,Mass Market,0.9,2025-08-07
2260,64,<40k,Good,Northeast,Mass Market,0.7,2025-10-19
2261,58,75k-125k,Good,Northeast,Mass Market,9.4,2017-02-05
2262,41,40k-75k,Fair,West,Mass Market,2.3,2024-03-13
2263,64,200k+,Excellent,South,Affluent,1.2,2025-04-19
2264,30,40k-75k,Good,West,Mass Market,0.4,2026-02-05
2265,33,75k-125k,Good,West,Mass Market,1.2,2025-04-19
2266,45,40k-75k,Good,Northeast,Mass Market,2.4,2024-02-06
2267,43,200k+,Excellent,Midwest,Affluent,2.5,2023-12-31
2268,31,125k-200k,Good,Midwest,Mass Market,5.1,2021-05-26
2269,42,75k-125k,Fair,South,Mass Market,0.6,2025-11-24
2270,53,40k-75k,Good,Northeast,Mass Market,0.9,2025-08-07
2271,57,75k-125k,Good,West,Affluent,7.6,2018-11-25
2272,53,<40k,Excellent,West,Mass Market,9.5,2016-12-31
2273,41,200k+,Good,Northeast,Affluent,1.5,2024-12-31
2274,24,200k+,Excellent,Northeast,Private Banking,2.2,2024-04-19
2275,34,75k-125k,Poor,West,Mass Market,0.6,2025-11-24
2276,42,40k-75k,Fair,South,Mass Market,5.1,2021-05-26
2277,50,125k-200k,Excellent,West,Mass Market,3.0,2023-07-02
2278,37,200k+,Excellent,Midwest,Private Banking,9.1,2017-05-26
2279,25,75k-125k,Excellent,Northeast,Mass Market,8.6,2017-11-24
2280,46,125k-200k,Good,South,Mass Market,0.7,2025-10-19
2281,40,75k-125k,Fair,West,Mass Market,7.0,2019-07-02
2282,25,75k-125k,Good,South,Mass Market,1.7,2024-10-19
2283,45,125k-200k,Excellent,Northeast,Mass Market,3.4,2023-02-06
2284,39,200k+,Good,Midwest,Mass Market,1.4,2025-02-05
2285,21,125k-200k,Good,Midwest,Mass Market,6.1,2020-05-25
2286,53,125k-200k,Good,West,Mass Market,1.5,2024-12-31
2287,54,<40k,Fair,Midwest,Mass Market,1.9,2024-08-07
2288,46,40k-75k,Poor,West,Mass Market,4.2,2022-04-19
2289,39,40k-75k,Good,Northeast,Mass Market,2.0,2024-07-01
2290,21,125k-200k,Good,West,Mass Market,4.4,2022-02-05
2291,44,40k-75k,Fair,South,Mass Market,0.7,2025-10-19
2292,28,75k-125k,Good,West,Mass Market,5.3,2021-03-14
2293,48,200k+,Good,Midwest,Affluent,8.2,2018-04-19
2294,33,40k-75k,Excellent,South,Mass Market,8.8,2017-09-12
2295,21,75k-125k,Excellent,West,Mass Market,10.3,2016-03-13
2296,40,40k-75k,Fair,Northeast,Mass Market,2.3,2024-03-13
2297,30,40k-75k,Good,West,Mass Market,3.7,2022-10-19
2298,33,40k-75k,Poor,Northeast,Mass Market,0.6,2025-11-24
2299,21,125k-200k,Fair,Midwest,Mass Market,0.6,2025-11-24
2300,21,<40k,Good,Midwest,Mass Market,2.1,2024-05-25
2301,36,75k-125k,Excellent,Midwest,Mass Market,0.6,2025-11-24
2302,39,40k-75k,Good,West,Mass Market,22.9,2003-08-07
2303,47,75k-125k,Poor,South,Mass Market,3.3,2023-03-14
2304,49,200k+,Excellent,South,Affluent,0.2,2026-04-19
2305,48,125k-200k,Good,Northeast,Mass Market,15.6,2010-11-25
2306,34,75k-125k,Fair,West,Mass Market,8.0,2018-07-01
2307,75,125k-200k,Good,Northeast,Mass Market,2.1,2024-05-25
2308,54,75k-125k,Fair,West,Mass Market,1.2,2025-04-19
2309,49,75k-125k,Excellent,Northeast,Affluent,1.8,2024-09-12
2310,46,75k-125k,Good,Midwest,Mass Market,4.7,2021-10-19
2311,44,40k-75k,Good,West,Mass Market,5.8,2020-09-12
2312,47,40k-75k,Good,West,Mass Market,5.7,2020-10-19
2313,42,40k-75k,Excellent,Midwest,Mass Market,2.8,2023-09-13
2314,63,75k-125k,Poor,West,Affluent,3.8,2022-09-13
2315,53,40k-75k,Good,Midwest,Mass Market,6.2,2020-04-19
2316,38,40k-75k,Good,South,Mass Market,10.4,2016-02-06
2317,39,75k-125k,Fair,South,Mass Market,1.4,2025-02-05
2318,48,200k+,Poor,South,Mass Market,4.7,2021-10-19
2319,59,75k-125k,Good,West,Mass Market,10.3,2016-03-13
2320,46,200k+,Excellent,West,Mass Market,9.6,2016-11-24
2321,50,75k-125k,Fair,South,Affluent,14.1,2012-05-25
2322,65,40k-75k,Poor,South,Mass Market,1.3,2025-03-14
2323,37,125k-200k,Good,Northeast,Affluent,1.2,2025-04-19
2324,49,75k-125k,Good,South,Mass Market,19.8,2006-09-13
2325,60,40k-75k,Good,West,Mass Market,7.2,2019-04-20
2326,66,75k-125k,Fair,Midwest,Mass Market,1.1,2025-05-26
2327,78,200k+,Fair,Northeast,Affluent,1.6,2024-11-24
2328,57,125k-200k,Fair,Midwest,Mass Market,1.4,2025-02-05
2329,47,75k-125k,Good,Northeast,Mass Market,17.8,2008-09-12
2330,37,75k-125k,Fair,Midwest,Mass Market,3.7,2022-10-19
2331,38,75k-125k,Good,South,Mass Market,4.8,2021-09-12
2332,42,125k-200k,Excellent,West,Affluent,11.2,2015-04-20
2333,45,40k-75k,Good,Midwest,Mass Market,2.4,2024-02-06
2334,37,<40k,Good,South,Mass Market,12.3,2014-03-14
2335,51,125k-200k,Good,Midwest,Affluent,3.7,2022-10-19
2336,44,125k-200k,Poor,Northeast,Affluent,1.4,2025-02-05
2337,44,40k-75k,Excellent,South,Mass Market,0.3,2026-03-14
2338,38,75k-125k,Good,West,Mass Market,0.2,2026-04-19
2339,58,75k-125k,Excellent,South,Mass Market,8.9,2017-08-07
2340,56,125k-200k,Excellent,West,Mass Market,7.9,2018-08-07
2341,38,200k+,Fair,West,Affluent,0.8,2025-09-12
2342,59,125k-200k,Excellent,West,Mass Market,4.5,2021-12-31
2343,43,75k-125k,Excellent,Midwest,Affluent,2.0,2024-07-01
2344,58,75k-125k,Excellent,West,Mass Market,15.2,2011-04-20
2345,57,200k+,Excellent,West,Affluent,5.2,2021-04-19
2346,37,125k-200k,Poor,West,Mass Market,1.3,2025-03-14
2347,24,75k-125k,Excellent,Northeast,Mass Market,14.7,2011-10-19
2348,43,200k+,Good,Midwest,Affluent,0.5,2025-12-31
2349,43,75k-125k,Fair,West,Affluent,3.8,2022-09-13
2350,39,75k-125k,Fair,Midwest,Mass Market,3.4,2023-02-06
2351,50,<40k,Good,West,Mass Market,3.0,2023-07-02
2352,45,125k-200k,Excellent,West,Affluent,19.3,2007-03-14
2353,41,75k-125k,Excellent,Midwest,Affluent,6.5,2019-12-31
2354,43,75k-125k,Excellent,Midwest,Affluent,2.0,2024-07-01
2355,21,40k-75k,Good,Midwest,Mass Market,9.1,2017-05-26
2356,26,125k-200k,Good,South,Mass Market,7.9,2018-08-07
2357,34,125k-200k,Excellent,South,Mass Market,8.4,2018-02-05
2358,34,40k-75k,Excellent,South,Affluent,3.3,2023-03-14
2359,32,40k-75k,Excellent,Northeast,Mass Market,6.1,2020-05-25
2360,30,40k-75k,Fair,Northeast,Mass Market,2.0,2024-07-01
2361,45,75k-125k,Good,Midwest,Mass Market,6.4,2020-02-06
2362,32,125k-200k,Good,West,Affluent,12.6,2013-11-24
2363,46,40k-75k,Good,South,Mass Market,5.5,2020-12-31
2364,32,75k-125k,Good,Midwest,Mass Market,0.2,2026-04-19
2365,61,40k-75k,Poor,Midwest,Mass Market,2.9,2023-08-07
2366,49,40k-75k,Excellent,Midwest,Mass Market,0.2,2026-04-19
2367,40,75k-125k,Fair,Midwest,Affluent,1.0,2025-07-01
2368,56,200k+,Excellent,West,Private Banking,4.3,2022-03-14
2369,52,200k+,Good,South,Private Banking,0.3,2026-03-14
2370,34,40k-75k,Fair,Northeast,Mass Market,1.1,2025-05-26
2371,49,75k-125k,Good,Midwest,Mass Market,1.4,2025-02-05
2372,51,75k-125k,Excellent,West,Mass Market,5.6,2020-11-24
2373,21,200k+,Good,Midwest,Affluent,0.9,2025-08-07
2374,34,125k-200k,Good,South,Mass Market,12.1,2014-05-26
2375,40,40k-75k,Excellent,Midwest,Mass Market,1.4,2025-02-05
2376,49,200k+,Poor,Midwest,Affluent,2.7,2023-10-19
2377,21,40k-75k,Excellent,South,Affluent,7.4,2019-02-06
2378,33,125k-200k,Good,Midwest,Mass Market,5.8,2020-09-12
2379,38,75k-125k,Good,West,Mass Market,4.0,2022-07-01
2380,26,75k-125k,Good,South,Affluent,7.7,2018-10-19
2381,29,125k-200k,Good,Midwest,Affluent,8.0,2018-07-01
2382,51,125k-200k,Good,West,Affluent,6.0,2020-07-01
2383,42,200k+,Excellent,Northeast,Affluent,0.6,2025-11-24
2384,47,<40k,Fair,West,Mass Market,4.6,2021-11-24
2385,50,75k-125k,Fair,West,Mass Market,10.0,2016-07-01
2386,62,200k+,Good,South,Mass Market,9.0,2017-07-01
2387,46,125k-200k,Excellent,Northeast,Mass Market,5.7,2020-10-19
2388,56,125k-200k,Fair,Midwest,Affluent,3.1,2023-05-26
2389,41,40k-75k,Good,South,Affluent,1.5,2024-12-31
2390,21,40k-75k,Fair,West,Mass Market,2.7,2023-10-19
2391,68,125k-200k,Good,West,Mass Market,0.2,2026-04-19
2392,31,75k-125k,Good,West,Mass Market,10.1,2016-05-25
2393,36,75k-125k,Fair,West,Mass Market,9.1,2017-05-26
2394,47,200k+,Good,West,Affluent,6.5,2019-12-31
2395,56,200k+,Good,South,Private Banking,1.8,2024-09-12
2396,62,75k-125k,Fair,Midwest,Mass Market,13.9,2012-08-07
2397,29,40k-75k,Good,Midwest,Mass Market,8.4,2018-02-05
2398,45,40k-75k,Good,West,Mass Market,0.5,2025-12-31
2399,34,75k-125k,Good,South,Mass Market,4.6,2021-11-24
2400,50,40k-75k,Excellent,Midwest,Affluent,4.0,2022-07-01
2401,30,<40k,Excellent,Midwest,Mass Market,11.4,2015-02-06
2402,48,75k-125k,Good,South,Mass Market,6.8,2019-09-13
2403,42,75k-125k,Fair,West,Affluent,4.6,2021-11-24
2404,74,<40k,Fair,West,Mass Market,0.4,2026-02-05
2405,38,40k-75k,Fair,West,Mass Market,8.0,2018-07-01
2406,50,40k-75k,Fair,Midwest,Mass Market,2.7,2023-10-19
2407,41,125k-200k,Poor,Midwest,Mass Market,15.8,2010-09-13
2408,49,200k+,Excellent,Northeast,Affluent,2.1,2024-05-25
2409,48,200k+,Good,Midwest,Mass Market,2.4,2024-02-06
2410,44,200k+,Good,South,Mass Market,8.9,2017-08-07
2411,76,125k-200k,Excellent,West,Affluent,3.1,2023-05-26
2412,24,40k-75k,Excellent,Midwest,Mass Market,7.9,2018-08-07
2413,50,75k-125k,Poor,Midwest,Mass Market,5.3,2021-03-14
2414,33,75k-125k,Poor,Midwest,Mass Market,1.8,2024-09-12
2415,45,125k-200k,Excellent,Midwest,Affluent,4.1,2022-05-26
2416,65,125k-200k,Excellent,Northeast,Mass Market,2.1,2024-05-25
2417,44,40k-75k,Good,Northeast,Mass Market,13.0,2013-07-01
2418,39,125k-200k,Good,Northeast,Mass Market,2.9,2023-08-07
2419,31,200k+,Excellent,West,Affluent,9.4,2017-02-05
2420,57,75k-125k,Poor,Northeast,Mass Market,4.3,2022-03-14
2421,38,75k-125k,Excellent,West,Affluent,1.9,2024-08-07
2422,44,75k-125k,Good,South,Mass Market,0.3,2026-03-14
2423,36,75k-125k,Good,West,Mass Market,8.1,2018-05-26
2424,21,75k-125k,Poor,West,Affluent,3.9,2022-08-07
2425,63,75k-125k,Good,West,Mass Market,11.7,2014-10-19
2426,36,40k-75k,Good,South,Mass Market,3.9,2022-08-07
2427,51,40k-75k,Excellent,Midwest,Mass Market,0.2,2026-04-19
2428,51,<40k,Excellent,Northeast,Mass Market,4.6,2021-11-24
2429,36,40k-75k,Excellent,Northeast,Mass Market,15.1,2011-05-26
2430,36,<40k,Fair,South,Mass Market,7.2,2019-04-20
2431,45,125k-200k,Good,Northeast,Affluent,2.2,2024-04-19
2432,47,200k+,Good,West,Mass Market,0.7,2025-10-19
2433,69,125k-200k,Excellent,Midwest,Mass Market,2.2,2024-04-19
2434,56,75k-125k,Excellent,Northeast,Mass Market,5.2,2021-04-19
2435,55,<40k,Good,South,Mass Market,2.0,2024-07-01
2436,50,125k-200k,Fair,Northeast,Mass Market,5.1,2021-05-26
2437,42,125k-200k,Good,Northeast,Private Banking,1.3,2025-03-14
2438,48,75k-125k,Good,Northeast,Mass Market,8.0,2018-07-01
2439,34,125k-200k,Excellent,Midwest,Mass Market,5.8,2020-09-12
2440,52,75k-125k,Excellent,West,Mass Market,1.4,2025-02-05
2441,50,<40k,Poor,Northeast,Mass Market,2.6,2023-11-25
2442,48,75k-125k,Good,Midwest,Affluent,3.8,2022-09-13
2443,29,75k-125k,Good,Northeast,Mass Market,19.8,2006-09-13
2444,64,40k-75k,Fair,South,Mass Market,8.3,2018-03-14
2445,21,75k-125k,Fair,West,Mass Market,0.7,2025-10-19
2446,39,75k-125k,Fair,Northeast,Mass Market,2.6,2023-11-25
2447,50,40k-75k,Excellent,Midwest,Mass Market,15.8,2010-09-13
2448,63,125k-200k,Excellent,South,Mass Market,2.9,2023-08-07
2449,30,75k-125k,Good,South,Mass Market,1.8,2024-09-12
2450,29,200k+,Excellent,South,Affluent,2.5,2023-12-31
2451,65,<40k,Good,Midwest,Mass Market,3.6,2022-11-25
2452,58,40k-75k,Fair,Midwest,Mass Market,1.1,2025-05-26
2453,49,75k-125k,Good,Northeast,Mass Market,6.0,2020-07-01
2454,47,125k-200k,Excellent,West,Affluent,6.2,2020-04-19
2455,34,40k-75k,Poor,South,Mass Market,4.0,2022-07-01
2456,47,125k-200k,Excellent,South,Affluent,9.6,2016-11-24
2457,37,200k+,Fair,West,Affluent,7.5,2018-12-31
2458,54,<40k,Poor,South,Mass Market,8.4,2018-02-05
2459,55,40k-75k,Excellent,South,Mass Market,6.4,2020-02-06
2460,41,75k-125k,Excellent,South,Mass Market,0.2,2026-04-19
2461,23,75k-125k,Excellent,South,Mass Market,1.5,2024-12-31
2462,54,75k-125k,Good,Northeast,Mass Market,0.5,2025-12-31
2463,62,75k-125k,Fair,Midwest,Affluent,11.1,2015-05-26
2464,47,125k-200k,Good,West,Mass Market,8.5,2017-12-31
2465,37,75k-125k,Good,Northeast,Mass Market,9.1,2017-05-26
2466,53,125k-200k,Good,Northeast,Affluent,8.2,2018-04-19
2467,37,40k-75k,Fair,Midwest,Mass Market,2.7,2023-10-19
2468,72,40k-75k,Fair,South,Mass Market,6.5,2019-12-31
2469,38,<40k,Poor,West,Mass Market,6.0,2020-07-01
2470,71,200k+,Fair,Midwest,Affluent,0.9,2025-08-07
2471,52,75k-125k,Poor,West,Mass Market,2.5,2023-12-31
2472,34,75k-125k,Good,Northeast,Mass Market,1.7,2024-10-19
2473,33,75k-125k,Fair,West,Mass Market,2.6,2023-11-25
2474,50,75k-125k,Excellent,West,Mass Market,1.9,2024-08-07
2475,63,200k+,Good,South,Private Banking,21.7,2004-10-19
2476,50,40k-75k,Excellent,West,Mass Market,1.0,2025-07-01
2477,70,125k-200k,Good,West,Mass Market,1.3,2025-03-14
2478,58,75k-125k,Fair,Northeast,Mass Market,1.5,2024-12-31
2479,57,125k-200k,Fair,Midwest,Mass Market,0.8,2025-09-12
2480,21,200k+,Poor,Northeast,Affluent,5.1,2021-05-26
2481,54,75k-125k,Good,Midwest,Mass Market,6.8,2019-09-13
2482,58,125k-200k,Good,South,Affluent,3.8,2022-09-13
2483,58,<40k,Poor,Northeast,Mass Market,8.7,2017-10-19
2484,68,75k-125k,Poor,South,Mass Market,12.6,2013-11-24
2485,45,40k-75k,Good,South,Mass Market,12.2,2014-04-19
2486,26,200k+,Poor,West,Mass Market,1.9,2024-08-07
2487,52,40k-75k,Fair,Midwest,Mass Market,2.5,2023-12-31
2488,69,75k-125k,Good,West,Mass Market,1.5,2024-12-31
2489,55,125k-200k,Good,Midwest,Affluent,4.8,2021-09-12
2490,32,40k-75k,Poor,Midwest,Mass Market,1.3,2025-03-14
2491,36,75k-125k,Poor,West,Mass Market,0.6,2025-11-24
2492,64,40k-75k,Good,Northeast,Mass Market,12.4,2014-02-05
2493,31,125k-200k,Good,South,Affluent,3.1,2023-05-26
2494,50,<40k,Fair,Northeast,Mass Market,1.3,2025-03-14
2495,34,75k-125k,Poor,South,Mass Market,7.2,2019-04-20
2496,28,125k-200k,Good,West,Affluent,10.7,2015-10-19
2497,45,<40k,Good,Northeast,Mass Market,9.2,2017-04-19
2498,55,125k-200k,Good,Northeast,Affluent,15.4,2011-02-06
2499,53,75k-125k,Excellent,Northeast,Private Banking,5.7,2020-10-19
2500,50,<40k,Good,Northeast,Mass Market,4.9,2021-08-07
2501,46,<40k,Fair,Northeast,Mass Market,6.1,2020-05-25
2502,46,40k-75k,Fair,Midwest,Mass Market,1.8,2024-09-12
2503,40,125k-200k,Fair,South,Mass Market,6.2,2020-04-19
2504,43,<40k,Good,Midwest,Mass Market,0.4,2026-02-05
2505,55,40k-75k,Good,Midwest,Mass Market,8.4,2018-02-05
2506,67,<40k,Excellent,Midwest,Mass Market,9.3,2017-03-14
2507,39,75k-125k,Poor,Northeast,Mass Market,2.0,2024-07-01
2508,37,<40k,Fair,West,Mass Market,9.5,2016-12-31
2509,54,75k-125k,Excellent,Northeast,Mass Market,13.3,2013-03-14
2510,23,40k-75k,Good,Midwest,Mass Market,1.6,2024-11-24
2511,53,125k-200k,Good,Northeast,Affluent,11.6,2014-11-25
2512,57,125k-200k,Fair,South,Affluent,9.2,2017-04-19
2513,25,40k-75k,Excellent,South,Mass Market,4.4,2022-02-05
2514,53,200k+,Excellent,South,Affluent,6.0,2020-07-01
2515,66,75k-125k,Good,South,Affluent,2.1,2024-05-25
2516,31,125k-200k,Good,Northeast,Mass Market,2.0,2024-07-01
2517,48,75k-125k,Poor,West,Mass Market,7.3,2019-03-14
2518,38,40k-75k,Excellent,Northeast,Mass Market,0.9,2025-08-07
2519,41,125k-200k,Excellent,West,Mass Market,5.7,2020-10-19
2520,49,125k-200k,Excellent,Midwest,Affluent,6.8,2019-09-13
2521,48,200k+,Good,West,Affluent,1.4,2025-02-05
2522,63,125k-200k,Fair,Midwest,Mass Market,0.2,2026-04-19
2523,38,125k-200k,Fair,Northeast,Mass Market,2.9,2023-08-07
2524,47,40k-75k,Good,Northeast,Mass Market,0.9,2025-08-07
2525,62,75k-125k,Excellent,South,Mass Market,3.6,2022-11-25
2526,60,40k-75k,Excellent,South,Affluent,1.9,2024-08-07
2527,51,75k-125k,Excellent,Northeast,Mass Market,0.5,2025-12-31
2528,39,75k-125k,Good,South,Affluent,1.7,2024-10-19
2529,44,75k-125k,Good,West,Mass Market,2.9,2023-08-07
2530,57,125k-200k,Fair,South,Mass Market,0.3,2026-03-14
2531,46,40k-75k,Excellent,Northeast,Mass Market,19.3,2007-03-14
2532,63,75k-125k,Good,South,Mass Market,12.4,2014-02-05
2533,33,200k+,Good,Northeast,Private Banking,0.7,2025-10-19
2534,49,75k-125k,Poor,Midwest,Affluent,2.0,2024-07-01
2535,30,200k+,Excellent,South,Mass Market,6.3,2020-03-13
2536,37,75k-125k,Good,West,Mass Market,4.6,2021-11-24
2537,59,125k-200k,Fair,South,Mass Market,2.6,2023-11-25
2538,48,40k-75k,Excellent,Midwest,Mass Market,0.8,2025-09-12
2539,44,125k-200k,Poor,South,Affluent,6.9,2019-08-07
2540,38,200k+,Good,Northeast,Mass Market,6.2,2020-04-19
2541,36,200k+,Good,Midwest,Mass Market,1.5,2024-12-31
2542,56,125k-200k,Excellent,West,Mass Market,6.8,2019-09-13
2543,40,40k-75k,Good,Northeast,Mass Market,3.0,2023-07-02
2544,21,40k-75k,Poor,South,Mass Market,2.9,2023-08-07
2545,25,40k-75k,Good,South,Mass Market,4.6,2021-11-24
2546,53,40k-75k,Excellent,South,Mass Market,8.9,2017-08-07
2547,24,125k-200k,Good,South,Mass Market,7.6,2018-11-25
2548,58,125k-200k,Excellent,West,Mass Market,0.2,2026-04-19
2549,63,40k-75k,Fair,West,Mass Market,2.5,2023-12-31
2550,27,40k-75k,Good,Midwest,Mass Market,0.6,2025-11-24
2551,64,125k-200k,Poor,Midwest,Mass Market,4.8,2021-09-12
2552,32,75k-125k,Good,Northeast,Mass Market,2.6,2023-11-25
2553,40,125k-200k,Fair,West,Affluent,1.4,2025-02-05
2554,54,125k-200k,Poor,Midwest,Affluent,1.1,2025-05-26
2555,40,75k-125k,Good,West,Mass Market,2.1,2024-05-25
2556,44,40k-75k,Good,Northeast,Affluent,3.9,2022-08-07
2557,36,125k-200k,Good,West,Affluent,0.9,2025-08-07
2558,48,125k-200k,Excellent,West,Mass Market,3.4,2023-02-06
2559,31,40k-75k,Good,West,Mass Market,9.9,2016-08-07
2560,55,40k-75k,Fair,West,Mass Market,6.4,2020-02-06
2561,31,75k-125k,Fair,South,Mass Market,5.0,2021-07-01
2562,24,<40k,Poor,Midwest,Mass Market,1.9,2024-08-07
2563,44,75k-125k,Fair,West,Mass Market,0.2,2026-04-19
2564,66,200k+,Fair,South,Affluent,4.4,2022-02-05
2565,33,40k-75k,Excellent,Midwest,Mass Market,3.5,2022-12-31
2566,47,<40k,Good,West,Mass Market,3.2,2023-04-20
2567,59,75k-125k,Good,South,Affluent,2.0,2024-07-01
2568,67,200k+,Excellent,Northeast,Private Banking,1.5,2024-12-31
2569,41,75k-125k,Excellent,West,Mass Market,1.0,2025-07-01
2570,30,75k-125k,Good,West,Mass Market,15.1,2011-05-26
2571,28,75k-125k,Good,Midwest,Mass Market,5.6,2020-11-24
2572,31,<40k,Excellent,Midwest,Mass Market,7.3,2019-03-14
2573,57,<40k,Fair,Midwest,Mass Market,23.1,2003-05-26
2574,66,125k-200k,Poor,South,Mass Market,4.7,2021-10-19
2575,33,40k-75k,Fair,West,Mass Market,6.8,2019-09-13
2576,39,200k+,Excellent,South,Private Banking,1.6,2024-11-24
2577,44,125k-200k,Good,West,Affluent,2.1,2024-05-25
2578,42,200k+,Good,Midwest,Affluent,12.7,2013-10-19
2579,43,200k+,Good,South,Affluent,2.1,2024-05-25
2580,49,200k+,Fair,Midwest,Affluent,1.8,2024-09-12
2581,49,<40k,Fair,South,Mass Market,7.8,2018-09-13
2582,65,75k-125k,Fair,South,Mass Market,0.6,2025-11-24
2583,50,200k+,Excellent,Northeast,Mass Market,2.3,2024-03-13
2584,41,40k-75k,Excellent,West,Mass Market,5.2,2021-04-19
2585,38,40k-75k,Good,South,Mass Market,14.5,2011-12-31
2586,59,125k-200k,Fair,Northeast,Mass Market,9.4,2017-02-05
2587,26,<40k,Good,West,Affluent,11.2,2015-04-20
2588,46,40k-75k,Good,South,Mass Market,1.5,2024-12-31
2589,38,200k+,Excellent,South,Affluent,12.2,2014-04-19
2590,32,200k+,Fair,West,Mass Market,9.6,2016-11-24
2591,58,40k-75k,Fair,Midwest,Mass Market,1.7,2024-10-19
2592,26,40k-75k,Good,West,Mass Market,17.7,2008-10-19
2593,43,200k+,Good,South,Mass Market,0.6,2025-11-24
2594,55,75k-125k,Fair,West,Mass Market,2.8,2023-09-13
2595,34,40k-75k,Poor,Northeast,Affluent,9.4,2017-02-05
2596,46,125k-200k,Fair,Northeast,Mass Market,5.8,2020-09-12
2597,47,<40k,Good,South,Mass Market,13.1,2013-05-26
2598,23,<40k,Fair,Midwest,Mass Market,1.1,2025-05-26
2599,60,125k-200k,Poor,South,Affluent,16.2,2010-04-19
2600,24,75k-125k,Excellent,Northeast,Affluent,3.5,2022-12-31
2601,27,200k+,Good,West,Mass Market,2.0,2024-07-01
2602,57,40k-75k,Excellent,Northeast,Affluent,5.7,2020-10-19
2603,64,75k-125k,Excellent,Northeast,Mass Market,3.3,2023-03-14
2604,55,40k-75k,Good,South,Mass Market,6.3,2020-03-13
2605,35,125k-200k,Good,Midwest,Mass Market,2.6,2023-11-25
2606,51,200k+,Excellent,South,Mass Market,0.7,2025-10-19
2607,48,200k+,Poor,South,Affluent,6.0,2020-07-01
2608,37,40k-75k,Fair,Midwest,Mass Market,4.0,2022-07-01
2609,22,75k-125k,Fair,South,Mass Market,3.0,2023-07-02
2610,36,125k-200k,Good,Midwest,Mass Market,4.1,2022-05-26
2611,59,125k-200k,Poor,Northeast,Mass Market,0.4,2026-02-05
2612,61,75k-125k,Good,South,Affluent,2.0,2024-07-01
2613,64,75k-125k,Fair,South,Mass Market,0.4,2026-02-05
2614,34,75k-125k,Excellent,South,Mass Market,2.5,2023-12-31
2615,21,125k-200k,Fair,Northeast,Mass Market,0.8,2025-09-12
2616,44,75k-125k,Fair,South,Mass Market,5.7,2020-10-19
2617,75,<40k,Good,West,Mass Market,5.3,2021-03-14
2618,48,40k-75k,Good,Northeast,Mass Market,6.0,2020-07-01
2619,32,40k-75k,Poor,West,Mass Market,6.4,2020-02-06
2620,40,75k-125k,Good,South,Mass Market,3.2,2023-04-20
2621,43,40k-75k,Good,Northeast,Mass Market,25.4,2001-02-05
2622,52,75k-125k,Excellent,Northeast,Mass Market,1.0,2025-07-01
2623,62,75k-125k,Good,Midwest,Mass Market,8.5,2017-12-31
2624,45,75k-125k,Good,Midwest,Mass Market,9.7,2016-10-19
2625,41,125k-200k,Good,Midwest,Affluent,0.5,2025-12-31
2626,41,125k-200k,Excellent,Midwest,Mass Market,1.9,2024-08-07
2627,28,125k-200k,Fair,West,Mass Market,9.8,2016-09-12
2628,21,75k-125k,Good,Midwest,Mass Market,4.9,2021-08-07
2629,39,75k-125k,Excellent,Midwest,Affluent,20.0,2006-07-01
2630,21,125k-200k,Excellent,West,Mass Market,5.9,2020-08-07
2631,46,40k-75k,Good,South,Mass Market,0.7,2025-10-19
2632,59,40k-75k,Good,West,Mass Market,4.8,2021-09-12
2633,43,200k+,Excellent,West,Mass Market,4.8,2021-09-12
2634,62,40k-75k,Excellent,Midwest,Mass Market,2.6,2023-11-25
2635,47,40k-75k,Excellent,Midwest,Affluent,0.2,2026-04-19
2636,43,125k-200k,Fair,West,Affluent,1.7,2024-10-19
2637,47,200k+,Excellent,West,Private Banking,0.7,2025-10-19
2638,39,75k-125k,Poor,South,Mass Market,7.0,2019-07-02
2639,44,75k-125k,Poor,West,Affluent,12.4,2014-02-05
2640,77,75k-125k,Excellent,Midwest,Mass Market,0.9,2025-08-07
2641,34,40k-75k,Good,West,Mass Market,3.8,2022-09-13
2642,56,75k-125k,Good,West,Mass Market,1.9,2024-08-07
2643,52,75k-125k,Poor,Midwest,Mass Market,19.0,2007-07-02
2644,54,75k-125k,Poor,South,Mass Market,3.5,2022-12-31
2645,37,75k-125k,Fair,West,Mass Market,0.2,2026-04-19
2646,45,40k-75k,Excellent,Midwest,Mass Market,2.4,2024-02-06
2647,59,75k-125k,Poor,South,Mass Market,1.0,2025-07-01
2648,57,125k-200k,Good,West,Mass Market,1.0,2025-07-01
2649,36,<40k,Excellent,Northeast,Mass Market,3.0,2023-07-02
2650,30,200k+,Fair,South,Mass Market,0.2,2026-04-19
2651,33,125k-200k,Good,South,Mass Market,9.4,2017-02-05
2652,54,75k-125k,Fair,West,Mass Market,0.2,2026-04-19
2653,63,40k-75k,Excellent,South,Mass Market,7.9,2018-08-07
2654,48,75k-125k,Excellent,West,Affluent,0.2,2026-04-19
2655,26,<40k,Good,Midwest,Mass Market,10.5,2015-12-31
2656,40,125k-200k,Good,West,Mass Market,6.9,2019-08-07
2657,55,75k-125k,Good,South,Mass Market,3.0,2023-07-02
2658,63,125k-200k,Excellent,Midwest,Affluent,27.4,1999-02-06
2659,42,200k+,Good,Northeast,Mass Market,4.2,2022-04-19
2660,49,200k+,Good,South,Mass Market,1.2,2025-04-19
2661,49,40k-75k,Fair,West,Mass Market,8.6,2017-11-24
2662,49,40k-75k,Good,Midwest,Affluent,14.7,2011-10-19
2663,22,40k-75k,Excellent,West,Mass Market,14.7,2011-10-19
2664,69,40k-75k,Poor,West,Mass Market,0.5,2025-12-31
2665,63,200k+,Fair,South,Affluent,3.0,2023-07-02
2666,50,125k-200k,Excellent,South,Affluent,0.2,2026-04-19
2667,57,200k+,Excellent,Midwest,Mass Market,5.9,2020-08-07
2668,32,200k+,Excellent,Northeast,Private Banking,8.0,2018-07-01
2669,22,75k-125k,Good,West,Affluent,3.2,2023-04-20
2670,36,125k-200k,Excellent,West,Affluent,4.5,2021-12-31
2671,50,200k+,Excellent,Midwest,Affluent,0.9,2025-08-07
2672,43,<40k,Excellent,Northeast,Mass Market,15.8,2010-09-13
2673,21,75k-125k,Good,Midwest,Mass Market,8.4,2018-02-05
2674,59,200k+,Good,Midwest,Mass Market,0.4,2026-02-05
2675,37,75k-125k,Poor,Midwest,Mass Market,5.6,2020-11-24
2676,44,40k-75k,Good,Northeast,Mass Market,3.4,2023-02-06
2677,47,125k-200k,Poor,Northeast,Mass Market,1.0,2025-07-01
2678,29,125k-200k,Good,South,Mass Market,4.4,2022-02-05
2679,38,75k-125k,Good,Midwest,Mass Market,0.3,2026-03-14
2680,65,75k-125k,Excellent,South,Mass Market,8.6,2017-11-24
2681,34,75k-125k,Poor,Northeast,Mass Market,1.1,2025-05-26
2682,43,125k-200k,Good,South,Mass Market,13.0,2013-07-01
2683,42,75k-125k,Excellent,Midwest,Mass Market,2.2,2024-04-19
2684,54,<40k,Fair,Northeast,Mass Market,4.3,2022-03-14
2685,34,75k-125k,Fair,South,Mass Market,2.2,2024-04-19
2686,61,75k-125k,Excellent,Midwest,Mass Market,15.0,2011-07-02
2687,35,<40k,Fair,West,Mass Market,0.6,2025-11-24
2688,57,125k-200k,Fair,West,Affluent,1.5,2024-12-31
2689,47,<40k,Fair,West,Mass Market,3.1,2023-05-26
2690,28,200k+,Excellent,South,Mass Market,1.6,2024-11-24
2691,26,200k+,Excellent,West,Mass Market,9.9,2016-08-07
2692,35,40k-75k,Excellent,South,Mass Market,0.9,2025-08-07
2693,52,75k-125k,Excellent,Northeast,Mass Market,3.3,2023-03-14
2694,56,200k+,Good,Northeast,Private Banking,1.6,2024-11-24
2695,41,75k-125k,Excellent,South,Mass Market,4.2,2022-04-19
2696,54,75k-125k,Good,West,Mass Market,17.6,2008-11-24
2697,33,75k-125k,Good,South,Affluent,2.5,2023-12-31
2698,37,40k-75k,Fair,Midwest,Affluent,0.4,2026-02-05
2699,69,75k-125k,Good,Northeast,Mass Market,3.3,2023-03-14
2700,59,75k-125k,Poor,Northeast,Mass Market,2.6,2023-11-25
2701,45,40k-75k,Excellent,South,Mass Market,2.7,2023-10-19
2702,43,40k-75k,Fair,Northeast,Mass Market,13.0,2013-07-01
2703,52,<40k,Excellent,South,Mass Market,5.8,2020-09-12
2704,67,125k-200k,Good,Midwest,Private Banking,4.2,2022-04-19
2705,60,125k-200k,Good,Northeast,Mass Market,15.0,2011-07-02
2706,28,75k-125k,Good,South,Affluent,5.8,2020-09-12
2707,55,125k-200k,Excellent,South,Private Banking,3.7,2022-10-19
2708,36,40k-75k,Poor,Midwest,Mass Market,3.9,2022-08-07
2709,59,40k-75k,Good,Midwest,Mass Market,0.7,2025-10-19
2710,35,<40k,Fair,West,Mass Market,2.9,2023-08-07
2711,60,<40k,Fair,West,Mass Market,2.1,2024-05-25
2712,32,125k-200k,Good,Midwest,Mass Market,2.8,2023-09-13
2713,21,40k-75k,Good,Midwest,Affluent,2.1,2024-05-25
2714,41,125k-200k,Excellent,Northeast,Mass Market,7.3,2019-03-14
2715,57,75k-125k,Good,Northeast,Mass Market,18.0,2008-07-01
2716,33,75k-125k,Fair,South,Mass Market,15.2,2011-04-20
2717,49,75k-125k,Poor,South,Mass Market,0.9,2025-08-07
2718,21,125k-200k,Good,West,Affluent,12.4,2014-02-05
2719,43,40k-75k,Good,Midwest,Mass Market,1.7,2024-10-19
2720,68,75k-125k,Fair,Northeast,Mass Market,8.2,2018-04-19
2721,44,200k+,Fair,South,Private Banking,6.4,2020-02-06
2722,50,40k-75k,Good,Northeast,Mass Market,3.5,2022-12-31
2723,50,75k-125k,Good,Northeast,Mass Market,1.8,2024-09-12
2724,54,40k-75k,Good,West,Mass Market,4.7,2021-10-19
2725,62,200k+,Fair,South,Affluent,7.6,2018-11-25
2726,52,200k+,Excellent,Northeast,Affluent,16.2,2010-04-19
2727,54,<40k,Fair,South,Mass Market,0.6,2025-11-24
2728,62,75k-125k,Fair,Midwest,Affluent,1.3,2025-03-14
2729,22,125k-200k,Good,Midwest,Mass Market,9.1,2017-05-26
2730,41,75k-125k,Excellent,Northeast,Affluent,5.7,2020-10-19
2731,80,125k-200k,Excellent,Northeast,Affluent,0.7,2025-10-19
2732,30,<40k,Fair,Midwest,Mass Market,5.7,2020-10-19
2733,69,200k+,Excellent,Midwest,Private Banking,21.9,2004-08-07
2734,46,75k-125k,Good,South,Mass Market,4.5,2021-12-31
2735,42,40k-75k,Good,West,Mass Market,11.3,2015-03-14
2736,60,125k-200k,Good,Midwest,Mass Market,1.2,2025-04-19
2737,53,125k-200k,Good,Midwest,Affluent,5.0,2021-07-01
2738,42,75k-125k,Excellent,West,Affluent,3.7,2022-10-19
2739,43,125k-200k,Excellent,Midwest,Affluent,10.9,2015-08-07
2740,42,200k+,Poor,South,Mass Market,1.7,2024-10-19
2741,40,40k-75k,Good,Northeast,Affluent,10.3,2016-03-13
2742,42,<40k,Fair,South,Mass Market,10.8,2015-09-13
2743,29,<40k,Excellent,West,Mass Market,2.0,2024-07-01
2744,21,125k-200k,Excellent,Midwest,Mass Market,4.2,2022-04-19
2745,40,40k-75k,Good,Midwest,Mass Market,1.4,2025-02-05
2746,47,75k-125k,Fair,West,Mass Market,4.9,2021-08-07
2747,55,125k-200k,Fair,West,Mass Market,3.1,2023-05-26
2748,48,<40k,Excellent,South,Mass Market,1.7,2024-10-19
2749,22,<40k,Excellent,Northeast,Mass Market,15.5,2010-12-31
2750,21,75k-125k,Fair,Midwest,Mass Market,2.5,2023-12-31
2751,26,75k-125k,Excellent,Midwest,Affluent,1.4,2025-02-05
2752,27,40k-75k,Good,Midwest,Mass Market,6.2,2020-04-19
2753,38,75k-125k,Good,South,Affluent,0.6,2025-11-24
2754,44,200k+,Fair,West,Mass Market,16.3,2010-03-14
2755,24,40k-75k,Good,South,Mass Market,7.7,2018-10-19
2756,37,125k-200k,Good,Northeast,Private Banking,7.4,2019-02-06
2757,43,75k-125k,Fair,West,Mass Market,0.3,2026-03-14
2758,51,125k-200k,Excellent,Northeast,Affluent,7.8,2018-09-13
2759,38,125k-200k,Fair,South,Mass Market,4.9,2021-08-07
2760,64,40k-75k,Good,Northeast,Mass Market,1.6,2024-11-24
2761,34,200k+,Good,South,Affluent,3.5,2022-12-31
2762,40,75k-125k,Excellent,West,Affluent,0.2,2026-04-19
2763,61,75k-125k,Good,West,Affluent,2.8,2023-09-13
2764,41,125k-200k,Excellent,West,Mass Market,9.1,2017-05-26
2765,54,125k-200k,Good,Midwest,Mass Market,17.3,2009-03-14
2766,57,200k+,Excellent,South,Mass Market,8.5,2017-12-31
2767,21,75k-125k,Fair,West,Mass Market,0.3,2026-03-14
2768,57,125k-200k,Fair,South,Mass Market,2.8,2023-09-13
2769,73,125k-200k,Fair,West,Mass Market,8.1,2018-05-26
2770,21,40k-75k,Good,Midwest,Mass Market,1.8,2024-09-12
2771,23,75k-125k,Good,Northeast,Mass Market,2.9,2023-08-07
2772,55,125k-200k,Good,South,Mass Market,3.4,2023-02-06
2773,42,<40k,Good,South,Mass Market,0.7,2025-10-19
2774,47,125k-200k,Good,Northeast,Mass Market,15.1,2011-05-26
2775,51,40k-75k,Fair,Midwest,Mass Market,8.0,2018-07-01
2776,40,125k-200k,Excellent,Northeast,Private Banking,4.0,2022-07-01
2777,59,75k-125k,Fair,Midwest,Mass Market,2.5,2023-12-31
2778,49,40k-75k,Good,West,Private Banking,2.6,2023-11-25
2779,28,75k-125k,Excellent,Northeast,Affluent,1.2,2025-04-19
2780,32,75k-125k,Poor,South,Affluent,3.7,2022-10-19
2781,21,200k+,Good,Midwest,Affluent,0.2,2026-04-19
2782,21,75k-125k,Excellent,West,Mass Market,0.2,2026-04-19
2783,23,125k-200k,Excellent,Midwest,Private Banking,7.2,2019-04-20
2784,57,75k-125k,Fair,South,Mass Market,4.6,2021-11-24
2785,43,75k-125k,Fair,Northeast,Mass Market,2.0,2024-07-01
2786,65,75k-125k,Excellent,Northeast,Private Banking,2.5,2023-12-31
2787,61,125k-200k,Fair,Midwest,Mass Market,2.7,2023-10-19
2788,36,<40k,Good,South,Affluent,8.4,2018-02-05
2789,35,<40k,Fair,South,Mass Market,1.3,2025-03-14
2790,45,40k-75k,Poor,Northeast,Mass Market,6.0,2020-07-01
2791,58,200k+,Excellent,Northeast,Private Banking,2.8,2023-09-13
2792,28,125k-200k,Fair,South,Mass Market,3.3,2023-03-14
2793,57,75k-125k,Fair,South,Private Banking,5.5,2020-12-31
2794,43,<40k,Fair,West,Mass Market,2.1,2024-05-25
2795,59,200k+,Excellent,Northeast,Private Banking,10.0,2016-07-01
2796,45,40k-75k,Excellent,Midwest,Mass Market,1.1,2025-05-26
2797,22,125k-200k,Excellent,West,Mass Market,5.9,2020-08-07
2798,25,40k-75k,Good,Midwest,Mass Market,9.2,2017-04-19
2799,30,200k+,Excellent,West,Affluent,2.0,2024-07-01
2800,35,40k-75k,Excellent,South,Mass Market,1.4,2025-02-05
2801,24,75k-125k,Good,West,Affluent,8.2,2018-04-19
2802,49,40k-75k,Good,Midwest,Mass Market,3.8,2022-09-13
2803,47,40k-75k,Good,West,Mass Market,2.0,2024-07-01
2804,70,75k-125k,Good,South,Mass Market,0.5,2025-12-31
2805,50,125k-200k,Fair,West,Mass Market,1.6,2024-11-24
2806,48,75k-125k,Excellent,Northeast,Affluent,9.7,2016-10-19
2807,27,125k-200k,Good,South,Affluent,19.2,2007-04-20
2808,25,125k-200k,Excellent,South,Affluent,9.1,2017-05-26
2809,40,75k-125k,Fair,Midwest,Mass Market,2.1,2024-05-25
2810,39,125k-200k,Fair,South,Mass Market,2.4,2024-02-06
2811,36,125k-200k,Good,West,Affluent,18.9,2007-08-07
2812,36,125k-200k,Excellent,Midwest,Mass Market,2.8,2023-09-13
2813,48,75k-125k,Good,Northeast,Mass Market,1.4,2025-02-05
2814,48,40k-75k,Fair,West,Mass Market,3.3,2023-03-14
2815,21,75k-125k,Good,Northeast,Mass Market,6.4,2020-02-06
2816,30,40k-75k,Good,Midwest,Mass Market,4.0,2022-07-01
2817,34,40k-75k,Good,West,Mass Market,7.4,2019-02-06
2818,65,40k-75k,Excellent,South,Mass Market,4.9,2021-08-07
2819,53,125k-200k,Excellent,Northeast,Affluent,10.6,2015-11-25
2820,40,200k+,Excellent,West,Mass Market,1.3,2025-03-14
2821,44,75k-125k,Excellent,South,Mass Market,4.7,2021-10-19
2822,44,200k+,Excellent,Northeast,Affluent,5.3,2021-03-14
2823,49,125k-200k,Good,Midwest,Mass Market,1.3,2025-03-14
2824,40,40k-75k,Fair,Midwest,Mass Market,12.3,2014-03-14
2825,34,125k-200k,Poor,South,Mass Market,3.4,2023-02-06
2826,48,40k-75k,Good,South,Mass Market,4.8,2021-09-12
2827,36,40k-75k,Poor,South,Affluent,1.5,2024-12-31
2828,34,200k+,Excellent,Northeast,Affluent,8.2,2018-04-19
2829,54,<40k,Good,West,Mass Market,12.4,2014-02-05
2830,66,<40k,Fair,South,Mass Market,0.4,2026-02-05
2831,40,75k-125k,Fair,Northeast,Mass Market,2.8,2023-09-13
2832,42,40k-75k,Excellent,West,Mass Market,0.7,2025-10-19
2833,45,40k-75k,Poor,Northeast,Mass Market,3.7,2022-10-19
2834,25,40k-75k,Good,Northeast,Mass Market,1.9,2024-08-07
2835,64,75k-125k,Excellent,South,Mass Market,3.1,2023-05-26
2836,43,40k-75k,Good,Midwest,Mass Market,5.8,2020-09-12
2837,28,75k-125k,Poor,Midwest,Mass Market,2.5,2023-12-31
2838,52,75k-125k,Good,West,Affluent,1.2,2025-04-19
2839,61,75k-125k,Excellent,Northeast,Mass Market,1.7,2024-10-19
2840,51,<40k,Excellent,South,Mass Market,5.5,2020-12-31
2841,31,200k+,Excellent,Midwest,Affluent,14.4,2012-02-06
2842,68,200k+,Fair,Midwest,Mass Market,10.6,2015-11-25
2843,68,75k-125k,Good,Midwest,Affluent,15.1,2011-05-26
2844,45,75k-125k,Fair,West,Mass Market,11.8,2014-09-13
2845,41,125k-200k,Fair,Midwest,Mass Market,6.3,2020-03-13
2846,40,200k+,Poor,West,Affluent,0.3,2026-03-14
2847,53,40k-75k,Excellent,Midwest,Affluent,1.0,2025-07-01
2848,52,75k-125k,Poor,South,Mass Market,2.5,2023-12-31
2849,34,40k-75k,Fair,West,Mass Market,15.2,2011-04-20
2850,54,75k-125k,Excellent,Northeast,Affluent,1.1,2025-05-26
2851,29,125k-200k,Excellent,Midwest,Private Banking,8.8,2017-09-12
2852,58,<40k,Excellent,Northeast,Mass Market,8.5,2017-12-31
2853,21,40k-75k,Good,Midwest,Affluent,17.7,2008-10-19
2854,40,200k+,Excellent,Northeast,Affluent,3.9,2022-08-07
2855,36,200k+,Poor,Northeast,Affluent,1.6,2024-11-24
2856,21,125k-200k,Fair,West,Mass Market,3.9,2022-08-07
2857,40,125k-200k,Poor,Northeast,Mass Market,20.4,2006-02-05
2858,49,40k-75k,Good,Midwest,Mass Market,11.1,2015-05-26
2859,49,40k-75k,Fair,South,Mass Market,28.0,1998-07-01
2860,28,125k-200k,Fair,Midwest,Private Banking,6.4,2020-02-06
2861,47,200k+,Fair,West,Mass Market,1.5,2024-12-31
2862,39,<40k,Fair,Northeast,Mass Market,2.9,2023-08-07
2863,21,200k+,Excellent,Midwest,Affluent,5.1,2021-05-26
2864,47,75k-125k,Good,West,Mass Market,3.6,2022-11-25
2865,47,125k-200k,Excellent,Northeast,Mass Market,0.2,2026-04-19
2866,25,75k-125k,Good,South,Mass Market,2.1,2024-05-25
2867,21,125k-200k,Excellent,Midwest,Affluent,0.2,2026-04-19
2868,30,40k-75k,Good,South,Mass Market,2.9,2023-08-07
2869,52,75k-125k,Excellent,Northeast,Affluent,1.3,2025-03-14
2870,62,125k-200k,Fair,South,Private Banking,6.9,2019-08-07
2871,38,<40k,Excellent,West,Mass Market,8.4,2018-02-05
2872,31,40k-75k,Excellent,Midwest,Affluent,12.8,2013-09-12
2873,52,125k-200k,Poor,Northeast,Mass Market,2.5,2023-12-31
2874,61,75k-125k,Fair,Midwest,Mass Market,0.5,2025-12-31
2875,44,125k-200k,Excellent,Midwest,Mass Market,10.8,2015-09-13
2876,42,<40k,Excellent,West,Mass Market,2.4,2024-02-06
2877,59,75k-125k,Good,South,Mass Market,2.6,2023-11-25
2878,53,40k-75k,Good,Northeast,Mass Market,3.0,2023-07-02
2879,48,40k-75k,Good,Northeast,Mass Market,6.5,2019-12-31
2880,37,200k+,Good,West,Mass Market,5.6,2020-11-24
2881,45,40k-75k,Fair,West,Mass Market,2.6,2023-11-25
2882,32,40k-75k,Excellent,Midwest,Mass Market,2.1,2024-05-25
2883,47,200k+,Excellent,Midwest,Affluent,1.6,2024-11-24
2884,24,125k-200k,Excellent,West,Mass Market,5.2,2021-04-19
2885,28,40k-75k,Excellent,Northeast,Mass Market,8.6,2017-11-24
2886,41,40k-75k,Good,West,Mass Market,3.7,2022-10-19
2887,42,75k-125k,Good,Midwest,Mass Market,4.4,2022-02-05
2888,24,125k-200k,Fair,West,Affluent,1.3,2025-03-14
2889,42,<40k,Good,Northeast,Mass Market,3.0,2023-07-02
2890,47,40k-75k,Poor,Northeast,Mass Market,5.4,2021-02-05
2891,50,75k-125k,Fair,Northeast,Mass Market,5.7,2020-10-19
2892,33,125k-200k,Fair,West,Private Banking,1.4,2025-02-05
2893,32,<40k,Good,Northeast,Mass Market,1.6,2024-11-24
2894,50,<40k,Good,South,Affluent,2.4,2024-02-06
2895,46,75k-125k,Good,South,Mass Market,2.2,2024-04-19
2896,49,200k+,Fair,West,Mass Market,0.6,2025-11-24
2897,56,200k+,Poor,Northeast,Private Banking,17.5,2008-12-31
2898,36,<40k,Good,Midwest,Mass Market,14.7,2011-10-19
2899,37,75k-125k,Good,Northeast,Affluent,3.8,2022-09-13
2900,48,200k+,Excellent,South,Mass Market,11.3,2015-03-14
2901,53,200k+,Excellent,Northeast,Affluent,0.5,2025-12-31
2902,70,125k-200k,Good,South,Affluent,0.2,2026-04-19
2903,52,75k-125k,Excellent,Midwest,Private Banking,10.2,2016-04-19
2904,62,<40k,Fair,Northeast,Mass Market,4.0,2022-07-01
2905,44,125k-200k,Excellent,Midwest,Affluent,3.5,2022-12-31
2906,44,75k-125k,Good,Midwest,Mass Market,2.0,2024-07-01
2907,44,75k-125k,Fair,Midwest,Mass Market,2.9,2023-08-07
2908,72,75k-125k,Good,South,Mass Market,11.0,2015-07-02
2909,56,40k-75k,Excellent,West,Mass Market,1.3,2025-03-14
2910,40,75k-125k,Poor,Northeast,Affluent,7.3,2019-03-14
2911,27,40k-75k,Good,South,Mass Market,7.8,2018-09-13
2912,33,125k-200k,Excellent,South,Affluent,6.4,2020-02-06
2913,25,125k-200k,Good,South,Affluent,1.0,2025-07-01
2914,52,75k-125k,Fair,West,Mass Market,0.7,2025-10-19
2915,31,200k+,Poor,Midwest,Affluent,0.3,2026-03-14
2916,46,40k-75k,Fair,West,Mass Market,7.8,2018-09-13
2917,35,200k+,Excellent,South,Mass Market,1.5,2024-12-31
2918,49,125k-200k,Good,Northeast,Mass Market,1.2,2025-04-19
2919,53,40k-75k,Good,South,Mass Market,1.0,2025-07-01
2920,40,75k-125k,Excellent,Northeast,Affluent,6.6,2019-11-25
2921,57,40k-75k,Fair,West,Mass Market,0.5,2025-12-31
2922,49,<40k,Good,West,Mass Market,28.0,1998-07-01
2923,56,40k-75k,Good,Midwest,Mass Market,3.9,2022-08-07
2924,59,<40k,Good,Midwest,Mass Market,5.1,2021-05-26
2925,66,125k-200k,Excellent,South,Affluent,8.0,2018-07-01
2926,31,125k-200k,Fair,Northeast,Affluent,3.4,2023-02-06
2927,46,200k+,Fair,Midwest,Mass Market,3.2,2023-04-20
2928,40,75k-125k,Good,Midwest,Mass Market,4.0,2022-07-01
2929,74,<40k,Good,West,Mass Market,1.3,2025-03-14
2930,49,40k-75k,Excellent,Northeast,Mass Market,5.1,2021-05-26
2931,21,125k-200k,Good,Northeast,Mass Market,4.2,2022-04-19
2932,32,<40k,Fair,Northeast,Mass Market,6.4,2020-02-06
2933,33,75k-125k,Good,South,Mass Market,1.4,2025-02-05
2934,24,<40k,Good,Midwest,Mass Market,2.5,2023-12-31
2935,35,75k-125k,Fair,South,Affluent,6.7,2019-10-19
2936,49,75k-125k,Fair,South,Mass Market,3.3,2023-03-14
2937,58,200k+,Good,West,Mass Market,6.1,2020-05-25
2938,57,40k-75k,Fair,West,Mass Market,22.8,2003-09-13
2939,42,40k-75k,Fair,South,Mass Market,2.0,2024-07-01
2940,36,75k-125k,Good,South,Affluent,5.4,2021-02-05
2941,33,40k-75k,Excellent,Midwest,Mass Market,1.5,2024-12-31
2942,51,125k-200k,Good,Northeast,Mass Market,0.2,2026-04-19
2943,36,200k+,Poor,South,Affluent,9.8,2016-09-12
2944,46,75k-125k,Fair,South,Mass Market,1.6,2024-11-24
2945,38,75k-125k,Good,West,Mass Market,1.9,2024-08-07
2946,37,200k+,Good,West,Mass Market,3.6,2022-11-25
2947,35,75k-125k,Fair,Northeast,Mass Market,0.5,2025-12-31
2948,21,125k-200k,Good,Northeast,Mass Market,3.3,2023-03-14
2949,51,75k-125k,Poor,West,Mass Market,1.2,2025-04-19
2950,24,75k-125k,Fair,South,Mass Market,0.6,2025-11-24
2951,31,125k-200k,Fair,Midwest,Affluent,0.3,2026-03-14
2952,36,200k+,Fair,Midwest,Mass Market,1.2,2025-04-19
2953,37,75k-125k,Poor,Northeast,Mass Market,5.5,2020-12-31
2954,40,125k-200k,Good,West,Mass Market,12.3,2014-03-14
2955,32,200k+,Excellent,Northeast,Mass Market,9.8,2016-09-12
2956,57,75k-125k,Fair,South,Mass Market,6.2,2020-04-19
2957,41,125k-200k,Good,West,Affluent,0.3,2026-03-14
2958,49,<40k,Excellent,Midwest,Mass Market,5.1,2021-05-26
2959,61,75k-125k,Fair,Northeast,Affluent,1.9,2024-08-07
2960,47,40k-75k,Fair,Northeast,Mass Market,3.1,2023-05-26
2961,33,75k-125k,Fair,Midwest,Mass Market,17.4,2009-02-05
2962,41,40k-75k,Fair,South,Mass Market,10.5,2015-12-31
2963,45,125k-200k,Good,West,Affluent,16.8,2009-09-12
2964,47,200k+,Good,Midwest,Affluent,2.8,2023-09-13
2965,41,75k-125k,Poor,West,Mass Market,16.1,2010-05-26
2966,61,200k+,Fair,Midwest,Affluent,5.6,2020-11-24
2967,41,125k-200k,Excellent,Midwest,Private Banking,15.1,2011-05-26
2968,36,125k-200k,Excellent,West,Affluent,7.0,2019-07-02
2969,31,40k-75k,Good,South,Mass Market,3.0,2023-07-02
2970,49,75k-125k,Good,South,Mass Market,2.6,2023-11-25
2971,67,40k-75k,Excellent,Midwest,Mass Market,1.4,2025-02-05
2972,21,125k-200k,Fair,Northeast,Affluent,2.4,2024-02-06
2973,34,40k-75k,Good,South,Mass Market,4.2,2022-04-19
2974,49,75k-125k,Good,West,Mass Market,4.0,2022-07-01
2975,23,40k-75k,Good,Midwest,Mass Market,22.2,2004-04-19
2976,21,125k-200k,Fair,Midwest,Affluent,0.2,2026-04-19
2977,50,40k-75k,Excellent,Northeast,Mass Market,3.4,2023-02-06
2978,52,40k-75k,Fair,Midwest,Mass Market,9.3,2017-03-14
2979,52,75k-125k,Fair,Northeast,Mass Market,0.2,2026-04-19
2980,53,40k-75k,Fair,Midwest,Mass Market,13.3,2013-03-14
2981,38,75k-125k,Excellent,West,Private Banking,17.8,2008-09-12
2982,42,75k-125k,Fair,West,Mass Market,15.6,2010-11-25
2983,52,125k-200k,Excellent,South,Affluent,28.0,1998-07-01
2984,37,40k-75k,Excellent,South,Mass Market,4.5,2021-12-31
2985,64,200k+,Excellent,West,Affluent,1.0,2025-07-01
2986,50,75k-125k,Fair,South,Mass Market,4.8,2021-09-12
2987,57,125k-200k,Good,Northeast,Mass Market,7.7,2018-10-19
2988,39,40k-75k,Good,Northeast,Mass Market,6.2,2020-04-19
2989,44,<40k,Fair,South,Mass Market,8.1,2018-05-26
2990,58,125k-200k,Good,Midwest,Mass Market,9.7,2016-10-19
2991,33,<40k,Good,Midwest,Mass Market,2.1,2024-05-25
2992,41,40k-75k,Good,Northeast,Mass Market,1.5,2024-12-31
2993,48,125k-200k,Fair,Midwest,Affluent,1.2,2025-04-19
2994,37,75k-125k,Poor,West,Affluent,6.7,2019-10-19
2995,42,125k-200k,Good,South,Mass Market,6.6,2019-11-25
2996,34,200k+,Poor,Midwest,Mass Market,3.4,2023-02-06
2997,38,75k-125k,Good,Midwest,Mass Market,6.5,2019-12-31
2998,38,125k-200k,Good,Northeast,Mass Market,0.8,2025-09-12
2999,39,40k-75k,Fair,West,Mass Market,19.6,2006-11-25
3000,39,125k-200k,Excellent,Northeast,Affluent,2.9,2023-08-07
3001,43,200k+,Fair,Midwest,Private Banking,4.3,2022-03-14
3002,44,125k-200k,Good,West,Affluent,8.3,2018-03-14
3003,21,40k-75k,Fair,Northeast,Mass Market,1.7,2024-10-19
3004,52,200k+,Good,West,Affluent,1.4,2025-02-05
3005,41,<40k,Good,Northeast,Mass Market,2.1,2024-05-25
3006,29,40k-75k,Good,West,Mass Market,3.0,2023-07-02
3007,75,200k+,Good,Northeast,Affluent,2.5,2023-12-31
3008,44,75k-125k,Fair,Midwest,Mass Market,7.0,2019-07-02
3009,56,75k-125k,Good,West,Mass Market,2.3,2024-03-13
3010,49,200k+,Good,West,Affluent,9.6,2016-11-24
3011,49,40k-75k,Good,Midwest,Mass Market,0.9,2025-08-07
3012,37,125k-200k,Excellent,Northeast,Affluent,10.0,2016-07-01
3013,28,200k+,Excellent,South,Private Banking,6.7,2019-10-19
3014,50,125k-200k,Poor,South,Mass Market,3.5,2022-12-31
3015,36,40k-75k,Fair,Northeast,Mass Market,5.2,2021-04-19
3016,24,<40k,Good,Northeast,Mass Market,0.8,2025-09-12
3017,46,125k-200k,Excellent,Midwest,Affluent,10.3,2016-03-13
3018,73,<40k,Good,Northeast,Mass Market,0.9,2025-08-07
3019,33,75k-125k,Good,West,Mass Market,5.5,2020-12-31
3020,70,125k-200k,Excellent,South,Affluent,8.7,2017-10-19
3021,51,200k+,Good,Midwest,Mass Market,4.4,2022-02-05
3022,44,125k-200k,Excellent,Northeast,Affluent,4.2,2022-04-19
3023,55,125k-200k,Excellent,Midwest,Mass Market,2.6,2023-11-25
3024,57,200k+,Good,Northeast,Mass Market,0.7,2025-10-19
3025,52,40k-75k,Poor,South,Mass Market,1.3,2025-03-14
3026,39,125k-200k,Excellent,West,Affluent,4.8,2021-09-12
3027,31,75k-125k,Good,South,Mass Market,0.6,2025-11-24
3028,21,40k-75k,Fair,West,Mass Market,1.9,2024-08-07
3029,51,75k-125k,Fair,West,Mass Market,5.6,2020-11-24
3030,40,125k-200k,Excellent,West,Mass Market,3.8,2022-09-13
3031,44,40k-75k,Fair,West,Mass Market,5.0,2021-07-01
3032,25,125k-200k,Fair,Midwest,Mass Market,4.0,2022-07-01
3033,38,40k-75k,Fair,South,Mass Market,1.3,2025-03-14
3034,58,125k-200k,Poor,Northeast,Mass Market,10.7,2015-10-19
3035,59,40k-75k,Excellent,South,Affluent,0.5,2025-12-31
3036,25,40k-75k,Fair,Midwest,Mass Market,5.5,2020-12-31
3037,43,40k-75k,Fair,Northeast,Mass Market,8.2,2018-04-19
3038,53,200k+,Good,Midwest,Private Banking,0.5,2025-12-31
3039,53,40k-75k,Fair,Midwest,Mass Market,9.8,2016-09-12
3040,57,40k-75k,Excellent,South,Mass Market,6.9,2019-08-07
3041,30,75k-125k,Excellent,South,Affluent,18.7,2007-10-19
3042,33,75k-125k,Good,Northeast,Mass Market,8.7,2017-10-19
3043,58,200k+,Good,Midwest,Private Banking,15.1,2011-05-26
3044,29,125k-200k,Excellent,Midwest,Mass Market,6.7,2019-10-19
3045,49,40k-75k,Good,Northeast,Affluent,4.0,2022-07-01
3046,33,40k-75k,Excellent,Northeast,Mass Market,3.4,2023-02-06
3047,45,40k-75k,Excellent,Northeast,Mass Market,4.7,2021-10-19
3048,34,40k-75k,Excellent,South,Mass Market,1.2,2025-04-19
3049,39,<40k,Fair,West,Mass Market,0.2,2026-04-19
3050,52,<40k,Excellent,West,Mass Market,2.3,2024-03-13
3051,29,<40k,Fair,Northeast,Mass Market,5.9,2020-08-07
3052,39,125k-200k,Good,Northeast,Mass Market,6.8,2019-09-13
3053,66,200k+,Good,South,Affluent,23.9,2002-08-07
3054,47,<40k,Good,Northeast,Affluent,3.2,2023-04-20
3055,26,75k-125k,Poor,Midwest,Mass Market,13.4,2013-02-05
3056,41,<40k,Good,South,Mass Market,8.2,2018-04-19
3057,22,40k-75k,Poor,West,Mass Market,2.4,2024-02-06
3058,51,40k-75k,Good,West,Mass Market,0.6,2025-11-24
3059,29,40k-75k,Good,South,Mass Market,10.2,2016-04-19
3060,54,125k-200k,Fair,Midwest,Mass Market,3.9,2022-08-07
3061,31,40k-75k,Good,South,Mass Market,7.4,2019-02-06
3062,33,40k-75k,Good,Midwest,Mass Market,11.9,2014-08-07
3063,40,75k-125k,Fair,West,Mass Market,1.1,2025-05-26
3064,33,40k-75k,Poor,Northeast,Mass Market,26.8,1999-09-13
3065,28,200k+,Good,Midwest,Affluent,0.3,2026-03-14
3066,61,200k+,Excellent,Midwest,Mass Market,6.7,2019-10-19
3067,52,75k-125k,Fair,South,Mass Market,0.6,2025-11-24
3068,61,75k-125k,Good,Northeast,Mass Market,8.6,2017-11-24
3069,21,40k-75k,Good,Northeast,Mass Market,2.7,2023-10-19
3070,56,200k+,Poor,South,Mass Market,0.2,2026-04-19
3071,45,125k-200k,Poor,South,Mass Market,4.3,2022-03-14
3072,50,40k-75k,Good,Midwest,Mass Market,8.4,2018-02-05
3073,38,200k+,Poor,Midwest,Mass Market,2.3,2024-03-13
3074,52,75k-125k,Fair,Midwest,Mass Market,1.6,2024-11-24
3075,29,75k-125k,Good,Midwest,Mass Market,4.4,2022-02-05
3076,49,75k-125k,Fair,South,Mass Market,28.0,1998-07-01
3077,44,40k-75k,Fair,West,Mass Market,0.2,2026-04-19
3078,29,75k-125k,Good,Northeast,Mass Market,0.8,2025-09-12
3079,65,<40k,Fair,Midwest,Mass Market,3.7,2022-10-19
3080,55,<40k,Fair,Midwest,Mass Market,2.9,2023-08-07
3081,33,125k-200k,Good,South,Mass Market,8.1,2018-05-26
3082,30,40k-75k,Fair,Northeast,Mass Market,2.4,2024-02-06
3083,24,125k-200k,Fair,Northeast,Private Banking,0.7,2025-10-19
3084,65,200k+,Fair,Northeast,Affluent,3.8,2022-09-13
3085,35,<40k,Good,West,Mass Market,1.1,2025-05-26
3086,68,200k+,Fair,Northeast,Affluent,1.9,2024-08-07
3087,46,75k-125k,Excellent,Midwest,Mass Market,0.3,2026-03-14
3088,26,<40k,Excellent,Midwest,Mass Market,5.2,2021-04-19
3089,39,200k+,Fair,South,Mass Market,0.2,2026-04-19
3090,46,75k-125k,Good,West,Mass Market,8.0,2018-07-01
3091,26,125k-200k,Excellent,Northeast,Mass Market,1.0,2025-07-01
3092,25,75k-125k,Excellent,Northeast,Mass Market,2.1,2024-05-25
3093,53,75k-125k,Poor,Northeast,Affluent,7.2,2019-04-20
3094,45,200k+,Good,Northeast,Affluent,5.6,2020-11-24
3095,41,40k-75k,Excellent,Midwest,Mass Market,0.6,2025-11-24
3096,34,<40k,Excellent,Midwest,Mass Market,2.0,2024-07-01
3097,45,125k-200k,Good,Midwest,Affluent,1.4,2025-02-05
3098,54,<40k,Excellent,South,Mass Market,0.8,2025-09-12
3099,33,125k-200k,Fair,Northeast,Mass Market,2.2,2024-04-19
3100,39,200k+,Fair,Midwest,Affluent,1.6,2024-11-24
3101,46,<40k,Excellent,South,Mass Market,11.0,2015-07-02
3102,21,125k-200k,Excellent,South,Affluent,1.0,2025-07-01
3103,50,200k+,Good,Midwest,Mass Market,8.3,2018-03-14
3104,22,75k-125k,Excellent,South,Mass Market,2.8,2023-09-13
3105,40,40k-75k,Excellent,South,Mass Market,4.7,2021-10-19
3106,41,75k-125k,Fair,Northeast,Affluent,0.9,2025-08-07
3107,56,<40k,Poor,South,Mass Market,6.3,2020-03-13
3108,50,75k-125k,Poor,West,Mass Market,12.6,2013-11-24
3109,63,75k-125k,Good,Northeast,Mass Market,8.1,2018-05-26
3110,53,75k-125k,Fair,West,Mass Market,1.8,2024-09-12
3111,54,125k-200k,Fair,South,Mass Market,5.9,2020-08-07
3112,32,40k-75k,Fair,West,Mass Market,9.0,2017-07-01
3113,65,75k-125k,Excellent,Midwest,Affluent,8.3,2018-03-14
3114,71,75k-125k,Good,West,Mass Market,1.8,2024-09-12
3115,46,125k-200k,Good,Midwest,Mass Market,0.6,2025-11-24
3116,30,<40k,Good,Midwest,Mass Market,5.6,2020-11-24
3117,44,40k-75k,Poor,West,Mass Market,4.0,2022-07-01
3118,54,40k-75k,Poor,Midwest,Mass Market,1.0,2025-07-01
3119,53,40k-75k,Fair,West,Mass Market,3.3,2023-03-14
3120,46,200k+,Poor,South,Mass Market,11.2,2015-04-20
3121,39,125k-200k,Good,West,Affluent,26.8,1999-09-13
3122,48,40k-75k,Good,Midwest,Mass Market,28.0,1998-07-01
3123,40,125k-200k,Poor,West,Affluent,6.2,2020-04-19
3124,27,75k-125k,Excellent,Northeast,Mass Market,0.6,2025-11-24
3125,37,125k-200k,Excellent,Northeast,Mass Market,11.9,2014-08-07
3126,51,125k-200k,Excellent,South,Private Banking,8.9,2017-08-07
3127,42,75k-125k,Excellent,South,Mass Market,2.2,2024-04-19
3128,23,40k-75k,Fair,West,Affluent,16.9,2009-08-07
3129,36,75k-125k,Good,Northeast,Mass Market,1.1,2025-05-26
3130,47,75k-125k,Good,South,Mass Market,10.5,2015-12-31
3131,39,75k-125k,Excellent,Midwest,Mass Market,4.3,2022-03-14
3132,38,75k-125k,Good,West,Mass Market,3.0,2023-07-02
3133,48,40k-75k,Excellent,Northeast,Affluent,3.2,2023-04-20
3134,37,75k-125k,Poor,South,Mass Market,2.8,2023-09-13
3135,50,75k-125k,Good,South,Mass Market,1.5,2024-12-31
3136,47,40k-75k,Good,Midwest,Mass Market,14.9,2011-08-07
3137,36,125k-200k,Good,South,Mass Market,0.4,2026-02-05
3138,41,75k-125k,Good,West,Mass Market,4.7,2021-10-19
3139,51,200k+,Good,Midwest,Affluent,16.3,2010-03-14
3140,48,125k-200k,Poor,West,Affluent,1.0,2025-07-01
3141,36,200k+,Excellent,West,Mass Market,5.0,2021-07-01
3142,26,<40k,Fair,West,Mass Market,7.8,2018-09-13
3143,33,200k+,Poor,Northeast,Affluent,1.6,2024-11-24
3144,28,125k-200k,Poor,Midwest,Mass Market,9.6,2016-11-24
3145,55,75k-125k,Excellent,Northeast,Affluent,1.6,2024-11-24
3146,31,40k-75k,Poor,Northeast,Mass Market,5.1,2021-05-26
3147,42,125k-200k,Fair,Midwest,Mass Market,4.7,2021-10-19
3148,31,40k-75k,Fair,Midwest,Mass Market,4.3,2022-03-14
3149,41,75k-125k,Fair,South,Mass Market,3.3,2023-03-14
3150,30,75k-125k,Poor,West,Mass Market,1.7,2024-10-19
3151,55,200k+,Excellent,South,Mass Market,1.2,2025-04-19
3152,49,200k+,Fair,South,Private Banking,4.4,2022-02-05
3153,33,40k-75k,Fair,Midwest,Mass Market,2.6,2023-11-25
3154,45,75k-125k,Excellent,Midwest,Mass Market,6.4,2020-02-06
3155,58,200k+,Good,West,Affluent,3.0,2023-07-02
3156,34,75k-125k,Good,South,Mass Market,4.4,2022-02-05
3157,58,125k-200k,Excellent,West,Affluent,1.7,2024-10-19
3158,49,125k-200k,Excellent,Midwest,Affluent,1.6,2024-11-24
3159,31,75k-125k,Good,West,Mass Market,4.0,2022-07-01
3160,36,125k-200k,Fair,Midwest,Mass Market,7.1,2019-05-26
3161,63,125k-200k,Good,South,Affluent,5.5,2020-12-31
3162,28,125k-200k,Good,West,Mass Market,1.1,2025-05-26
3163,55,125k-200k,Fair,Northeast,Mass Market,5.5,2020-12-31
3164,55,40k-75k,Good,Northeast,Mass Market,1.0,2025-07-01
3165,55,75k-125k,Good,Northeast,Mass Market,2.3,2024-03-13
3166,71,75k-125k,Good,Northeast,Mass Market,2.8,2023-09-13
3167,21,75k-125k,Good,Midwest,Mass Market,1.7,2024-10-19
3168,46,125k-200k,Good,West,Mass Market,4.4,2022-02-05
3169,49,75k-125k,Good,Midwest,Mass Market,15.1,2011-05-26
3170,61,125k-200k,Fair,South,Mass Market,2.9,2023-08-07
3171,41,<40k,Fair,West,Mass Market,6.4,2020-02-06
3172,40,200k+,Excellent,Midwest,Private Banking,1.6,2024-11-24
3173,49,125k-200k,Good,South,Mass Market,0.4,2026-02-05
3174,50,75k-125k,Fair,Northeast,Mass Market,17.7,2008-10-19
3175,58,75k-125k,Excellent,Northeast,Mass Market,13.3,2013-03-14
3176,21,200k+,Poor,West,Mass Market,12.5,2013-12-31
3177,60,40k-75k,Poor,West,Mass Market,4.3,2022-03-14
3178,47,125k-200k,Fair,West,Mass Market,3.7,2022-10-19
3179,39,125k-200k,Excellent,Northeast,Mass Market,6.3,2020-03-13
3180,54,40k-75k,Good,Midwest,Mass Market,1.1,2025-05-26
3181,36,125k-200k,Fair,West,Affluent,15.4,2011-02-06
3182,39,<40k,Good,South,Mass Market,0.9,2025-08-07
3183,41,<40k,Fair,Northeast,Mass Market,6.2,2020-04-19
3184,36,125k-200k,Good,South,Mass Market,0.2,2026-04-19
3185,30,<40k,Poor,West,Mass Market,6.9,2019-08-07
3186,51,125k-200k,Good,South,Mass Market,5.4,2021-02-05
3187,47,<40k,Good,South,Mass Market,9.4,2017-02-05
3188,39,125k-200k,Fair,West,Affluent,7.0,2019-07-02
3189,52,75k-125k,Good,Midwest,Mass Market,6.8,2019-09-13
3190,72,40k-75k,Good,South,Mass Market,1.9,2024-08-07
3191,26,75k-125k,Excellent,South,Mass Market,3.3,2023-03-14
3192,26,125k-200k,Poor,West,Mass Market,0.2,2026-04-19
3193,35,200k+,Good,West,Mass Market,4.9,2021-08-07
3194,36,75k-125k,Poor,South,Mass Market,2.3,2024-03-13
3195,32,40k-75k,Fair,Northeast,Mass Market,4.5,2021-12-31
3196,41,75k-125k,Good,Midwest,Mass Market,3.4,2023-02-06
3197,62,40k-75k,Good,West,Mass Market,2.2,2024-04-19
3198,61,75k-125k,Excellent,Midwest,Mass Market,5.8,2020-09-12
3199,46,75k-125k,Good,South,Mass Market,2.9,2023-08-07
3200,53,40k-75k,Good,West,Affluent,7.5,2018-12-31
3201,25,40k-75k,Good,Northeast,Mass Market,7.1,2019-05-26
3202,48,40k-75k,Good,West,Mass Market,0.6,2025-11-24
3203,50,125k-200k,Excellent,Northeast,Affluent,10.1,2016-05-25
3204,41,75k-125k,Fair,Midwest,Mass Market,6.0,2020-07-01
3205,58,75k-125k,Poor,Midwest,Mass Market,23.6,2002-11-25
3206,71,75k-125k,Fair,West,Mass Market,15.2,2011-04-20
3207,35,75k-125k,Poor,West,Mass Market,6.3,2020-03-13
3208,59,<40k,Fair,Midwest,Mass Market,0.2,2026-04-19
3209,49,200k+,Good,West,Affluent,4.0,2022-07-01
3210,49,125k-200k,Fair,South,Mass Market,9.6,2016-11-24
3211,34,40k-75k,Good,Northeast,Mass Market,9.1,2017-05-26
3212,54,40k-75k,Excellent,West,Mass Market,18.9,2007-08-07
3213,56,75k-125k,Fair,West,Mass Market,0.6,2025-11-24
3214,21,125k-200k,Good,West,Affluent,6.2,2020-04-19
3215,58,125k-200k,Excellent,Northeast,Affluent,4.5,2021-12-31
3216,50,40k-75k,Excellent,West,Mass Market,1.4,2025-02-05
3217,46,75k-125k,Fair,South,Affluent,1.4,2025-02-05
3218,21,75k-125k,Fair,South,Mass Market,5.1,2021-05-26
3219,52,200k+,Excellent,West,Private Banking,12.3,2014-03-14
3220,44,200k+,Excellent,Midwest,Affluent,1.4,2025-02-05
3221,49,75k-125k,Good,West,Mass Market,0.8,2025-09-12
3222,49,200k+,Poor,Midwest,Affluent,11.0,2015-07-02
3223,28,125k-200k,Excellent,West,Mass Market,7.9,2018-08-07
3224,59,125k-200k,Good,South,Private Banking,4.9,2021-08-07
3225,21,<40k,Poor,West,Mass Market,2.8,2023-09-13
3226,27,125k-200k,Good,South,Affluent,0.2,2026-04-19
3227,66,125k-200k,Good,Northeast,Mass Market,5.0,2021-07-01
3228,37,40k-75k,Good,South,Affluent,10.3,2016-03-13
3229,57,40k-75k,Fair,West,Mass Market,7.6,2018-11-25
3230,53,75k-125k,Good,Northeast,Mass Market,2.3,2024-03-13
3231,50,200k+,Good,Northeast,Mass Market,1.0,2025-07-01
3232,38,<40k,Good,West,Mass Market,0.2,2026-04-19
3233,47,125k-200k,Good,Northeast,Affluent,3.1,2023-05-26
3234,44,40k-75k,Good,South,Mass Market,4.1,2022-05-26
3235,49,40k-75k,Good,West,Affluent,0.3,2026-03-14
3236,40,40k-75k,Poor,West,Mass Market,3.4,2023-02-06
3237,43,125k-200k,Fair,Midwest,Mass Market,9.6,2016-11-24
3238,54,125k-200k,Good,West,Affluent,3.7,2022-10-19
3239,36,40k-75k,Excellent,Midwest,Mass Market,8.1,2018-05-26
3240,64,40k-75k,Fair,Northeast,Mass Market,4.4,2022-02-05
3241,60,<40k,Good,Northeast,Mass Market,16.9,2009-08-07
3242,72,75k-125k,Fair,West,Mass Market,4.6,2021-11-24
3243,45,200k+,Good,Northeast,Affluent,12.1,2014-05-26
3244,38,125k-200k,Good,West,Affluent,3.8,2022-09-13
3245,55,125k-200k,Excellent,Midwest,Mass Market,8.3,2018-03-14
3246,50,40k-75k,Good,Northeast,Mass Market,4.7,2021-10-19
3247,51,200k+,Excellent,Northeast,Mass Market,13.6,2012-11-24
3248,82,125k-200k,Poor,South,Mass Market,1.4,2025-02-05
3249,33,125k-200k,Good,Midwest,Affluent,6.7,2019-10-19
3250,47,125k-200k,Fair,Midwest,Mass Market,12.0,2014-07-01
3251,49,<40k,Excellent,West,Mass Market,5.9,2020-08-07
3252,52,40k-75k,Good,West,Mass Market,4.9,2021-08-07
3253,54,75k-125k,Good,South,Mass Market,2.6,2023-11-25
3254,50,200k+,Excellent,Midwest,Mass Market,6.6,2019-11-25
3255,58,75k-125k,Good,Northeast,Affluent,7.5,2018-12-31
3256,45,125k-200k,Good,South,Affluent,0.3,2026-03-14
3257,21,125k-200k,Fair,South,Mass Market,3.0,2023-07-02
3258,39,125k-200k,Excellent,West,Affluent,1.6,2024-11-24
3259,71,75k-125k,Excellent,Midwest,Mass Market,23.2,2003-04-20
3260,21,75k-125k,Good,Northeast,Affluent,1.5,2024-12-31
3261,33,<40k,Fair,Midwest,Mass Market,2.9,2023-08-07
3262,56,125k-200k,Fair,South,Mass Market,12.8,2013-09-12
3263,32,125k-200k,Good,Midwest,Mass Market,12.3,2014-03-14
3264,21,40k-75k,Good,Midwest,Affluent,4.1,2022-05-26
3265,54,75k-125k,Excellent,Northeast,Mass Market,10.7,2015-10-19
3266,34,40k-75k,Good,Midwest,Mass Market,0.8,2025-09-12
3267,82,200k+,Good,West,Affluent,3.0,2023-07-02
3268,50,125k-200k,Excellent,Northeast,Private Banking,5.6,2020-11-24
3269,48,200k+,Good,South,Affluent,0.2,2026-04-19
3270,55,125k-200k,Excellent,Midwest,Mass Market,5.6,2020-11-24
3271,72,75k-125k,Good,West,Mass Market,28.0,1998-07-01
3272,47,40k-75k,Fair,South,Mass Market,9.0,2017-07-01
3273,26,<40k,Excellent,South,Mass Market,0.5,2025-12-31
3274,46,200k+,Excellent,Northeast,Private Banking,7.3,2019-03-14
3275,21,75k-125k,Fair,Midwest,Affluent,7.8,2018-09-13
3276,55,125k-200k,Good,West,Mass Market,20.7,2005-10-19
3277,33,75k-125k,Poor,Northeast,Mass Market,0.8,2025-09-12
3278,43,75k-125k,Fair,South,Mass Market,4.7,2021-10-19
3279,64,75k-125k,Poor,South,Mass Market,0.7,2025-10-19
3280,42,125k-200k,Fair,Northeast,Mass Market,10.4,2016-02-06
3281,36,75k-125k,Poor,Northeast,Mass Market,0.2,2026-04-19
3282,47,125k-200k,Excellent,Northeast,Mass Market,11.8,2014-09-13
3283,56,75k-125k,Good,Northeast,Private Banking,10.2,2016-04-19
3284,41,40k-75k,Poor,South,Mass Market,5.3,2021-03-14
3285,39,<40k,Fair,Northeast,Mass Market,16.7,2009-10-19
3286,40,75k-125k,Good,Northeast,Mass Market,3.7,2022-10-19
3287,21,200k+,Excellent,Midwest,Affluent,5.0,2021-07-01
3288,28,200k+,Poor,West,Mass Market,2.9,2023-08-07
3289,50,75k-125k,Fair,South,Mass Market,2.9,2023-08-07
3290,43,40k-75k,Fair,Midwest,Mass Market,2.7,2023-10-19
3291,21,<40k,Good,Midwest,Mass Market,8.3,2018-03-14
3292,48,125k-200k,Good,Northeast,Mass Market,6.5,2019-12-31
3293,35,200k+,Excellent,South,Affluent,5.0,2021-07-01
3294,43,75k-125k,Fair,South,Affluent,2.0,2024-07-01
3295,34,40k-75k,Poor,Northeast,Mass Market,11.6,2014-11-25
3296,37,125k-200k,Good,Midwest,Mass Market,1.7,2024-10-19
3297,29,40k-75k,Good,Midwest,Mass Market,1.1,2025-05-26
3298,69,40k-75k,Excellent,Northeast,Mass Market,0.2,2026-04-19
3299,50,75k-125k,Fair,Midwest,Affluent,0.4,2026-02-05
3300,39,75k-125k,Good,West,Mass Market,6.2,2020-04-19
3301,51,75k-125k,Fair,Midwest,Mass Market,13.9,2012-08-07
3302,57,<40k,Poor,Northeast,Mass Market,2.2,2024-04-19
3303,37,75k-125k,Good,Midwest,Mass Market,4.8,2021-09-12
3304,45,75k-125k,Good,West,Mass Market,0.5,2025-12-31
3305,44,40k-75k,Good,Northeast,Mass Market,0.4,2026-02-05
3306,26,40k-75k,Excellent,South,Mass Market,6.2,2020-04-19
3307,61,40k-75k,Good,South,Mass Market,2.1,2024-05-25
3308,37,75k-125k,Good,West,Affluent,1.4,2025-02-05
3309,45,<40k,Good,Midwest,Mass Market,0.7,2025-10-19
3310,48,75k-125k,Fair,South,Mass Market,7.2,2019-04-20
3311,36,125k-200k,Excellent,South,Private Banking,1.3,2025-03-14
3312,58,75k-125k,Good,Northeast,Mass Market,0.9,2025-08-07
3313,71,40k-75k,Good,Northeast,Mass Market,1.3,2025-03-14
3314,58,125k-200k,Fair,South,Mass Market,1.1,2025-05-26
3315,62,125k-200k,Good,Midwest,Mass Market,4.1,2022-05-26
3316,45,<40k,Good,Midwest,Mass Market,0.8,2025-09-12
3317,43,40k-75k,Good,Midwest,Mass Market,0.3,2026-03-14
3318,55,40k-75k,Fair,Midwest,Mass Market,9.3,2017-03-14
3319,61,125k-200k,Poor,West,Mass Market,4.2,2022-04-19
3320,52,<40k,Fair,South,Mass Market,14.2,2012-04-19
3321,51,75k-125k,Fair,Midwest,Affluent,2.4,2024-02-06
3322,31,75k-125k,Good,South,Mass Market,0.8,2025-09-12
3323,75,40k-75k,Good,South,Mass Market,2.8,2023-09-13
3324,31,40k-75k,Poor,West,Mass Market,1.8,2024-09-12
3325,25,40k-75k,Good,South,Mass Market,15.9,2010-08-07
3326,64,75k-125k,Fair,Northeast,Affluent,1.2,2025-04-19
3327,45,200k+,Good,Midwest,Affluent,3.9,2022-08-07
3328,59,200k+,Good,West,Affluent,1.1,2025-05-26
3329,70,200k+,Good,Midwest,Private Banking,7.9,2018-08-07
3330,69,125k-200k,Good,South,Mass Market,8.5,2017-12-31
3331,61,125k-200k,Fair,West,Mass Market,7.8,2018-09-13
3332,43,125k-200k,Good,Midwest,Mass Market,10.8,2015-09-13
3333,28,75k-125k,Excellent,Midwest,Mass Market,19.4,2007-02-06
3334,28,75k-125k,Excellent,Midwest,Mass Market,0.8,2025-09-12
3335,33,75k-125k,Excellent,Northeast,Private Banking,1.0,2025-07-01
3336,56,40k-75k,Poor,Midwest,Mass Market,2.0,2024-07-01
3337,44,75k-125k,Good,West,Mass Market,7.8,2018-09-13
3338,52,75k-125k,Good,South,Affluent,9.0,2017-07-01
3339,29,200k+,Excellent,Midwest,Mass Market,25.9,2000-08-07
3340,66,40k-75k,Excellent,South,Mass Market,0.4,2026-02-05
3341,66,<40k,Excellent,Midwest,Mass Market,6.6,2019-11-25
3342,23,125k-200k,Excellent,West,Mass Market,20.5,2005-12-31
3343,66,75k-125k,Poor,West,Mass Market,14.7,2011-10-19
3344,43,200k+,Good,South,Private Banking,4.5,2021-12-31
3345,31,200k+,Poor,Midwest,Mass Market,0.2,2026-04-19
3346,36,75k-125k,Fair,South,Mass Market,4.6,2021-11-24
3347,45,75k-125k,Fair,Northeast,Mass Market,4.1,2022-05-26
3348,32,75k-125k,Good,Midwest,Private Banking,1.0,2025-07-01
3349,61,125k-200k,Excellent,South,Affluent,1.4,2025-02-05
3350,27,125k-200k,Good,South,Mass Market,4.7,2021-10-19
3351,30,125k-200k,Good,Northeast,Affluent,4.0,2022-07-01
3352,33,75k-125k,Good,Midwest,Mass Market,4.1,2022-05-26
3353,47,40k-75k,Good,Northeast,Mass Market,2.6,2023-11-25
3354,55,125k-200k,Good,South,Mass Market,6.9,2019-08-07
3355,40,75k-125k,Excellent,Northeast,Mass Market,0.9,2025-08-07
3356,70,75k-125k,Fair,West,Mass Market,3.9,2022-08-07
3357,56,125k-200k,Excellent,South,Mass Market,6.5,2019-12-31
3358,21,40k-75k,Poor,Midwest,Mass Market,12.1,2014-05-26
3359,43,40k-75k,Good,Midwest,Mass Market,16.1,2010-05-26
3360,34,75k-125k,Good,Northeast,Affluent,2.3,2024-03-13
3361,44,75k-125k,Good,Midwest,Mass Market,3.7,2022-10-19
3362,62,<40k,Fair,Midwest,Mass Market,7.7,2018-10-19
3363,23,125k-200k,Excellent,West,Private Banking,0.4,2026-02-05
3364,35,125k-200k,Good,South,Mass Market,0.4,2026-02-05
3365,48,200k+,Excellent,South,Mass Market,0.9,2025-08-07
3366,38,75k-125k,Poor,West,Mass Market,8.4,2018-02-05
3367,49,40k-75k,Good,Midwest,Mass Market,0.8,2025-09-12
3368,48,40k-75k,Fair,West,Mass Market,8.6,2017-11-24
3369,50,75k-125k,Poor,Northeast,Mass Market,4.8,2021-09-12
3370,53,40k-75k,Excellent,South,Mass Market,15.1,2011-05-26
3371,44,75k-125k,Fair,Northeast,Mass Market,12.3,2014-03-14
3372,30,<40k,Poor,Northeast,Mass Market,2.2,2024-04-19
3373,55,200k+,Poor,Midwest,Mass Market,5.3,2021-03-14
3374,35,<40k,Good,South,Mass Market,13.6,2012-11-24
3375,55,75k-125k,Good,Midwest,Affluent,0.5,2025-12-31
3376,60,200k+,Fair,Northeast,Mass Market,2.1,2024-05-25
3377,65,75k-125k,Good,Midwest,Mass Market,0.4,2026-02-05
3378,46,40k-75k,Fair,Northeast,Mass Market,9.1,2017-05-26
3379,58,75k-125k,Good,South,Affluent,5.4,2021-02-05
3380,35,75k-125k,Excellent,Northeast,Mass Market,13.3,2013-03-14
3381,57,40k-75k,Poor,Midwest,Mass Market,4.3,2022-03-14
3382,60,75k-125k,Good,West,Affluent,9.8,2016-09-12
3383,45,200k+,Good,Midwest,Affluent,1.3,2025-03-14
3384,41,200k+,Good,Northeast,Mass Market,9.3,2017-03-14
3385,56,75k-125k,Good,South,Mass Market,9.2,2017-04-19
3386,45,125k-200k,Good,West,Mass Market,1.8,2024-09-12
3387,27,125k-200k,Poor,Northeast,Affluent,8.2,2018-04-19
3388,41,75k-125k,Good,Midwest,Mass Market,8.6,2017-11-24
3389,58,75k-125k,Good,Midwest,Mass Market,2.4,2024-02-06
3390,60,125k-200k,Excellent,Midwest,Mass Market,4.8,2021-09-12
3391,55,75k-125k,Excellent,South,Private Banking,11.9,2014-08-07
3392,28,200k+,Good,West,Affluent,15.7,2010-10-19
3393,41,125k-200k,Good,South,Mass Market,1.8,2024-09-12
3394,65,125k-200k,Good,West,Affluent,8.1,2018-05-26
3395,61,200k+,Fair,South,Mass Market,8.3,2018-03-14
3396,35,75k-125k,Excellent,West,Mass Market,1.2,2025-04-19
3397,53,125k-200k,Excellent,South,Affluent,3.6,2022-11-25
3398,42,75k-125k,Fair,West,Mass Market,0.8,2025-09-12
3399,54,<40k,Fair,Midwest,Mass Market,4.1,2022-05-26
3400,49,40k-75k,Good,Midwest,Affluent,10.2,2016-04-19
3401,24,40k-75k,Good,Midwest,Mass Market,0.2,2026-04-19
3402,37,125k-200k,Fair,West,Mass Market,2.3,2024-03-13
3403,32,75k-125k,Good,South,Mass Market,0.3,2026-03-14
3404,53,125k-200k,Excellent,Midwest,Affluent,7.7,2018-10-19
3405,54,40k-75k,Poor,West,Mass Market,9.6,2016-11-24
3406,60,200k+,Fair,West,Private Banking,2.5,2023-12-31
3407,49,125k-200k,Good,South,Mass Market,3.9,2022-08-07
3408,21,200k+,Fair,Northeast,Mass Market,3.6,2022-11-25
3409,69,40k-75k,Excellent,West,Mass Market,2.1,2024-05-25
3410,51,40k-75k,Good,Midwest,Affluent,2.7,2023-10-19
3411,54,40k-75k,Excellent,South,Mass Market,1.1,2025-05-26
3412,44,40k-75k,Poor,Midwest,Mass Market,10.4,2016-02-06
3413,42,125k-200k,Poor,South,Mass Market,28.0,1998-07-01
3414,33,40k-75k,Excellent,Northeast,Affluent,2.8,2023-09-13
3415,40,75k-125k,Good,South,Affluent,0.3,2026-03-14
3416,46,125k-200k,Excellent,West,Mass Market,2.2,2024-04-19
3417,25,<40k,Fair,Midwest,Mass Market,1.5,2024-12-31
3418,43,75k-125k,Good,West,Mass Market,4.8,2021-09-12
3419,42,75k-125k,Fair,West,Mass Market,14.5,2011-12-31
3420,46,75k-125k,Good,Midwest,Mass Market,6.1,2020-05-25
3421,46,200k+,Good,Midwest,Affluent,4.4,2022-02-05
3422,50,40k-75k,Excellent,Northeast,Mass Market,8.6,2017-11-24
3423,21,125k-200k,Poor,South,Mass Market,0.6,2025-11-24
3424,39,<40k,Good,South,Mass Market,0.2,2026-04-19
3425,54,125k-200k,Excellent,Midwest,Mass Market,0.9,2025-08-07
3426,40,200k+,Good,Midwest,Affluent,4.0,2022-07-01
3427,76,<40k,Excellent,South,Mass Market,4.2,2022-04-19
3428,45,200k+,Good,Midwest,Affluent,6.2,2020-04-19
3429,39,125k-200k,Excellent,West,Affluent,2.7,2023-10-19
3430,52,40k-75k,Fair,Northeast,Mass Market,4.3,2022-03-14
3431,48,200k+,Good,Northeast,Affluent,10.4,2016-02-06
3432,27,125k-200k,Excellent,West,Affluent,19.9,2006-08-07
3433,56,200k+,Good,West,Mass Market,0.5,2025-12-31
3434,55,200k+,Excellent,Northeast,Affluent,2.7,2023-10-19
3435,51,40k-75k,Good,South,Mass Market,4.7,2021-10-19
3436,34,40k-75k,Excellent,Northeast,Mass Market,7.5,2018-12-31
3437,50,40k-75k,Good,Northeast,Mass Market,1.4,2025-02-05
3438,40,40k-75k,Excellent,West,Mass Market,1.1,2025-05-26
3439,30,200k+,Excellent,South,Mass Market,1.1,2025-05-26
3440,30,75k-125k,Fair,West,Affluent,1.5,2024-12-31
3441,45,40k-75k,Good,Northeast,Mass Market,4.5,2021-12-31
3442,32,200k+,Excellent,Northeast,Private Banking,0.6,2025-11-24
3443,39,<40k,Good,South,Mass Market,9.6,2016-11-24
3444,60,200k+,Excellent,Midwest,Private Banking,8.0,2018-07-01
3445,43,<40k,Good,Northeast,Mass Market,0.2,2026-04-19
3446,38,125k-200k,Good,Midwest,Affluent,1.9,2024-08-07
3447,30,200k+,Excellent,Midwest,Private Banking,0.2,2026-04-19
3448,24,200k+,Excellent,Northeast,Affluent,5.5,2020-12-31
3449,34,200k+,Fair,Northeast,Affluent,10.0,2016-07-01
3450,50,<40k,Good,Midwest,Mass Market,5.4,2021-02-05
3451,53,<40k,Good,South,Mass Market,5.8,2020-09-12
3452,58,40k-75k,Poor,Midwest,Mass Market,0.6,2025-11-24
3453,33,40k-75k,Poor,Northeast,Mass Market,2.6,2023-11-25
3454,74,200k+,Excellent,South,Private Banking,2.1,2024-05-25
3455,43,75k-125k,Excellent,Midwest,Mass Market,2.1,2024-05-25
3456,37,75k-125k,Fair,South,Mass Market,2.4,2024-02-06
3457,21,200k+,Good,West,Affluent,5.4,2021-02-05
3458,67,75k-125k,Fair,West,Mass Market,13.9,2012-08-07
3459,60,200k+,Poor,South,Mass Market,28.0,1998-07-01
3460,33,75k-125k,Fair,Midwest,Mass Market,3.5,2022-12-31
3461,35,125k-200k,Poor,Northeast,Mass Market,15.5,2010-12-31
3462,48,125k-200k,Good,West,Mass Market,0.6,2025-11-24
3463,21,125k-200k,Good,West,Affluent,23.2,2003-04-20
3464,56,75k-125k,Good,South,Mass Market,1.8,2024-09-12
3465,53,200k+,Fair,West,Mass Market,2.6,2023-11-25
3466,61,200k+,Excellent,West,Private Banking,0.2,2026-04-19
3467,39,40k-75k,Good,West,Mass Market,17.5,2008-12-31
3468,33,200k+,Good,South,Affluent,3.4,2023-02-06
3469,42,40k-75k,Good,Northeast,Mass Market,4.8,2021-09-12
3470,47,200k+,Good,Midwest,Affluent,8.4,2018-02-05
3471,48,75k-125k,Excellent,South,Mass Market,11.2,2015-04-20
3472,38,125k-200k,Excellent,South,Affluent,1.4,2025-02-05
3473,41,40k-75k,Good,West,Mass Market,0.8,2025-09-12
3474,32,200k+,Excellent,West,Private Banking,0.5,2025-12-31
3475,26,75k-125k,Good,South,Mass Market,15.6,2010-11-25
3476,30,75k-125k,Excellent,West,Mass Market,4.2,2022-04-19
3477,38,75k-125k,Good,South,Mass Market,3.4,2023-02-06
3478,37,40k-75k,Fair,West,Mass Market,12.9,2013-08-07
3479,51,<40k,Good,Northeast,Mass Market,8.1,2018-05-26
3480,49,40k-75k,Fair,South,Mass Market,11.5,2014-12-31
3481,39,125k-200k,Poor,West,Mass Market,2.0,2024-07-01
3482,52,125k-200k,Good,Northeast,Private Banking,0.3,2026-03-14
3483,48,200k+,Excellent,South,Affluent,5.0,2021-07-01
3484,25,125k-200k,Good,Midwest,Affluent,11.4,2015-02-06
3485,48,40k-75k,Fair,Midwest,Mass Market,4.7,2021-10-19
3486,42,40k-75k,Excellent,South,Mass Market,0.3,2026-03-14
3487,45,<40k,Fair,South,Mass Market,6.3,2020-03-13
3488,43,40k-75k,Excellent,West,Affluent,13.2,2013-04-19
3489,35,40k-75k,Good,Northeast,Mass Market,0.7,2025-10-19
3490,57,200k+,Excellent,South,Private Banking,7.4,2019-02-06
3491,35,40k-75k,Good,West,Mass Market,7.9,2018-08-07
3492,55,75k-125k,Fair,West,Affluent,2.0,2024-07-01
3493,53,75k-125k,Poor,Midwest,Mass Market,6.6,2019-11-25
3494,38,200k+,Good,West,Private Banking,3.2,2023-04-20
3495,50,40k-75k,Good,West,Mass Market,2.4,2024-02-06
3496,35,<40k,Good,West,Mass Market,7.4,2019-02-06
3497,23,125k-200k,Fair,Midwest,Mass Market,3.5,2022-12-31
3498,40,<40k,Fair,Northeast,Mass Market,0.4,2026-02-05
3499,26,75k-125k,Excellent,South,Mass Market,1.6,2024-11-24
3500,49,75k-125k,Good,Northeast,Mass Market,8.8,2017-09-12
3501,56,<40k,Good,Northeast,Mass Market,17.7,2008-10-19
3502,28,75k-125k,Good,South,Mass Market,1.8,2024-09-12
3503,53,75k-125k,Fair,Northeast,Mass Market,14.8,2011-09-13
3504,43,75k-125k,Good,South,Mass Market,0.2,2026-04-19
3505,34,<40k,Poor,Northeast,Mass Market,3.6,2022-11-25
3506,43,125k-200k,Fair,West,Affluent,15.6,2010-11-25
3507,40,125k-200k,Excellent,South,Affluent,2.9,2023-08-07
3508,44,125k-200k,Good,South,Mass Market,1.5,2024-12-31
3509,22,125k-200k,Good,Midwest,Mass Market,0.7,2025-10-19
3510,39,200k+,Excellent,West,Affluent,3.9,2022-08-07
3511,61,200k+,Fair,South,Mass Market,3.8,2022-09-13
3512,42,40k-75k,Good,West,Affluent,1.2,2025-04-19
3513,30,200k+,Excellent,Midwest,Private Banking,3.0,2023-07-02
3514,43,40k-75k,Fair,Northeast,Mass Market,9.0,2017-07-01
3515,67,75k-125k,Poor,West,Mass Market,3.6,2022-11-25
3516,51,75k-125k,Poor,Midwest,Mass Market,1.6,2024-11-24
3517,51,75k-125k,Excellent,Midwest,Mass Market,0.4,2026-02-05
3518,21,75k-125k,Excellent,Midwest,Affluent,4.3,2022-03-14
3519,61,<40k,Good,Midwest,Mass Market,2.7,2023-10-19
3520,21,200k+,Fair,Northeast,Affluent,3.7,2022-10-19
3521,65,200k+,Good,South,Affluent,6.4,2020-02-06
3522,54,75k-125k,Fair,South,Mass Market,5.0,2021-07-01
3523,31,125k-200k,Excellent,Midwest,Mass Market,2.5,2023-12-31
3524,55,75k-125k,Excellent,Midwest,Mass Market,12.3,2014-03-14
3525,48,200k+,Fair,Midwest,Private Banking,6.4,2020-02-06
3526,38,200k+,Good,South,Affluent,0.9,2025-08-07
3527,24,40k-75k,Poor,South,Mass Market,6.0,2020-07-01
3528,44,125k-200k,Good,Midwest,Mass Market,0.4,2026-02-05
3529,45,125k-200k,Good,South,Affluent,1.6,2024-11-24
3530,70,125k-200k,Good,Northeast,Affluent,2.4,2024-02-06
3531,34,75k-125k,Excellent,West,Mass Market,1.0,2025-07-01
3532,45,40k-75k,Good,Midwest,Affluent,2.9,2023-08-07
3533,21,200k+,Good,South,Affluent,2.3,2024-03-13
3534,35,75k-125k,Good,South,Mass Market,8.7,2017-10-19
3535,43,125k-200k,Good,West,Mass Market,3.1,2023-05-26
3536,57,200k+,Good,West,Mass Market,0.9,2025-08-07
3537,54,40k-75k,Excellent,Midwest,Mass Market,2.1,2024-05-25
3538,38,75k-125k,Good,Northeast,Mass Market,11.4,2015-02-06
3539,36,40k-75k,Fair,Northeast,Mass Market,2.3,2024-03-13
3540,24,40k-75k,Fair,South,Mass Market,0.5,2025-12-31
3541,38,200k+,Excellent,Midwest,Affluent,3.6,2022-11-25
3542,38,40k-75k,Good,West,Mass Market,10.1,2016-05-25
3543,44,40k-75k,Good,Northeast,Mass Market,12.7,2013-10-19
3544,57,125k-200k,Excellent,West,Mass Market,11.7,2014-10-19
3545,35,40k-75k,Excellent,South,Mass Market,1.2,2025-04-19
3546,52,40k-75k,Good,South,Mass Market,4.7,2021-10-19
3547,41,200k+,Fair,Midwest,Mass Market,2.5,2023-12-31
3548,54,40k-75k,Fair,Northeast,Mass Market,0.6,2025-11-24
3549,51,75k-125k,Fair,South,Mass Market,10.4,2016-02-06
3550,38,75k-125k,Fair,Midwest,Affluent,5.9,2020-08-07
3551,30,200k+,Poor,South,Affluent,0.3,2026-03-14
3552,45,75k-125k,Fair,Northeast,Mass Market,11.3,2015-03-14
3553,30,75k-125k,Excellent,West,Affluent,10.0,2016-07-01
3554,33,<40k,Excellent,Midwest,Mass Market,6.1,2020-05-25
3555,49,75k-125k,Excellent,Northeast,Mass Market,13.0,2013-07-01
3556,38,40k-75k,Good,Northeast,Mass Market,2.6,2023-11-25
3557,43,40k-75k,Poor,Midwest,Mass Market,10.5,2015-12-31
3558,39,200k+,Good,West,Affluent,5.5,2020-12-31
3559,47,40k-75k,Good,Midwest,Mass Market,0.6,2025-11-24
3560,35,75k-125k,Fair,Northeast,Mass Market,2.4,2024-02-06
3561,46,<40k,Good,Midwest,Mass Market,9.1,2017-05-26
3562,51,200k+,Fair,South,Mass Market,3.3,2023-03-14
3563,47,75k-125k,Fair,South,Mass Market,2.3,2024-03-13
3564,60,200k+,Good,West,Mass Market,0.6,2025-11-24
3565,44,<40k,Fair,Midwest,Mass Market,2.4,2024-02-06
3566,34,200k+,Good,Northeast,Mass Market,5.4,2021-02-05
3567,50,40k-75k,Fair,West,Mass Market,10.8,2015-09-13
3568,32,125k-200k,Excellent,Midwest,Affluent,1.5,2024-12-31
3569,44,200k+,Poor,Midwest,Private Banking,8.6,2017-11-24
3570,23,<40k,Excellent,Midwest,Mass Market,0.2,2026-04-19
3571,39,75k-125k,Good,Midwest,Mass Market,4.9,2021-08-07
3572,36,75k-125k,Good,Midwest,Mass Market,4.0,2022-07-01
3573,38,40k-75k,Excellent,West,Mass Market,12.3,2014-03-14
3574,59,125k-200k,Excellent,West,Affluent,2.2,2024-04-19
3575,51,75k-125k,Excellent,Midwest,Mass Market,2.9,2023-08-07
3576,53,75k-125k,Excellent,Northeast,Mass Market,7.2,2019-04-20
3577,66,200k+,Good,Northeast,Mass Market,5.3,2021-03-14
3578,33,200k+,Good,West,Affluent,5.2,2021-04-19
3579,54,75k-125k,Excellent,West,Mass Market,4.6,2021-11-24
3580,73,125k-200k,Good,South,Affluent,5.9,2020-08-07
3581,42,<40k,Poor,Northeast,Mass Market,1.6,2024-11-24
3582,32,75k-125k,Excellent,Northeast,Mass Market,8.9,2017-08-07
3583,50,125k-200k,Good,South,Affluent,8.8,2017-09-12
3584,41,40k-75k,Good,West,Mass Market,5.5,2020-12-31
3585,57,40k-75k,Excellent,West,Mass Market,11.4,2015-02-06
3586,55,125k-200k,Fair,Northeast,Mass Market,12.0,2014-07-01
3587,49,40k-75k,Fair,Midwest,Mass Market,3.1,2023-05-26
3588,36,<40k,Poor,Midwest,Mass Market,10.2,2016-04-19
3589,40,<40k,Good,Midwest,Mass Market,9.9,2016-08-07
3590,40,200k+,Excellent,Northeast,Mass Market,10.5,2015-12-31
3591,41,125k-200k,Good,Midwest,Affluent,6.2,2020-04-19
3592,57,40k-75k,Excellent,West,Mass Market,6.1,2020-05-25
3593,29,200k+,Fair,West,Affluent,18.4,2008-02-06
3594,47,125k-200k,Good,Northeast,Affluent,6.8,2019-09-13
3595,21,75k-125k,Fair,West,Mass Market,0.3,2026-03-14
3596,39,200k+,Good,Northeast,Affluent,15.1,2011-05-26
3597,51,75k-125k,Fair,West,Mass Market,11.6,2014-11-25
3598,52,40k-75k,Good,West,Affluent,1.6,2024-11-24
3599,72,200k+,Fair,Midwest,Affluent,6.7,2019-10-19
3600,33,125k-200k,Excellent,West,Affluent,3.4,2023-02-06
3601,44,125k-200k,Good,South,Mass Market,3.9,2022-08-07
3602,44,75k-125k,Good,Midwest,Mass Market,11.1,2015-05-26
3603,52,200k+,Excellent,South,Mass Market,8.6,2017-11-24
3604,21,75k-125k,Fair,West,Mass Market,1.0,2025-07-01
3605,49,125k-200k,Fair,South,Mass Market,15.5,2010-12-31
3606,44,125k-200k,Fair,Midwest,Mass Market,2.3,2024-03-13
3607,41,200k+,Good,West,Private Banking,4.5,2021-12-31
3608,41,125k-200k,Fair,West,Affluent,2.9,2023-08-07
3609,29,200k+,Excellent,Northeast,Private Banking,1.3,2025-03-14
3610,21,125k-200k,Fair,South,Private Banking,21.9,2004-08-07
3611,61,75k-125k,Fair,Northeast,Mass Market,0.5,2025-12-31
3612,30,200k+,Poor,Midwest,Mass Market,0.7,2025-10-19
3613,50,75k-125k,Fair,Northeast,Mass Market,3.5,2022-12-31
3614,43,<40k,Fair,West,Mass Market,2.6,2023-11-25
3615,59,<40k,Good,West,Mass Market,0.7,2025-10-19
3616,42,200k+,Good,Midwest,Affluent,5.0,2021-07-01
3617,49,75k-125k,Good,West,Mass Market,2.6,2023-11-25
3618,44,75k-125k,Good,Midwest,Mass Market,0.3,2026-03-14
3619,63,125k-200k,Excellent,South,Affluent,5.5,2020-12-31
3620,39,125k-200k,Good,Northeast,Affluent,0.2,2026-04-19
3621,50,75k-125k,Fair,Northeast,Mass Market,1.5,2024-12-31
3622,61,40k-75k,Fair,West,Mass Market,10.8,2015-09-13
3623,55,40k-75k,Good,Midwest,Affluent,4.3,2022-03-14
3624,23,<40k,Fair,Northeast,Mass Market,6.5,2019-12-31
3625,30,40k-75k,Good,Northeast,Mass Market,4.4,2022-02-05
3626,51,125k-200k,Excellent,Northeast,Affluent,17.9,2008-08-07
3627,44,75k-125k,Poor,Midwest,Mass Market,7.6,2018-11-25
3628,33,75k-125k,Fair,Midwest,Mass Market,5.5,2020-12-31
3629,35,125k-200k,Fair,South,Affluent,1.0,2025-07-01
3630,31,75k-125k,Good,West,Mass Market,16.8,2009-09-12
3631,48,<40k,Excellent,Northeast,Mass Market,2.9,2023-08-07
3632,21,75k-125k,Excellent,Midwest,Mass Market,6.1,2020-05-25
3633,49,75k-125k,Fair,South,Mass Market,9.3,2017-03-14
3634,54,40k-75k,Fair,Northeast,Mass Market,2.0,2024-07-01
3635,53,<40k,Excellent,Midwest,Mass Market,0.6,2025-11-24
3636,28,<40k,Excellent,Midwest,Mass Market,4.1,2022-05-26
3637,54,125k-200k,Good,South,Private Banking,0.9,2025-08-07
3638,62,75k-125k,Excellent,Midwest,Affluent,2.2,2024-04-19
3639,50,75k-125k,Good,Midwest,Mass Market,15.1,2011-05-26
3640,26,40k-75k,Fair,South,Mass Market,2.8,2023-09-13
3641,55,200k+,Excellent,South,Affluent,2.9,2023-08-07
3642,56,125k-200k,Good,Midwest,Mass Market,5.0,2021-07-01
3643,55,<40k,Fair,Midwest,Mass Market,1.1,2025-05-26
3644,51,75k-125k,Excellent,West,Private Banking,7.3,2019-03-14
3645,47,125k-200k,Good,Northeast,Affluent,3.3,2023-03-14
3646,25,75k-125k,Excellent,South,Mass Market,7.1,2019-05-26
3647,27,200k+,Good,South,Affluent,10.4,2016-02-06
3648,40,75k-125k,Excellent,Northeast,Mass Market,3.1,2023-05-26
3649,44,200k+,Fair,Midwest,Affluent,0.7,2025-10-19
3650,70,200k+,Fair,Midwest,Mass Market,2.1,2024-05-25
3651,56,<40k,Good,West,Mass Market,9.8,2016-09-12
3652,34,75k-125k,Good,Northeast,Mass Market,0.3,2026-03-14
3653,51,40k-75k,Good,South,Mass Market,3.9,2022-08-07
3654,21,200k+,Excellent,Midwest,Affluent,3.6,2022-11-25
3655,21,40k-75k,Fair,Midwest,Mass Market,8.7,2017-10-19
3656,41,40k-75k,Good,Midwest,Mass Market,6.6,2019-11-25
3657,41,200k+,Poor,West,Affluent,4.4,2022-02-05
3658,57,200k+,Good,Northeast,Affluent,0.5,2025-12-31
3659,39,40k-75k,Excellent,Northeast,Mass Market,5.0,2021-07-01
3660,49,75k-125k,Fair,Midwest,Mass Market,0.2,2026-04-19
3661,39,40k-75k,Poor,West,Mass Market,12.7,2013-10-19
3662,59,200k+,Good,Midwest,Mass Market,10.9,2015-08-07
3663,41,200k+,Excellent,West,Affluent,10.2,2016-04-19
3664,40,75k-125k,Fair,Northeast,Mass Market,17.4,2009-02-05
3665,58,125k-200k,Good,South,Mass Market,15.9,2010-08-07
3666,50,40k-75k,Excellent,Northeast,Mass Market,1.8,2024-09-12
3667,40,75k-125k,Good,West,Mass Market,4.3,2022-03-14
3668,33,125k-200k,Excellent,Midwest,Mass Market,1.8,2024-09-12
3669,51,75k-125k,Excellent,South,Mass Market,0.7,2025-10-19
3670,56,75k-125k,Fair,South,Affluent,4.6,2021-11-24
3671,43,200k+,Good,Northeast,Affluent,2.9,2023-08-07
3672,49,200k+,Excellent,Midwest,Mass Market,0.6,2025-11-24
3673,44,75k-125k,Good,Midwest,Affluent,3.0,2023-07-02
3674,41,75k-125k,Good,Midwest,Mass Market,0.3,2026-03-14
3675,45,<40k,Good,Midwest,Mass Market,1.7,2024-10-19
3676,30,40k-75k,Fair,Midwest,Mass Market,1.1,2025-05-26
3677,41,75k-125k,Excellent,West,Affluent,2.6,2023-11-25
3678,40,40k-75k,Fair,South,Mass Market,7.0,2019-07-02
3679,52,<40k,Excellent,South,Mass Market,0.5,2025-12-31
3680,48,40k-75k,Good,South,Mass Market,4.1,2022-05-26
3681,23,75k-125k,Excellent,West,Affluent,4.4,2022-02-05
3682,56,75k-125k,Excellent,Midwest,Affluent,5.4,2021-02-05
3683,82,125k-200k,Fair,Northeast,Affluent,0.2,2026-04-19
3684,31,40k-75k,Fair,Northeast,Mass Market,0.7,2025-10-19
3685,35,75k-125k,Fair,Midwest,Mass Market,9.7,2016-10-19
3686,21,40k-75k,Poor,Northeast,Mass Market,2.8,2023-09-13
3687,39,200k+,Good,Northeast,Private Banking,1.6,2024-11-24
3688,34,200k+,Poor,Northeast,Mass Market,0.2,2026-04-19
3689,81,40k-75k,Fair,Midwest,Mass Market,10.8,2015-09-13
3690,39,75k-125k,Fair,Midwest,Mass Market,12.6,2013-11-24
3691,66,75k-125k,Excellent,Northeast,Mass Market,6.9,2019-08-07
3692,52,<40k,Fair,Midwest,Mass Market,9.6,2016-11-24
3693,80,<40k,Excellent,Northeast,Mass Market,0.2,2026-04-19
3694,56,200k+,Excellent,West,Private Banking,4.9,2021-08-07
3695,55,125k-200k,Fair,South,Affluent,8.4,2018-02-05
3696,40,75k-125k,Good,South,Affluent,4.4,2022-02-05
3697,51,40k-75k,Excellent,Midwest,Mass Market,3.4,2023-02-06
3698,21,40k-75k,Good,South,Affluent,8.0,2018-07-01
3699,48,125k-200k,Excellent,South,Private Banking,3.4,2023-02-06
3700,22,125k-200k,Good,Midwest,Mass Market,6.3,2020-03-13
3701,47,75k-125k,Fair,Midwest,Mass Market,1.3,2025-03-14
3702,61,125k-200k,Good,South,Affluent,12.1,2014-05-26
3703,41,75k-125k,Excellent,West,Mass Market,0.9,2025-08-07
3704,34,200k+,Fair,Midwest,Mass Market,0.8,2025-09-12
3705,56,200k+,Good,Northeast,Affluent,1.2,2025-04-19
3706,34,75k-125k,Excellent,West,Mass Market,23.7,2002-10-19
3707,47,125k-200k,Excellent,West,Mass Market,0.3,2026-03-14
3708,37,75k-125k,Good,West,Mass Market,4.4,2022-02-05
3709,51,75k-125k,Good,Northeast,Mass Market,7.4,2019-02-06
3710,30,75k-125k,Good,South,Affluent,0.9,2025-08-07
3711,38,40k-75k,Excellent,Northeast,Mass Market,5.3,2021-03-14
3712,24,75k-125k,Poor,Northeast,Mass Market,1.4,2025-02-05
3713,62,40k-75k,Good,Midwest,Mass Market,16.6,2009-11-24
3714,47,75k-125k,Excellent,West,Mass Market,0.8,2025-09-12
3715,50,<40k,Excellent,West,Affluent,0.6,2025-11-24
3716,46,<40k,Good,Northeast,Mass Market,2.6,2023-11-25
3717,35,200k+,Fair,Northeast,Mass Market,2.1,2024-05-25
3718,28,<40k,Excellent,West,Mass Market,8.8,2017-09-12
3719,30,40k-75k,Poor,Northeast,Mass Market,0.3,2026-03-14
3720,49,75k-125k,Good,South,Private Banking,20.8,2005-09-12
3721,30,75k-125k,Good,Midwest,Mass Market,5.8,2020-09-12
3722,44,75k-125k,Poor,Northeast,Mass Market,9.3,2017-03-14
3723,63,200k+,Poor,Northeast,Mass Market,2.7,2023-10-19
3724,48,75k-125k,Fair,Northeast,Mass Market,4.7,2021-10-19
3725,33,40k-75k,Good,Northeast,Mass Market,24.7,2001-10-19
3726,52,40k-75k,Good,West,Mass Market,3.2,2023-04-20
3727,45,<40k,Fair,Northeast,Mass Market,0.6,2025-11-24
3728,55,200k+,Fair,Midwest,Mass Market,0.6,2025-11-24
3729,31,75k-125k,Good,Northeast,Affluent,2.5,2023-12-31
3730,35,75k-125k,Good,South,Mass Market,2.6,2023-11-25
3731,35,<40k,Fair,West,Mass Market,4.5,2021-12-31
3732,64,200k+,Good,Midwest,Affluent,3.6,2022-11-25
3733,24,<40k,Excellent,Northeast,Mass Market,4.9,2021-08-07
3734,42,75k-125k,Excellent,Northeast,Mass Market,18.2,2008-04-19
3735,50,75k-125k,Good,South,Affluent,1.8,2024-09-12
3736,40,125k-200k,Fair,Midwest,Mass Market,0.8,2025-09-12
3737,41,75k-125k,Excellent,South,Mass Market,6.9,2019-08-07
3738,44,<40k,Good,South,Mass Market,1.0,2025-07-01
3739,30,75k-125k,Poor,Northeast,Affluent,2.4,2024-02-06
3740,49,40k-75k,Good,Midwest,Affluent,2.0,2024-07-01
3741,37,200k+,Excellent,West,Mass Market,1.2,2025-04-19
3742,51,125k-200k,Good,West,Mass Market,12.9,2013-08-07
3743,64,40k-75k,Fair,South,Mass Market,4.6,2021-11-24
3744,38,200k+,Fair,South,Affluent,12.1,2014-05-26
3745,34,75k-125k,Excellent,Midwest,Affluent,1.8,2024-09-12
3746,38,40k-75k,Good,South,Mass Market,2.3,2024-03-13
3747,22,<40k,Good,West,Mass Market,9.3,2017-03-14
3748,54,125k-200k,Excellent,West,Mass Market,2.9,2023-08-07
3749,50,125k-200k,Fair,South,Mass Market,4.0,2022-07-01
3750,63,75k-125k,Good,West,Mass Market,13.2,2013-04-19
3751,25,75k-125k,Excellent,Northeast,Mass Market,24.9,2001-08-07
3752,59,<40k,Poor,Midwest,Mass Market,8.3,2018-03-14
3753,52,75k-125k,Good,Northeast,Mass Market,2.3,2024-03-13
3754,47,125k-200k,Good,Midwest,Affluent,1.2,2025-04-19
3755,42,200k+,Excellent,South,Affluent,1.8,2024-09-12
3756,50,200k+,Excellent,Midwest,Affluent,9.1,2017-05-26
3757,57,75k-125k,Fair,West,Mass Market,8.2,2018-04-19
3758,46,40k-75k,Good,South,Mass Market,18.9,2007-08-07
3759,29,125k-200k,Good,South,Mass Market,5.6,2020-11-24
3760,40,125k-200k,Good,Northeast,Affluent,9.5,2016-12-31
3761,37,75k-125k,Good,West,Mass Market,27.7,1998-10-19
3762,35,125k-200k,Excellent,West,Mass Market,5.2,2021-04-19
3763,49,<40k,Good,Northeast,Mass Market,2.3,2024-03-13
3764,42,125k-200k,Poor,Northeast,Mass Market,7.0,2019-07-02
3765,36,<40k,Fair,West,Mass Market,13.6,2012-11-24
3766,43,<40k,Fair,South,Mass Market,5.3,2021-03-14
3767,21,125k-200k,Good,South,Affluent,3.2,2023-04-20
3768,59,75k-125k,Fair,South,Affluent,0.6,2025-11-24
3769,39,40k-75k,Poor,West,Mass Market,1.0,2025-07-01
3770,64,75k-125k,Good,South,Mass Market,8.5,2017-12-31
3771,39,75k-125k,Fair,West,Affluent,5.4,2021-02-05
3772,41,<40k,Good,Northeast,Mass Market,12.8,2013-09-12
3773,48,125k-200k,Good,West,Affluent,1.2,2025-04-19
3774,34,75k-125k,Good,South,Mass Market,0.5,2025-12-31
3775,50,75k-125k,Good,West,Mass Market,3.9,2022-08-07
3776,39,75k-125k,Excellent,West,Mass Market,5.4,2021-02-05
3777,21,40k-75k,Good,South,Mass Market,0.9,2025-08-07
3778,40,200k+,Excellent,Northeast,Private Banking,2.2,2024-04-19
3779,41,75k-125k,Fair,West,Mass Market,9.1,2017-05-26
3780,39,200k+,Good,Northeast,Affluent,6.6,2019-11-25
3781,21,40k-75k,Excellent,West,Mass Market,2.3,2024-03-13
3782,61,75k-125k,Poor,South,Mass Market,2.1,2024-05-25
3783,48,40k-75k,Good,Midwest,Mass Market,0.3,2026-03-14
3784,45,125k-200k,Fair,South,Affluent,1.8,2024-09-12
3785,37,40k-75k,Good,West,Mass Market,2.6,2023-11-25
3786,43,40k-75k,Good,West,Mass Market,1.3,2025-03-14
3787,57,200k+,Good,Midwest,Affluent,0.2,2026-04-19
3788,46,200k+,Excellent,Northeast,Affluent,12.5,2013-12-31
3789,29,75k-125k,Fair,Northeast,Mass Market,1.3,2025-03-14
3790,53,200k+,Fair,Northeast,Mass Market,0.2,2026-04-19
3791,47,40k-75k,Good,Midwest,Mass Market,3.2,2023-04-20
3792,58,75k-125k,Good,South,Mass Market,21.5,2004-12-31
3793,29,125k-200k,Good,Northeast,Mass Market,12.7,2013-10-19
3794,56,75k-125k,Good,West,Mass Market,0.2,2026-04-19
3795,47,40k-75k,Poor,West,Mass Market,0.2,2026-04-19
3796,28,75k-125k,Good,Northeast,Mass Market,1.3,2025-03-14
3797,21,125k-200k,Excellent,Northeast,Affluent,2.3,2024-03-13
3798,36,125k-200k,Excellent,Midwest,Affluent,12.9,2013-08-07
3799,37,125k-200k,Good,Midwest,Private Banking,7.8,2018-09-13
3800,43,40k-75k,Excellent,South,Mass Market,0.4,2026-02-05
3801,32,125k-200k,Excellent,West,Mass Market,8.8,2017-09-12
3802,37,40k-75k,Excellent,Midwest,Mass Market,4.5,2021-12-31
3803,52,75k-125k,Fair,West,Mass Market,1.2,2025-04-19
3804,36,75k-125k,Fair,Midwest,Mass Market,1.5,2024-12-31
3805,77,75k-125k,Good,South,Mass Market,0.8,2025-09-12
3806,36,75k-125k,Excellent,West,Mass Market,0.9,2025-08-07
3807,39,75k-125k,Good,West,Mass Market,10.8,2015-09-13
3808,40,40k-75k,Fair,South,Mass Market,2.4,2024-02-06
3809,68,75k-125k,Good,West,Mass Market,3.9,2022-08-07
3810,71,<40k,Fair,Midwest,Mass Market,7.0,2019-07-02
3811,28,75k-125k,Good,South,Mass Market,11.1,2015-05-26
3812,58,75k-125k,Fair,Midwest,Mass Market,1.7,2024-10-19
3813,71,75k-125k,Excellent,Midwest,Private Banking,2.6,2023-11-25
3814,63,40k-75k,Fair,West,Mass Market,16.1,2010-05-26
3815,39,75k-125k,Poor,Northeast,Mass Market,7.0,2019-07-02
3816,59,75k-125k,Excellent,West,Affluent,5.0,2021-07-01
3817,39,75k-125k,Excellent,Midwest,Mass Market,6.9,2019-08-07
3818,43,40k-75k,Fair,Northeast,Mass Market,5.9,2020-08-07
3819,37,125k-200k,Excellent,West,Affluent,1.8,2024-09-12
3820,52,125k-200k,Good,West,Private Banking,1.0,2025-07-01
3821,65,75k-125k,Good,Northeast,Mass Market,10.4,2016-02-06
3822,44,<40k,Fair,Northeast,Mass Market,14.0,2012-07-01
3823,69,75k-125k,Good,South,Mass Market,2.2,2024-04-19
3824,65,40k-75k,Excellent,South,Mass Market,0.8,2025-09-12
3825,32,40k-75k,Excellent,Northeast,Mass Market,1.3,2025-03-14
3826,38,40k-75k,Fair,Northeast,Mass Market,3.9,2022-08-07
3827,45,125k-200k,Good,South,Affluent,2.8,2023-09-13
3828,53,75k-125k,Good,South,Affluent,3.2,2023-04-20
3829,40,75k-125k,Good,South,Mass Market,3.5,2022-12-31
3830,49,75k-125k,Good,South,Mass Market,7.8,2018-09-13
3831,35,125k-200k,Good,Midwest,Mass Market,4.8,2021-09-12
3832,28,75k-125k,Good,Northeast,Mass Market,18.5,2007-12-31
3833,52,75k-125k,Good,Midwest,Mass Market,1.8,2024-09-12
3834,24,40k-75k,Fair,West,Mass Market,0.7,2025-10-19
3835,38,75k-125k,Fair,South,Mass Market,5.0,2021-07-01
3836,47,125k-200k,Excellent,Midwest,Affluent,2.7,2023-10-19
3837,41,200k+,Good,West,Mass Market,4.1,2022-05-26
3838,23,200k+,Excellent,South,Affluent,3.3,2023-03-14
3839,57,40k-75k,Good,Northeast,Mass Market,3.6,2022-11-25
3840,33,40k-75k,Fair,Northeast,Mass Market,3.1,2023-05-26
3841,44,75k-125k,Poor,South,Mass Market,3.9,2022-08-07
3842,59,<40k,Poor,Midwest,Mass Market,6.7,2019-10-19
3843,49,75k-125k,Fair,West,Mass Market,6.0,2020-07-01
3844,44,40k-75k,Fair,South,Mass Market,2.0,2024-07-01
3845,25,125k-200k,Excellent,Northeast,Mass Market,1.2,2025-04-19
3846,47,125k-200k,Fair,Northeast,Mass Market,0.3,2026-03-14
3847,69,75k-125k,Good,Midwest,Mass Market,2.0,2024-07-01
3848,39,75k-125k,Poor,Midwest,Mass Market,10.9,2015-08-07
3849,53,75k-125k,Fair,Northeast,Mass Market,0.2,2026-04-19
3850,53,75k-125k,Poor,Northeast,Mass Market,4.2,2022-04-19
3851,67,125k-200k,Good,West,Mass Market,12.6,2013-11-24
3852,25,125k-200k,Excellent,West,Affluent,4.6,2021-11-24
3853,50,<40k,Fair,Midwest,Mass Market,4.3,2022-03-14
3854,35,75k-125k,Fair,Midwest,Mass Market,10.3,2016-03-13
3855,38,75k-125k,Good,Midwest,Mass Market,3.4,2023-02-06
3856,32,200k+,Good,Northeast,Affluent,0.2,2026-04-19
3857,64,125k-200k,Good,Northeast,Mass Market,15.2,2011-04-20
3858,24,40k-75k,Fair,Northeast,Mass Market,6.3,2020-03-13
3859,41,200k+,Poor,South,Affluent,0.2,2026-04-19
3860,21,200k+,Good,Midwest,Affluent,0.4,2026-02-05
3861,46,<40k,Fair,West,Affluent,2.0,2024-07-01
3862,39,125k-200k,Fair,West,Affluent,2.5,2023-12-31
3863,62,75k-125k,Excellent,West,Mass Market,1.3,2025-03-14
3864,34,40k-75k,Fair,Midwest,Mass Market,10.6,2015-11-25
3865,53,200k+,Good,Northeast,Private Banking,0.8,2025-09-12
3866,62,40k-75k,Good,South,Mass Market,1.8,2024-09-12
3867,53,200k+,Good,South,Affluent,4.5,2021-12-31
3868,44,40k-75k,Excellent,Midwest,Mass Market,7.8,2018-09-13
3869,34,125k-200k,Good,Midwest,Mass Market,0.5,2025-12-31
3870,41,75k-125k,Excellent,Midwest,Mass Market,2.9,2023-08-07
3871,50,125k-200k,Fair,Midwest,Mass Market,1.3,2025-03-14
3872,50,125k-200k,Fair,West,Mass Market,6.8,2019-09-13
3873,58,75k-125k,Excellent,West,Private Banking,3.0,2023-07-02
3874,61,40k-75k,Excellent,Northeast,Mass Market,3.1,2023-05-26
3875,45,200k+,Good,South,Affluent,4.5,2021-12-31
3876,47,125k-200k,Fair,Midwest,Mass Market,2.2,2024-04-19
3877,41,40k-75k,Fair,West,Affluent,2.0,2024-07-01
3878,59,40k-75k,Fair,Northeast,Mass Market,2.6,2023-11-25
3879,49,75k-125k,Good,West,Affluent,10.4,2016-02-06
3880,49,200k+,Good,Northeast,Affluent,0.2,2026-04-19
3881,46,125k-200k,Good,Northeast,Affluent,2.1,2024-05-25
3882,53,125k-200k,Fair,Northeast,Mass Market,1.6,2024-11-24
3883,42,40k-75k,Fair,South,Mass Market,4.7,2021-10-19
3884,50,<40k,Good,Northeast,Affluent,9.0,2017-07-01
3885,37,40k-75k,Fair,South,Mass Market,2.0,2024-07-01
3886,41,75k-125k,Fair,Midwest,Mass Market,1.6,2024-11-24
3887,61,125k-200k,Good,South,Mass Market,2.5,2023-12-31
3888,39,200k+,Excellent,South,Mass Market,2.4,2024-02-06
3889,30,75k-125k,Good,Midwest,Affluent,8.4,2018-02-05
3890,40,75k-125k,Good,Northeast,Affluent,3.9,2022-08-07
3891,54,40k-75k,Fair,South,Mass Market,9.1,2017-05-26
3892,48,75k-125k,Good,West,Mass Market,3.0,2023-07-02
3893,35,200k+,Good,Northeast,Affluent,14.5,2011-12-31
3894,53,125k-200k,Good,Midwest,Mass Market,4.5,2021-12-31
3895,61,<40k,Excellent,West,Mass Market,1.0,2025-07-01
3896,48,40k-75k,Good,West,Mass Market,3.1,2023-05-26
3897,36,75k-125k,Excellent,West,Mass Market,0.5,2025-12-31
3898,39,75k-125k,Good,West,Mass Market,9.0,2017-07-01
3899,47,125k-200k,Good,Northeast,Affluent,3.5,2022-12-31
3900,21,75k-125k,Good,Midwest,Affluent,10.6,2015-11-25
3901,33,125k-200k,Poor,Midwest,Private Banking,12.6,2013-11-24
3902,39,75k-125k,Fair,West,Affluent,2.3,2024-03-13
3903,40,75k-125k,Poor,South,Mass Market,7.7,2018-10-19
3904,60,75k-125k,Excellent,West,Mass Market,14.9,2011-08-07
3905,60,40k-75k,Excellent,Northeast,Mass Market,4.3,2022-03-14
3906,43,40k-75k,Good,South,Mass Market,1.2,2025-04-19
3907,26,40k-75k,Fair,Midwest,Mass Market,1.0,2025-07-01
3908,40,125k-200k,Excellent,South,Affluent,4.2,2022-04-19
3909,43,125k-200k,Fair,West,Private Banking,1.7,2024-10-19
3910,34,<40k,Good,West,Mass Market,11.7,2014-10-19
3911,53,75k-125k,Fair,West,Mass Market,6.6,2019-11-25
3912,37,40k-75k,Fair,Midwest,Mass Market,3.2,2023-04-20
3913,42,200k+,Good,Northeast,Mass Market,0.5,2025-12-31
3914,44,75k-125k,Excellent,Northeast,Mass Market,12.1,2014-05-26
3915,60,<40k,Fair,Midwest,Mass Market,4.3,2022-03-14
3916,27,200k+,Excellent,West,Affluent,0.2,2026-04-19
3917,49,75k-125k,Excellent,Midwest,Mass Market,1.5,2024-12-31
3918,61,75k-125k,Poor,Northeast,Mass Market,0.5,2025-12-31
3919,44,200k+,Good,Midwest,Mass Market,3.1,2023-05-26
3920,68,200k+,Good,West,Affluent,0.4,2026-02-05
3921,60,40k-75k,Poor,Northeast,Mass Market,2.0,2024-07-01
3922,23,75k-125k,Excellent,South,Mass Market,6.4,2020-02-06
3923,36,200k+,Excellent,West,Mass Market,0.2,2026-04-19
3924,34,40k-75k,Fair,Northeast,Mass Market,11.3,2015-03-14
3925,42,75k-125k,Good,South,Mass Market,4.7,2021-10-19
3926,41,125k-200k,Fair,Midwest,Mass Market,1.1,2025-05-26
3927,62,75k-125k,Excellent,South,Mass Market,4.4,2022-02-05
3928,28,75k-125k,Excellent,Midwest,Mass Market,4.2,2022-04-19
3929,53,75k-125k,Good,West,Mass Market,1.0,2025-07-01
3930,43,75k-125k,Excellent,Northeast,Affluent,8.2,2018-04-19
3931,33,125k-200k,Poor,South,Mass Market,3.6,2022-11-25
3932,44,75k-125k,Good,Northeast,Affluent,0.7,2025-10-19
3933,53,200k+,Good,Northeast,Mass Market,1.2,2025-04-19
3934,49,75k-125k,Fair,Midwest,Mass Market,7.1,2019-05-26
3935,39,125k-200k,Good,Midwest,Mass Market,0.2,2026-04-19
3936,36,125k-200k,Good,Northeast,Mass Market,4.4,2022-02-05
3937,50,40k-75k,Excellent,West,Mass Market,9.8,2016-09-12
3938,43,40k-75k,Excellent,West,Mass Market,4.5,2021-12-31
3939,38,40k-75k,Excellent,South,Mass Market,1.0,2025-07-01
3940,29,125k-200k,Fair,Northeast,Mass Market,1.2,2025-04-19
3941,50,200k+,Excellent,Northeast,Private Banking,22.8,2003-09-13
3942,29,75k-125k,Excellent,Northeast,Affluent,0.9,2025-08-07
3943,24,75k-125k,Good,Northeast,Mass Market,5.5,2020-12-31
3944,47,40k-75k,Excellent,Northeast,Mass Market,2.5,2023-12-31
3945,43,75k-125k,Excellent,South,Mass Market,8.9,2017-08-07
3946,62,40k-75k,Poor,Northeast,Mass Market,0.2,2026-04-19
3947,50,75k-125k,Good,South,Mass Market,0.5,2025-12-31
3948,42,75k-125k,Excellent,West,Mass Market,12.0,2014-07-01
3949,50,125k-200k,Excellent,South,Mass Market,18.4,2008-02-06
3950,43,200k+,Poor,West,Mass Market,5.9,2020-08-07
3951,35,75k-125k,Excellent,Northeast,Mass Market,6.6,2019-11-25
3952,64,125k-200k,Good,Northeast,Mass Market,3.4,2023-02-06
3953,26,75k-125k,Good,South,Mass Market,6.5,2019-12-31
3954,46,40k-75k,Fair,Midwest,Mass Market,4.5,2021-12-31
3955,41,75k-125k,Excellent,South,Mass Market,0.2,2026-04-19
3956,48,75k-125k,Excellent,Northeast,Mass Market,12.0,2014-07-01
3957,54,40k-75k,Excellent,Northeast,Mass Market,0.8,2025-09-12
3958,62,<40k,Fair,South,Mass Market,2.9,2023-08-07
3959,31,40k-75k,Fair,South,Mass Market,2.0,2024-07-01
3960,38,40k-75k,Poor,South,Mass Market,4.8,2021-09-12
3961,25,200k+,Good,Midwest,Mass Market,2.8,2023-09-13
3962,41,40k-75k,Fair,South,Mass Market,2.9,2023-08-07
3963,60,125k-200k,Good,West,Mass Market,4.1,2022-05-26
3964,60,75k-125k,Excellent,West,Affluent,12.4,2014-02-05
3965,40,125k-200k,Fair,Midwest,Mass Market,4.5,2021-12-31
3966,47,75k-125k,Fair,Northeast,Mass Market,19.5,2006-12-31
3967,48,200k+,Excellent,Northeast,Private Banking,4.1,2022-05-26
3968,57,75k-125k,Excellent,West,Mass Market,0.2,2026-04-19
3969,64,40k-75k,Fair,South,Mass Market,1.5,2024-12-31
3970,32,40k-75k,Excellent,Northeast,Mass Market,0.5,2025-12-31
3971,56,75k-125k,Good,West,Mass Market,8.1,2018-05-26
3972,50,75k-125k,Good,Midwest,Mass Market,14.6,2011-11-25
3973,27,200k+,Fair,Northeast,Mass Market,9.7,2016-10-19
3974,49,40k-75k,Good,South,Mass Market,1.5,2024-12-31
3975,43,75k-125k,Poor,South,Affluent,10.8,2015-09-13
3976,21,75k-125k,Excellent,West,Mass Market,7.1,2019-05-26
3977,41,75k-125k,Fair,Midwest,Mass Market,1.8,2024-09-12
3978,35,75k-125k,Fair,South,Mass Market,6.5,2019-12-31
3979,37,40k-75k,Fair,South,Mass Market,6.1,2020-05-25
3980,51,200k+,Good,West,Mass Market,14.1,2012-05-25
3981,36,40k-75k,Poor,South,Mass Market,8.5,2017-12-31
3982,50,200k+,Excellent,Midwest,Mass Market,7.5,2018-12-31
3983,39,<40k,Good,West,Mass Market,6.1,2020-05-25
3984,53,75k-125k,Excellent,Midwest,Mass Market,6.5,2019-12-31
3985,61,125k-200k,Good,West,Affluent,9.5,2016-12-31
3986,36,40k-75k,Good,Northeast,Mass Market,0.9,2025-08-07
3987,26,75k-125k,Excellent,West,Mass Market,9.2,2017-04-19
3988,47,75k-125k,Good,South,Affluent,8.5,2017-12-31
3989,71,40k-75k,Fair,South,Mass Market,2.4,2024-02-06
3990,31,40k-75k,Excellent,Midwest,Mass Market,2.4,2024-02-06
3991,42,75k-125k,Poor,South,Mass Market,0.5,2025-12-31
3992,47,200k+,Good,Northeast,Mass Market,1.3,2025-03-14
3993,39,40k-75k,Good,Northeast,Mass Market,11.0,2015-07-02
3994,44,125k-200k,Poor,Northeast,Affluent,7.1,2019-05-26
3995,50,75k-125k,Good,Northeast,Mass Market,1.7,2024-10-19
3996,56,125k-200k,Good,Northeast,Mass Market,3.1,2023-05-26
3997,24,125k-200k,Poor,Northeast,Mass Market,2.0,2024-07-01
3998,36,40k-75k,Good,Northeast,Mass Market,19.9,2006-08-07
3999,25,40k-75k,Excellent,Northeast,Mass Market,8.1,2018-05-26
4000,52,40k-75k,Good,Northeast,Affluent,6.6,2019-11-25
4001,69,75k-125k,Good,Northeast,Mass Market,0.8,2025-09-12
4002,35,125k-200k,Excellent,Midwest,Mass Market,0.2,2026-04-19
4003,41,75k-125k,Good,West,Mass Market,0.6,2025-11-24
4004,51,75k-125k,Good,Midwest,Mass Market,0.2,2026-04-19
4005,42,75k-125k,Good,South,Mass Market,4.2,2022-04-19
4006,48,125k-200k,Excellent,Midwest,Mass Market,4.0,2022-07-01
4007,28,<40k,Excellent,Midwest,Mass Market,2.8,2023-09-13
4008,44,40k-75k,Good,Midwest,Mass Market,11.1,2015-05-26
4009,67,40k-75k,Excellent,Midwest,Affluent,5.2,2021-04-19
4010,56,40k-75k,Excellent,Northeast,Mass Market,16.3,2010-03-14
4011,42,75k-125k,Fair,West,Mass Market,2.1,2024-05-25
4012,52,40k-75k,Good,Midwest,Mass Market,8.3,2018-03-14
4013,35,125k-200k,Poor,West,Mass Market,1.0,2025-07-01
4014,53,125k-200k,Good,West,Mass Market,2.1,2024-05-25
4015,62,200k+,Excellent,South,Private Banking,2.8,2023-09-13
4016,68,125k-200k,Fair,Midwest,Mass Market,1.8,2024-09-12
4017,21,125k-200k,Good,Northeast,Mass Market,2.9,2023-08-07
4018,41,125k-200k,Good,West,Affluent,9.5,2016-12-31
4019,32,75k-125k,Good,South,Mass Market,3.7,2022-10-19
4020,41,75k-125k,Excellent,Midwest,Mass Market,3.9,2022-08-07
4021,59,75k-125k,Fair,West,Mass Market,0.2,2026-04-19
4022,58,40k-75k,Fair,Northeast,Mass Market,11.6,2014-11-25
4023,31,40k-75k,Good,Northeast,Mass Market,3.4,2023-02-06
4024,27,75k-125k,Excellent,Midwest,Mass Market,7.8,2018-09-13
4025,68,40k-75k,Good,Midwest,Mass Market,21.6,2004-11-24
4026,59,40k-75k,Excellent,South,Mass Market,0.9,2025-08-07
4027,61,200k+,Fair,West,Affluent,4.5,2021-12-31
4028,43,125k-200k,Fair,Midwest,Affluent,2.8,2023-09-13
4029,41,200k+,Good,South,Affluent,4.0,2022-07-01
4030,46,40k-75k,Good,Midwest,Mass Market,2.4,2024-02-06
4031,42,40k-75k,Fair,West,Mass Market,5.2,2021-04-19
4032,32,200k+,Fair,West,Private Banking,11.9,2014-08-07
4033,32,125k-200k,Good,South,Affluent,4.5,2021-12-31
4034,54,40k-75k,Good,Midwest,Mass Market,6.6,2019-11-25
4035,53,75k-125k,Good,South,Mass Market,9.1,2017-05-26
4036,50,40k-75k,Poor,South,Mass Market,1.0,2025-07-01
4037,41,200k+,Fair,West,Mass Market,1.0,2025-07-01
4038,43,200k+,Good,Northeast,Private Banking,0.5,2025-12-31
4039,35,125k-200k,Poor,Midwest,Mass Market,0.9,2025-08-07
4040,28,75k-125k,Excellent,Northeast,Affluent,10.6,2015-11-25
4041,68,40k-75k,Good,West,Mass Market,4.2,2022-04-19
4042,31,75k-125k,Good,West,Mass Market,2.9,2023-08-07
4043,39,<40k,Good,South,Mass Market,5.9,2020-08-07
4044,46,40k-75k,Fair,Midwest,Mass Market,2.6,2023-11-25
4045,65,40k-75k,Excellent,West,Mass Market,8.4,2018-02-05
4046,52,75k-125k,Fair,West,Affluent,1.1,2025-05-26
4047,46,40k-75k,Good,Midwest,Mass Market,4.2,2022-04-19
4048,57,125k-200k,Poor,Midwest,Mass Market,0.2,2026-04-19
4049,48,75k-125k,Poor,West,Mass Market,0.2,2026-04-19
4050,41,75k-125k,Good,Midwest,Affluent,9.5,2016-12-31
4051,69,125k-200k,Fair,West,Mass Market,2.0,2024-07-01
4052,48,200k+,Poor,Northeast,Affluent,1.6,2024-11-24
4053,44,125k-200k,Excellent,Midwest,Mass Market,17.9,2008-08-07
4054,39,40k-75k,Good,Northeast,Mass Market,4.4,2022-02-05
4055,34,125k-200k,Fair,South,Mass Market,4.9,2021-08-07
4056,59,125k-200k,Good,Midwest,Mass Market,18.9,2007-08-07
4057,48,75k-125k,Fair,West,Mass Market,2.1,2024-05-25
4058,47,200k+,Excellent,Northeast,Private Banking,1.3,2025-03-14
4059,39,75k-125k,Fair,Midwest,Mass Market,2.1,2024-05-25
4060,37,125k-200k,Excellent,West,Mass Market,2.6,2023-11-25
4061,25,200k+,Poor,West,Mass Market,14.6,2011-11-25
4062,46,200k+,Excellent,Northeast,Affluent,0.7,2025-10-19
4063,53,40k-75k,Excellent,South,Affluent,23.0,2003-07-02
4064,71,200k+,Good,Northeast,Private Banking,2.8,2023-09-13
4065,48,125k-200k,Excellent,West,Affluent,3.2,2023-04-20
4066,35,125k-200k,Poor,Northeast,Mass Market,2.2,2024-04-19
4067,30,<40k,Good,West,Mass Market,5.6,2020-11-24
4068,43,40k-75k,Good,South,Mass Market,5.3,2021-03-14
4069,53,40k-75k,Good,South,Mass Market,7.4,2019-02-06
4070,62,75k-125k,Fair,West,Mass Market,2.0,2024-07-01
4071,25,75k-125k,Excellent,South,Mass Market,2.4,2024-02-06
4072,52,40k-75k,Good,South,Mass Market,3.8,2022-09-13
4073,27,125k-200k,Excellent,Midwest,Affluent,5.5,2020-12-31
4074,55,75k-125k,Good,West,Mass Market,7.8,2018-09-13
4075,45,200k+,Excellent,Midwest,Private Banking,1.5,2024-12-31
4076,49,125k-200k,Good,South,Private Banking,1.2,2025-04-19
4077,39,<40k,Fair,Northeast,Mass Market,16.1,2010-05-26
4078,32,75k-125k,Fair,South,Mass Market,5.4,2021-02-05
4079,48,75k-125k,Excellent,Northeast,Mass Market,5.5,2020-12-31
4080,34,40k-75k,Poor,Northeast,Mass Market,4.6,2021-11-24
4081,33,125k-200k,Excellent,Midwest,Affluent,4.8,2021-09-12
4082,43,125k-200k,Poor,West,Affluent,1.9,2024-08-07
4083,37,40k-75k,Fair,Northeast,Mass Market,8.6,2017-11-24
4084,36,125k-200k,Good,West,Mass Market,10.8,2015-09-13
4085,39,75k-125k,Good,South,Mass Market,0.7,2025-10-19
4086,47,200k+,Excellent,West,Mass Market,15.0,2011-07-02
4087,74,40k-75k,Good,West,Mass Market,3.7,2022-10-19
4088,50,200k+,Good,Midwest,Affluent,2.0,2024-07-01
4089,21,125k-200k,Excellent,Midwest,Mass Market,11.7,2014-10-19
4090,62,75k-125k,Good,West,Mass Market,2.0,2024-07-01
4091,43,200k+,Good,West,Private Banking,1.7,2024-10-19
4092,44,75k-125k,Good,Northeast,Mass Market,0.8,2025-09-12
4093,29,40k-75k,Good,South,Mass Market,7.6,2018-11-25
4094,55,<40k,Poor,Midwest,Mass Market,0.3,2026-03-14
4095,65,40k-75k,Excellent,South,Mass Market,1.4,2025-02-05
4096,41,125k-200k,Good,Northeast,Affluent,2.0,2024-07-01
4097,35,125k-200k,Poor,Northeast,Mass Market,0.2,2026-04-19
4098,45,125k-200k,Fair,West,Mass Market,5.1,2021-05-26
4099,36,125k-200k,Excellent,West,Mass Market,11.7,2014-10-19
4100,51,75k-125k,Fair,West,Affluent,7.9,2018-08-07
4101,51,40k-75k,Excellent,South,Mass Market,4.7,2021-10-19
4102,47,<40k,Poor,Midwest,Mass Market,1.8,2024-09-12
4103,47,40k-75k,Poor,Northeast,Mass Market,3.9,2022-08-07
4104,30,125k-200k,Good,South,Mass Market,12.1,2014-05-26
4105,41,200k+,Excellent,Northeast,Private Banking,1.1,2025-05-26
4106,60,40k-75k,Good,West,Affluent,9.9,2016-08-07
4107,23,<40k,Poor,West,Mass Market,9.1,2017-05-26
4108,47,75k-125k,Good,West,Mass Market,14.1,2012-05-25
4109,36,75k-125k,Good,South,Mass Market,16.0,2010-07-01
4110,65,40k-75k,Excellent,West,Mass Market,1.1,2025-05-26
4111,29,200k+,Fair,South,Mass Market,4.6,2021-11-24
4112,22,75k-125k,Poor,Northeast,Mass Market,4.0,2022-07-01
4113,80,125k-200k,Good,South,Affluent,7.5,2018-12-31
4114,40,200k+,Fair,West,Private Banking,1.3,2025-03-14
4115,32,125k-200k,Good,South,Mass Market,28.0,1998-07-01
4116,36,125k-200k,Excellent,West,Mass Market,2.7,2023-10-19
4117,57,75k-125k,Fair,South,Mass Market,5.0,2021-07-01
4118,39,75k-125k,Good,Midwest,Mass Market,15.6,2010-11-25
4119,50,40k-75k,Good,Midwest,Mass Market,4.7,2021-10-19
4120,37,75k-125k,Fair,South,Mass Market,3.8,2022-09-13
4121,58,40k-75k,Good,Midwest,Mass Market,0.7,2025-10-19
4122,31,200k+,Good,Midwest,Affluent,1.6,2024-11-24
4123,43,75k-125k,Excellent,Midwest,Affluent,4.2,2022-04-19
4124,38,200k+,Excellent,South,Affluent,3.0,2023-07-02
4125,38,40k-75k,Poor,South,Mass Market,2.1,2024-05-25
4126,34,75k-125k,Fair,Northeast,Mass Market,10.4,2016-02-06
4127,24,200k+,Good,Northeast,Mass Market,2.7,2023-10-19
4128,31,<40k,Poor,Midwest,Mass Market,7.5,2018-12-31
4129,29,75k-125k,Excellent,South,Mass Market,5.9,2020-08-07
4130,50,75k-125k,Good,South,Mass Market,1.4,2025-02-05
4131,41,40k-75k,Poor,South,Mass Market,14.1,2012-05-25
4132,42,40k-75k,Fair,Midwest,Mass Market,1.0,2025-07-01
4133,42,125k-200k,Good,Midwest,Private Banking,4.0,2022-07-01
4134,24,<40k,Fair,Midwest,Mass Market,0.7,2025-10-19
4135,30,75k-125k,Good,West,Mass Market,0.6,2025-11-24
4136,50,40k-75k,Excellent,West,Mass Market,1.2,2025-04-19
4137,34,125k-200k,Excellent,Midwest,Mass Market,0.2,2026-04-19
4138,60,75k-125k,Fair,Midwest,Mass Market,2.4,2024-02-06
4139,54,<40k,Excellent,Midwest,Mass Market,9.0,2017-07-01
4140,54,75k-125k,Good,Midwest,Affluent,3.0,2023-07-02
4141,56,75k-125k,Good,South,Mass Market,0.4,2026-02-05
4142,43,75k-125k,Good,Northeast,Mass Market,1.2,2025-04-19
4143,46,125k-200k,Good,Midwest,Affluent,0.2,2026-04-19
4144,59,125k-200k,Good,Northeast,Affluent,11.7,2014-10-19
4145,51,75k-125k,Good,Northeast,Mass Market,1.6,2024-11-24
4146,46,40k-75k,Poor,South,Mass Market,5.1,2021-05-26
4147,45,125k-200k,Excellent,Northeast,Private Banking,0.9,2025-08-07
4148,47,200k+,Good,West,Affluent,1.9,2024-08-07
4149,50,200k+,Good,Midwest,Affluent,7.6,2018-11-25
4150,63,40k-75k,Fair,Midwest,Mass Market,1.6,2024-11-24
4151,63,125k-200k,Fair,West,Mass Market,4.4,2022-02-05
4152,53,75k-125k,Excellent,South,Mass Market,2.6,2023-11-25
4153,25,75k-125k,Good,South,Mass Market,0.2,2026-04-19
4154,34,40k-75k,Poor,Midwest,Mass Market,4.2,2022-04-19
4155,43,75k-125k,Poor,West,Affluent,0.2,2026-04-19
4156,42,75k-125k,Good,Northeast,Affluent,0.3,2026-03-14
4157,57,125k-200k,Poor,West,Mass Market,0.2,2026-04-19
4158,21,<40k,Fair,Midwest,Mass Market,2.1,2024-05-25
4159,53,75k-125k,Good,Northeast,Affluent,1.5,2024-12-31
4160,51,75k-125k,Fair,West,Mass Market,0.9,2025-08-07
4161,45,40k-75k,Good,Northeast,Mass Market,0.6,2025-11-24
4162,25,200k+,Excellent,Midwest,Affluent,3.0,2023-07-02
4163,82,<40k,Fair,South,Mass Market,2.4,2024-02-06
4164,73,125k-200k,Good,Midwest,Mass Market,0.2,2026-04-19
4165,43,125k-200k,Fair,West,Mass Market,1.5,2024-12-31
4166,43,75k-125k,Fair,Northeast,Affluent,8.9,2017-08-07
4167,66,75k-125k,Excellent,Midwest,Mass Market,9.1,2017-05-26
4168,36,75k-125k,Good,Northeast,Affluent,12.9,2013-08-07
4169,32,75k-125k,Excellent,South,Mass Market,0.5,2025-12-31
4170,41,125k-200k,Good,Northeast,Affluent,5.4,2021-02-05
4171,37,75k-125k,Good,Northeast,Affluent,3.3,2023-03-14
4172,58,125k-200k,Poor,West,Mass Market,6.8,2019-09-13
4173,75,75k-125k,Fair,Northeast,Affluent,1.9,2024-08-07
4174,37,40k-75k,Fair,West,Mass Market,2.3,2024-03-13
4175,67,75k-125k,Fair,South,Mass Market,19.3,2007-03-14
4176,49,125k-200k,Excellent,Midwest,Private Banking,2.3,2024-03-13
4177,44,125k-200k,Good,Northeast,Affluent,0.6,2025-11-24
4178,61,75k-125k,Poor,West,Mass Market,4.7,2021-10-19
4179,48,125k-200k,Fair,Northeast,Affluent,28.0,1998-07-01
4180,52,40k-75k,Poor,South,Mass Market,9.7,2016-10-19
4181,41,125k-200k,Fair,Midwest,Affluent,0.8,2025-09-12
4182,32,75k-125k,Good,Midwest,Mass Market,2.3,2024-03-13
4183,55,<40k,Fair,West,Mass Market,0.2,2026-04-19
4184,41,75k-125k,Excellent,South,Mass Market,0.2,2026-04-19
4185,21,<40k,Poor,South,Mass Market,3.3,2023-03-14
4186,50,125k-200k,Good,West,Affluent,24.8,2001-09-12
4187,29,40k-75k,Good,West,Affluent,0.7,2025-10-19
4188,36,125k-200k,Excellent,Midwest,Affluent,12.1,2014-05-26
4189,49,<40k,Fair,West,Mass Market,2.5,2023-12-31
4190,41,75k-125k,Good,Northeast,Mass Market,1.1,2025-05-26
4191,58,75k-125k,Excellent,Northeast,Mass Market,0.8,2025-09-12
4192,70,125k-200k,Excellent,Midwest,Affluent,2.9,2023-08-07
4193,44,200k+,Fair,Northeast,Affluent,11.0,2015-07-02
4194,41,200k+,Excellent,South,Mass Market,0.3,2026-03-14
4195,45,125k-200k,Good,West,Affluent,0.6,2025-11-24
4196,36,75k-125k,Excellent,Northeast,Mass Market,9.0,2017-07-01
4197,30,40k-75k,Excellent,Midwest,Mass Market,14.5,2011-12-31
4198,36,75k-125k,Excellent,Northeast,Affluent,0.3,2026-03-14
4199,47,125k-200k,Excellent,West,Affluent,5.9,2020-08-07
4200,52,125k-200k,Good,South,Affluent,0.4,2026-02-05
4201,32,125k-200k,Poor,Midwest,Mass Market,5.4,2021-02-05
4202,39,40k-75k,Fair,Northeast,Mass Market,2.3,2024-03-13
4203,22,125k-200k,Excellent,Midwest,Mass Market,0.5,2025-12-31
4204,43,<40k,Excellent,South,Mass Market,0.2,2026-04-19
4205,49,200k+,Fair,Northeast,Affluent,3.3,2023-03-14
4206,70,40k-75k,Fair,West,Mass Market,3.3,2023-03-14
4207,32,40k-75k,Excellent,Midwest,Mass Market,1.3,2025-03-14
4208,21,<40k,Fair,Northeast,Mass Market,2.9,2023-08-07
4209,57,125k-200k,Good,South,Affluent,9.2,2017-04-19
4210,22,75k-125k,Excellent,West,Mass Market,0.9,2025-08-07
4211,37,75k-125k,Good,South,Mass Market,7.7,2018-10-19
4212,51,75k-125k,Fair,South,Mass Market,9.1,2017-05-26
4213,48,125k-200k,Fair,Midwest,Mass Market,11.5,2014-12-31
4214,47,75k-125k,Good,West,Mass Market,3.6,2022-11-25
4215,51,75k-125k,Fair,Northeast,Mass Market,3.9,2022-08-07
4216,51,125k-200k,Fair,Midwest,Mass Market,4.5,2021-12-31
4217,48,75k-125k,Good,Midwest,Affluent,4.6,2021-11-24
4218,70,75k-125k,Good,West,Mass Market,10.6,2015-11-25
4219,45,200k+,Excellent,Midwest,Affluent,1.2,2025-04-19
4220,31,200k+,Good,South,Mass Market,4.2,2022-04-19
4221,46,40k-75k,Fair,West,Mass Market,6.6,2019-11-25
4222,27,125k-200k,Fair,South,Mass Market,0.3,2026-03-14
4223,29,125k-200k,Good,West,Affluent,5.5,2020-12-31
4224,46,40k-75k,Fair,West,Mass Market,0.5,2025-12-31
4225,54,75k-125k,Excellent,South,Mass Market,6.4,2020-02-06
4226,54,<40k,Good,Northeast,Mass Market,6.8,2019-09-13
4227,31,75k-125k,Excellent,South,Mass Market,1.8,2024-09-12
4228,41,125k-200k,Fair,West,Mass Market,0.2,2026-04-19
4229,49,40k-75k,Excellent,South,Affluent,0.8,2025-09-12
4230,65,40k-75k,Good,West,Mass Market,0.3,2026-03-14
4231,61,75k-125k,Excellent,West,Affluent,21.1,2005-05-26
4232,36,40k-75k,Poor,Midwest,Mass Market,8.7,2017-10-19
4233,35,40k-75k,Good,Midwest,Mass Market,2.4,2024-02-06
4234,72,200k+,Fair,West,Private Banking,0.6,2025-11-24
4235,30,125k-200k,Good,South,Mass Market,1.8,2024-09-12
4236,28,75k-125k,Good,South,Mass Market,1.2,2025-04-19
4237,41,125k-200k,Fair,South,Mass Market,14.3,2012-03-13
4238,27,125k-200k,Excellent,West,Mass Market,0.7,2025-10-19
4239,46,<40k,Fair,Northeast,Mass Market,0.3,2026-03-14
4240,30,200k+,Poor,South,Mass Market,12.1,2014-05-26
4241,21,75k-125k,Good,South,Mass Market,7.9,2018-08-07
4242,48,200k+,Fair,South,Private Banking,1.5,2024-12-31
4243,66,200k+,Excellent,Midwest,Affluent,18.8,2007-09-13
4244,62,125k-200k,Good,Northeast,Mass Market,10.2,2016-04-19
4245,76,40k-75k,Excellent,West,Mass Market,11.4,2015-02-06
4246,62,125k-200k,Good,South,Affluent,3.0,2023-07-02
4247,47,125k-200k,Good,West,Mass Market,0.9,2025-08-07
4248,36,75k-125k,Good,West,Mass Market,8.0,2018-07-01
4249,45,40k-75k,Poor,West,Mass Market,0.8,2025-09-12
4250,48,40k-75k,Poor,Northeast,Affluent,4.8,2021-09-12
4251,42,200k+,Excellent,Midwest,Affluent,14.2,2012-04-19
4252,41,200k+,Good,South,Private Banking,0.2,2026-04-19
4253,21,75k-125k,Fair,West,Affluent,0.2,2026-04-19
4254,51,125k-200k,Fair,Midwest,Mass Market,6.2,2020-04-19
4255,37,75k-125k,Poor,South,Mass Market,3.8,2022-09-13
4256,44,75k-125k,Good,West,Mass Market,0.2,2026-04-19
4257,33,75k-125k,Fair,Midwest,Mass Market,4.5,2021-12-31
4258,37,40k-75k,Fair,West,Affluent,0.2,2026-04-19
4259,60,200k+,Poor,Midwest,Mass Market,1.4,2025-02-05
4260,45,<40k,Excellent,Midwest,Mass Market,0.5,2025-12-31
4261,21,75k-125k,Good,Northeast,Mass Market,4.0,2022-07-01
4262,33,75k-125k,Good,West,Affluent,1.3,2025-03-14
4263,48,125k-200k,Fair,Midwest,Mass Market,3.7,2022-10-19
4264,36,200k+,Excellent,Midwest,Affluent,5.1,2021-05-26
4265,44,125k-200k,Excellent,West,Mass Market,4.8,2021-09-12
4266,51,40k-75k,Good,South,Mass Market,2.6,2023-11-25
4267,42,75k-125k,Good,Northeast,Affluent,6.5,2019-12-31
4268,32,75k-125k,Fair,Northeast,Mass Market,0.5,2025-12-31
4269,55,<40k,Good,Northeast,Affluent,17.0,2009-07-01
4270,48,125k-200k,Fair,Northeast,Mass Market,7.4,2019-02-06
4271,53,<40k,Fair,Midwest,Mass Market,1.2,2025-04-19
4272,52,40k-75k,Poor,Midwest,Mass Market,13.9,2012-08-07
4273,41,40k-75k,Excellent,South,Mass Market,7.1,2019-05-26
4274,31,40k-75k,Fair,West,Mass Market,7.4,2019-02-06
4275,46,200k+,Excellent,South,Affluent,1.2,2025-04-19
4276,21,40k-75k,Fair,Northeast,Mass Market,4.1,2022-05-26
4277,37,40k-75k,Fair,Midwest,Mass Market,0.6,2025-11-24
4278,58,75k-125k,Fair,South,Mass Market,6.6,2019-11-25
4279,50,200k+,Good,South,Private Banking,19.6,2006-11-25
4280,37,200k+,Excellent,West,Private Banking,0.2,2026-04-19
4281,75,125k-200k,Excellent,West,Affluent,6.3,2020-03-13
4282,44,40k-75k,Fair,Midwest,Mass Market,9.6,2016-11-24
4283,45,75k-125k,Poor,Midwest,Mass Market,4.5,2021-12-31
4284,31,40k-75k,Excellent,Northeast,Mass Market,0.2,2026-04-19
4285,36,40k-75k,Poor,Northeast,Mass Market,14.6,2011-11-25
4286,53,40k-75k,Fair,Midwest,Mass Market,7.5,2018-12-31
4287,37,200k+,Good,West,Affluent,1.5,2024-12-31
4288,61,<40k,Poor,Northeast,Mass Market,4.0,2022-07-01
4289,51,40k-75k,Good,South,Mass Market,14.3,2012-03-13
4290,50,40k-75k,Fair,Northeast,Mass Market,4.4,2022-02-05
4291,35,40k-75k,Poor,West,Mass Market,3.6,2022-11-25
4292,57,40k-75k,Fair,West,Mass Market,0.6,2025-11-24
4293,43,75k-125k,Good,Northeast,Affluent,23.5,2002-12-31
4294,40,125k-200k,Good,Midwest,Mass Market,0.2,2026-04-19
4295,32,75k-125k,Fair,West,Mass Market,6.2,2020-04-19
4296,51,75k-125k,Poor,Midwest,Mass Market,9.9,2016-08-07
4297,46,125k-200k,Excellent,Northeast,Affluent,1.7,2024-10-19
4298,48,200k+,Excellent,South,Private Banking,18.0,2008-07-01
4299,35,<40k,Excellent,Midwest,Affluent,2.0,2024-07-01
4300,33,40k-75k,Fair,South,Mass Market,0.2,2026-04-19
4301,38,75k-125k,Poor,Midwest,Affluent,6.8,2019-09-13
4302,66,125k-200k,Excellent,West,Affluent,0.2,2026-04-19
4303,43,75k-125k,Good,South,Mass Market,8.3,2018-03-14
4304,44,125k-200k,Fair,South,Mass Market,3.9,2022-08-07
4305,47,125k-200k,Excellent,West,Affluent,0.2,2026-04-19
4306,34,200k+,Fair,Midwest,Affluent,13.1,2013-05-26
4307,35,75k-125k,Good,Northeast,Mass Market,3.9,2022-08-07
4308,45,200k+,Poor,Northeast,Private Banking,7.1,2019-05-26
4309,32,<40k,Good,Midwest,Mass Market,5.0,2021-07-01
4310,41,125k-200k,Fair,South,Mass Market,9.9,2016-08-07
4311,29,40k-75k,Excellent,Northeast,Mass Market,6.2,2020-04-19
4312,21,125k-200k,Fair,West,Mass Market,15.4,2011-02-06
4313,55,40k-75k,Excellent,Midwest,Affluent,2.2,2024-04-19
4314,28,75k-125k,Good,Midwest,Affluent,0.7,2025-10-19
4315,41,40k-75k,Good,Midwest,Mass Market,9.1,2017-05-26
4316,38,40k-75k,Good,West,Mass Market,0.8,2025-09-12
4317,67,125k-200k,Good,Northeast,Mass Market,0.6,2025-11-24
4318,37,75k-125k,Fair,Northeast,Mass Market,4.5,2021-12-31
4319,39,200k+,Good,Northeast,Affluent,16.1,2010-05-26
4320,38,75k-125k,Good,West,Mass Market,0.8,2025-09-12
4321,30,200k+,Good,West,Mass Market,0.8,2025-09-12
4322,42,125k-200k,Excellent,Northeast,Private Banking,2.2,2024-04-19
4323,39,200k+,Fair,West,Affluent,3.4,2023-02-06
4324,50,40k-75k,Good,Northeast,Mass Market,2.9,2023-08-07
4325,42,200k+,Excellent,Northeast,Affluent,0.8,2025-09-12
4326,48,75k-125k,Excellent,South,Mass Market,18.7,2007-10-19
4327,33,200k+,Good,South,Affluent,12.2,2014-04-19
4328,47,200k+,Excellent,Midwest,Private Banking,2.4,2024-02-06
4329,39,75k-125k,Fair,West,Mass Market,5.4,2021-02-05
4330,80,75k-125k,Poor,South,Mass Market,4.4,2022-02-05
4331,46,75k-125k,Good,Midwest,Mass Market,1.5,2024-12-31
4332,44,<40k,Good,South,Mass Market,1.4,2025-02-05
4333,39,200k+,Good,South,Mass Market,26.4,2000-02-06
4334,38,75k-125k,Fair,South,Mass Market,16.7,2009-10-19
4335,22,75k-125k,Good,Northeast,Mass Market,6.0,2020-07-01
4336,55,125k-200k,Excellent,West,Mass Market,2.7,2023-10-19
4337,42,200k+,Good,Northeast,Private Banking,23.6,2002-11-25
4338,37,<40k,Poor,Northeast,Mass Market,10.7,2015-10-19
4339,36,125k-200k,Good,Northeast,Mass Market,3.0,2023-07-02
4340,27,75k-125k,Good,South,Affluent,2.0,2024-07-01
4341,67,200k+,Excellent,West,Affluent,8.8,2017-09-12
4342,78,40k-75k,Poor,West,Mass Market,14.1,2012-05-25
4343,29,200k+,Good,Northeast,Mass Market,1.0,2025-07-01
4344,57,200k+,Excellent,Midwest,Affluent,3.5,2022-12-31
4345,37,75k-125k,Good,Midwest,Mass Market,1.6,2024-11-24
4346,43,40k-75k,Good,Midwest,Mass Market,1.4,2025-02-05
4347,47,75k-125k,Excellent,Midwest,Private Banking,0.6,2025-11-24
4348,52,40k-75k,Excellent,South,Mass Market,10.8,2015-09-13
4349,51,75k-125k,Excellent,Northeast,Affluent,1.4,2025-02-05
4350,43,75k-125k,Poor,Northeast,Mass Market,1.9,2024-08-07
4351,32,75k-125k,Fair,Northeast,Affluent,5.3,2021-03-14
4352,72,40k-75k,Fair,South,Mass Market,3.8,2022-09-13
4353,49,75k-125k,Good,South,Mass Market,0.5,2025-12-31
4354,48,40k-75k,Excellent,West,Affluent,17.9,2008-08-07
4355,53,40k-75k,Fair,Northeast,Mass Market,8.1,2018-05-26
4356,45,75k-125k,Excellent,South,Affluent,10.9,2015-08-07
4357,39,75k-125k,Fair,West,Mass Market,2.5,2023-12-31
4358,37,75k-125k,Excellent,West,Mass Market,12.7,2013-10-19
4359,43,75k-125k,Excellent,Northeast,Affluent,12.9,2013-08-07
4360,44,<40k,Good,Midwest,Affluent,3.3,2023-03-14
4361,21,40k-75k,Poor,South,Mass Market,1.0,2025-07-01
4362,45,200k+,Good,West,Mass Market,0.3,2026-03-14
4363,53,40k-75k,Good,Northeast,Mass Market,5.0,2021-07-01
4364,72,200k+,Good,West,Private Banking,8.7,2017-10-19
4365,40,40k-75k,Good,West,Mass Market,0.2,2026-04-19
4366,46,<40k,Good,Northeast,Mass Market,3.6,2022-11-25
4367,55,40k-75k,Fair,Northeast,Mass Market,10.4,2016-02-06
4368,55,40k-75k,Fair,Northeast,Mass Market,1.1,2025-05-26
4369,35,200k+,Excellent,West,Affluent,0.4,2026-02-05
4370,33,<40k,Fair,South,Mass Market,3.6,2022-11-25
4371,40,125k-200k,Poor,Midwest,Mass Market,3.2,2023-04-20
4372,47,40k-75k,Fair,Midwest,Mass Market,5.5,2020-12-31
4373,36,125k-200k,Fair,Midwest,Mass Market,0.8,2025-09-12
4374,38,40k-75k,Poor,West,Mass Market,3.0,2023-07-02
4375,39,40k-75k,Fair,Northeast,Mass Market,0.3,2026-03-14
4376,61,<40k,Fair,South,Mass Market,0.4,2026-02-05
4377,38,125k-200k,Fair,South,Mass Market,1.3,2025-03-14
4378,58,40k-75k,Good,West,Mass Market,9.2,2017-04-19
4379,41,40k-75k,Poor,South,Mass Market,2.6,2023-11-25
4380,45,75k-125k,Excellent,Midwest,Mass Market,2.8,2023-09-13
4381,58,40k-75k,Fair,Midwest,Mass Market,3.2,2023-04-20
4382,69,40k-75k,Good,West,Mass Market,16.1,2010-05-26
4383,37,75k-125k,Good,South,Affluent,9.4,2017-02-05
4384,54,75k-125k,Fair,Northeast,Mass Market,4.7,2021-10-19
4385,56,75k-125k,Fair,Northeast,Mass Market,3.5,2022-12-31
4386,43,<40k,Poor,West,Mass Market,2.9,2023-08-07
4387,64,200k+,Poor,Northeast,Mass Market,2.8,2023-09-13
4388,39,75k-125k,Fair,Northeast,Mass Market,6.7,2019-10-19
4389,38,40k-75k,Excellent,Midwest,Mass Market,2.6,2023-11-25
4390,34,200k+,Excellent,Midwest,Mass Market,11.2,2015-04-20
4391,71,75k-125k,Excellent,South,Mass Market,5.3,2021-03-14
4392,45,125k-200k,Excellent,West,Affluent,4.1,2022-05-26
4393,57,40k-75k,Fair,Midwest,Mass Market,1.4,2025-02-05
4394,39,75k-125k,Poor,Northeast,Mass Market,11.1,2015-05-26
4395,48,75k-125k,Excellent,South,Affluent,7.9,2018-08-07
4396,32,<40k,Excellent,West,Mass Market,11.8,2014-09-13
4397,38,200k+,Fair,West,Affluent,4.4,2022-02-05
4398,48,40k-75k,Good,South,Mass Market,7.4,2019-02-06
4399,51,75k-125k,Excellent,Midwest,Mass Market,3.7,2022-10-19
4400,55,200k+,Fair,Northeast,Mass Market,1.1,2025-05-26
4401,24,<40k,Poor,West,Mass Market,1.1,2025-05-26
4402,38,200k+,Good,South,Private Banking,3.9,2022-08-07
4403,52,75k-125k,Excellent,Midwest,Mass Market,6.0,2020-07-01
4404,60,40k-75k,Good,Midwest,Mass Market,0.2,2026-04-19
4405,36,40k-75k,Fair,Midwest,Mass Market,4.1,2022-05-26
4406,46,75k-125k,Excellent,West,Mass Market,9.4,2017-02-05
4407,66,125k-200k,Good,Northeast,Mass Market,3.4,2023-02-06
4408,54,125k-200k,Good,Northeast,Mass Market,18.6,2007-11-25
4409,61,40k-75k,Excellent,Northeast,Affluent,3.6,2022-11-25
4410,39,40k-75k,Poor,West,Mass Market,2.8,2023-09-13
4411,47,75k-125k,Fair,South,Affluent,1.2,2025-04-19
4412,46,<40k,Excellent,West,Mass Market,2.7,2023-10-19
4413,44,40k-75k,Poor,South,Mass Market,1.3,2025-03-14
4414,44,40k-75k,Good,South,Mass Market,2.3,2024-03-13
4415,42,75k-125k,Fair,South,Mass Market,22.1,2004-05-25
4416,35,40k-75k,Poor,West,Mass Market,6.0,2020-07-01
4417,39,<40k,Poor,West,Mass Market,2.5,2023-12-31
4418,52,75k-125k,Good,Midwest,Mass Market,1.6,2024-11-24
4419,43,125k-200k,Excellent,South,Affluent,5.4,2021-02-05
4420,43,125k-200k,Fair,West,Affluent,6.2,2020-04-19
4421,38,40k-75k,Fair,West,Mass Market,1.0,2025-07-01
4422,53,200k+,Excellent,Northeast,Affluent,7.6,2018-11-25
4423,33,75k-125k,Good,West,Mass Market,4.6,2021-11-24
4424,49,75k-125k,Good,Midwest,Mass Market,3.2,2023-04-20
4425,49,40k-75k,Good,Midwest,Mass Market,4.7,2021-10-19
4426,29,40k-75k,Good,Midwest,Mass Market,5.2,2021-04-19
4427,44,75k-125k,Excellent,West,Mass Market,4.7,2021-10-19
4428,42,200k+,Excellent,West,Mass Market,9.2,2017-04-19
4429,35,40k-75k,Good,Midwest,Mass Market,4.0,2022-07-01
4430,68,125k-200k,Good,West,Affluent,22.8,2003-09-13
4431,55,40k-75k,Good,West,Mass Market,1.3,2025-03-14
4432,47,125k-200k,Good,West,Affluent,2.1,2024-05-25
4433,21,40k-75k,Poor,Northeast,Mass Market,5.5,2020-12-31
4434,52,75k-125k,Good,Midwest,Mass Market,3.2,2023-04-20
4435,39,200k+,Excellent,Midwest,Mass Market,5.5,2020-12-31
4436,48,40k-75k,Good,Midwest,Mass Market,0.6,2025-11-24
4437,27,40k-75k,Excellent,Northeast,Mass Market,3.2,2023-04-20
4438,27,125k-200k,Good,West,Mass Market,2.7,2023-10-19
4439,34,125k-200k,Poor,South,Mass Market,2.2,2024-04-19
4440,39,40k-75k,Good,South,Mass Market,2.4,2024-02-06
4441,46,40k-75k,Good,West,Private Banking,8.4,2018-02-05
4442,56,75k-125k,Excellent,South,Mass Market,4.5,2021-12-31
4443,44,75k-125k,Excellent,Midwest,Mass Market,5.0,2021-07-01
4444,75,75k-125k,Good,South,Affluent,11.9,2014-08-07
4445,21,125k-200k,Poor,Midwest,Mass Market,1.6,2024-11-24
4446,21,200k+,Excellent,West,Affluent,9.4,2017-02-05
4447,46,125k-200k,Good,South,Mass Market,5.4,2021-02-05
4448,28,75k-125k,Good,South,Mass Market,3.2,2023-04-20
4449,42,125k-200k,Fair,Midwest,Mass Market,3.5,2022-12-31
4450,60,200k+,Good,Northeast,Private Banking,5.3,2021-03-14
4451,27,40k-75k,Fair,West,Mass Market,0.4,2026-02-05
4452,40,<40k,Fair,West,Mass Market,18.0,2008-07-01
4453,59,200k+,Good,Northeast,Affluent,6.4,2020-02-06
4454,48,75k-125k,Fair,South,Mass Market,2.1,2024-05-25
4455,50,200k+,Excellent,South,Mass Market,0.9,2025-08-07
4456,28,125k-200k,Good,Midwest,Mass Market,5.5,2020-12-31
4457,40,40k-75k,Excellent,Midwest,Mass Market,2.1,2024-05-25
4458,66,40k-75k,Poor,South,Mass Market,2.5,2023-12-31
4459,49,40k-75k,Fair,Midwest,Mass Market,2.0,2024-07-01
4460,26,125k-200k,Good,West,Mass Market,6.7,2019-10-19
4461,39,125k-200k,Poor,West,Mass Market,2.8,2023-09-13
4462,42,40k-75k,Fair,South,Mass Market,6.5,2019-12-31
4463,55,75k-125k,Good,Northeast,Affluent,11.0,2015-07-02
4464,35,40k-75k,Good,West,Affluent,0.2,2026-04-19
4465,44,75k-125k,Fair,West,Affluent,5.2,2021-04-19
4466,36,75k-125k,Fair,West,Mass Market,2.4,2024-02-06
4467,41,200k+,Good,South,Private Banking,4.9,2021-08-07
4468,29,<40k,Fair,West,Mass Market,2.8,2023-09-13
4469,28,75k-125k,Excellent,Northeast,Affluent,3.9,2022-08-07
4470,38,200k+,Excellent,West,Private Banking,1.3,2025-03-14
4471,39,75k-125k,Excellent,Midwest,Affluent,2.9,2023-08-07
4472,39,200k+,Fair,Midwest,Private Banking,1.3,2025-03-14
4473,48,125k-200k,Good,West,Private Banking,10.3,2016-03-13
4474,61,75k-125k,Good,Midwest,Mass Market,3.2,2023-04-20
4475,53,40k-75k,Excellent,Northeast,Mass Market,11.0,2015-07-02
4476,66,200k+,Fair,Northeast,Affluent,2.0,2024-07-01
4477,51,200k+,Fair,South,Mass Market,11.4,2015-02-06
4478,44,125k-200k,Fair,Midwest,Mass Market,5.0,2021-07-01
4479,28,40k-75k,Excellent,West,Mass Market,6.7,2019-10-19
4480,46,75k-125k,Fair,West,Mass Market,3.6,2022-11-25
4481,26,200k+,Excellent,South,Private Banking,2.9,2023-08-07
4482,43,200k+,Excellent,South,Affluent,9.7,2016-10-19
4483,24,200k+,Good,South,Private Banking,3.3,2023-03-14
4484,45,200k+,Excellent,Midwest,Private Banking,25.8,2000-09-12
4485,29,75k-125k,Good,Midwest,Mass Market,3.1,2023-05-26
4486,47,40k-75k,Good,West,Mass Market,1.6,2024-11-24
4487,52,125k-200k,Excellent,West,Affluent,3.1,2023-05-26
4488,41,125k-200k,Fair,Northeast,Affluent,0.4,2026-02-05
4489,52,125k-200k,Excellent,South,Affluent,5.9,2020-08-07
4490,44,40k-75k,Excellent,South,Mass Market,4.9,2021-08-07
4491,64,40k-75k,Good,West,Mass Market,3.7,2022-10-19
4492,45,75k-125k,Fair,Midwest,Mass Market,7.5,2018-12-31
4493,35,<40k,Good,Northeast,Mass Market,3.9,2022-08-07
4494,53,40k-75k,Excellent,Midwest,Mass Market,4.2,2022-04-19
4495,21,125k-200k,Good,West,Private Banking,25.8,2000-09-12
4496,33,125k-200k,Good,Northeast,Affluent,4.6,2021-11-24
4497,46,75k-125k,Good,West,Affluent,1.8,2024-09-12
4498,27,40k-75k,Good,Northeast,Mass Market,10.9,2015-08-07
4499,38,125k-200k,Excellent,South,Affluent,0.6,2025-11-24
4500,49,<40k,Poor,South,Mass Market,9.2,2017-04-19
4501,62,40k-75k,Excellent,Northeast,Mass Market,2.2,2024-04-19
4502,48,200k+,Excellent,Midwest,Affluent,1.6,2024-11-24
4503,34,40k-75k,Fair,Midwest,Mass Market,0.3,2026-03-14
4504,55,200k+,Fair,West,Mass Market,2.2,2024-04-19
4505,61,75k-125k,Excellent,Northeast,Mass Market,7.8,2018-09-13
4506,71,75k-125k,Good,South,Mass Market,12.8,2013-09-12
4507,40,75k-125k,Good,Northeast,Mass Market,8.4,2018-02-05
4508,28,200k+,Good,West,Affluent,4.9,2021-08-07
4509,43,125k-200k,Fair,Northeast,Affluent,3.1,2023-05-26
4510,44,125k-200k,Poor,South,Mass Market,5.3,2021-03-14
4511,45,125k-200k,Good,Midwest,Mass Market,17.3,2009-03-14
4512,50,75k-125k,Poor,Midwest,Mass Market,0.6,2025-11-24
4513,68,200k+,Poor,South,Affluent,4.0,2022-07-01
4514,51,40k-75k,Excellent,West,Mass Market,0.7,2025-10-19
4515,61,40k-75k,Excellent,South,Mass Market,6.0,2020-07-01
4516,64,200k+,Good,West,Mass Market,0.2,2026-04-19
4517,61,75k-125k,Good,Midwest,Private Banking,0.4,2026-02-05
4518,50,40k-75k,Good,South,Mass Market,10.1,2016-05-25
4519,48,125k-200k,Fair,West,Mass Market,2.7,2023-10-19
4520,57,40k-75k,Fair,Midwest,Mass Market,7.8,2018-09-13
4521,39,200k+,Excellent,Northeast,Affluent,1.7,2024-10-19
4522,69,75k-125k,Fair,West,Mass Market,9.6,2016-11-24
4523,52,75k-125k,Fair,South,Mass Market,0.2,2026-04-19
4524,21,200k+,Excellent,West,Affluent,7.4,2019-02-06
4525,61,40k-75k,Good,South,Mass Market,0.2,2026-04-19
4526,51,125k-200k,Excellent,Northeast,Mass Market,0.2,2026-04-19
4527,40,75k-125k,Good,West,Affluent,16.3,2010-03-14
4528,51,75k-125k,Good,West,Mass Market,4.0,2022-07-01
4529,48,<40k,Fair,South,Mass Market,2.4,2024-02-06
4530,58,<40k,Good,Midwest,Mass Market,10.7,2015-10-19
4531,58,200k+,Good,Midwest,Mass Market,1.4,2025-02-05
4532,51,200k+,Good,West,Affluent,1.4,2025-02-05
4533,58,125k-200k,Excellent,West,Affluent,2.1,2024-05-25
4534,65,<40k,Good,West,Mass Market,5.7,2020-10-19
4535,33,40k-75k,Fair,West,Mass Market,1.6,2024-11-24
4536,52,200k+,Fair,Midwest,Mass Market,1.2,2025-04-19
4537,53,125k-200k,Good,West,Mass Market,2.6,2023-11-25
4538,41,75k-125k,Poor,Midwest,Mass Market,6.3,2020-03-13
4539,43,200k+,Excellent,West,Affluent,2.1,2024-05-25
4540,50,125k-200k,Fair,West,Mass Market,12.9,2013-08-07
4541,41,40k-75k,Excellent,Northeast,Mass Market,2.3,2024-03-13
4542,35,75k-125k,Fair,Midwest,Mass Market,4.3,2022-03-14
4543,55,200k+,Excellent,South,Affluent,8.4,2018-02-05
4544,60,200k+,Excellent,Northeast,Mass Market,5.2,2021-04-19
4545,44,125k-200k,Fair,South,Mass Market,1.5,2024-12-31
4546,44,40k-75k,Good,Northeast,Mass Market,4.6,2021-11-24
4547,57,75k-125k,Excellent,Northeast,Affluent,5.7,2020-10-19
4548,30,75k-125k,Good,West,Mass Market,6.5,2019-12-31
4549,30,40k-75k,Fair,Northeast,Mass Market,2.3,2024-03-13
4550,43,75k-125k,Excellent,West,Mass Market,1.7,2024-10-19
4551,46,75k-125k,Good,South,Private Banking,6.0,2020-07-01
4552,45,75k-125k,Excellent,West,Mass Market,18.9,2007-08-07
4553,36,200k+,Excellent,South,Private Banking,9.0,2017-07-01
4554,33,75k-125k,Fair,West,Affluent,1.2,2025-04-19
4555,42,40k-75k,Good,Midwest,Mass Market,1.0,2025-07-01
4556,60,125k-200k,Good,West,Mass Market,0.7,2025-10-19
4557,76,40k-75k,Poor,South,Mass Market,1.0,2025-07-01
4558,47,125k-200k,Poor,South,Mass Market,8.3,2018-03-14
4559,58,40k-75k,Excellent,West,Mass Market,6.9,2019-08-07
4560,56,40k-75k,Good,Midwest,Mass Market,3.6,2022-11-25
4561,35,125k-200k,Good,South,Affluent,0.9,2025-08-07
4562,48,40k-75k,Fair,West,Mass Market,0.4,2026-02-05
4563,33,40k-75k,Excellent,West,Mass Market,2.7,2023-10-19
4564,34,125k-200k,Excellent,Midwest,Affluent,2.9,2023-08-07
4565,23,40k-75k,Good,Northeast,Mass Market,14.1,2012-05-25
4566,31,<40k,Fair,Northeast,Mass Market,0.8,2025-09-12
4567,45,75k-125k,Excellent,South,Mass Market,11.1,2015-05-26
4568,55,40k-75k,Good,Midwest,Mass Market,6.6,2019-11-25
4569,49,40k-75k,Fair,Midwest,Mass Market,3.2,2023-04-20
4570,49,75k-125k,Good,Midwest,Mass Market,21.2,2005-04-19
4571,56,200k+,Fair,West,Private Banking,1.7,2024-10-19
4572,21,125k-200k,Fair,West,Affluent,1.9,2024-08-07
4573,49,40k-75k,Poor,South,Mass Market,0.8,2025-09-12
4574,22,40k-75k,Fair,Northeast,Mass Market,0.5,2025-12-31
4575,37,75k-125k,Fair,Northeast,Mass Market,2.6,2023-11-25
4576,40,75k-125k,Fair,Midwest,Mass Market,6.1,2020-05-25
4577,43,125k-200k,Good,Northeast,Affluent,2.5,2023-12-31
4578,62,75k-125k,Poor,South,Mass Market,7.4,2019-02-06
4579,57,75k-125k,Good,South,Mass Market,0.5,2025-12-31
4580,50,<40k,Fair,South,Mass Market,9.2,2017-04-19
4581,58,200k+,Excellent,Midwest,Affluent,3.1,2023-05-26
4582,21,200k+,Excellent,South,Mass Market,12.8,2013-09-12
4583,39,200k+,Excellent,South,Private Banking,1.9,2024-08-07
4584,27,75k-125k,Excellent,South,Mass Market,1.6,2024-11-24
4585,62,75k-125k,Good,South,Mass Market,9.9,2016-08-07
4586,50,200k+,Excellent,Midwest,Affluent,5.8,2020-09-12
4587,30,125k-200k,Good,West,Affluent,5.7,2020-10-19
4588,32,200k+,Excellent,West,Affluent,10.1,2016-05-25
4589,21,75k-125k,Good,South,Mass Market,1.5,2024-12-31
4590,61,200k+,Poor,West,Mass Market,10.5,2015-12-31
4591,71,75k-125k,Good,South,Mass Market,10.8,2015-09-13
4592,56,200k+,Good,Northeast,Affluent,1.8,2024-09-12
4593,34,40k-75k,Excellent,South,Mass Market,5.8,2020-09-12
4594,58,200k+,Excellent,Northeast,Private Banking,10.2,2016-04-19
4595,57,40k-75k,Poor,Northeast,Mass Market,7.8,2018-09-13
4596,29,40k-75k,Poor,South,Mass Market,2.5,2023-12-31
4597,44,125k-200k,Excellent,West,Mass Market,11.1,2015-05-26
4598,33,75k-125k,Fair,Midwest,Mass Market,1.1,2025-05-26
4599,39,<40k,Excellent,Midwest,Mass Market,2.3,2024-03-13
4600,57,200k+,Good,Midwest,Affluent,10.9,2015-08-07
4601,57,75k-125k,Good,West,Mass Market,4.1,2022-05-26
4602,38,125k-200k,Good,Northeast,Mass Market,6.9,2019-08-07
4603,54,75k-125k,Fair,South,Mass Market,11.2,2015-04-20
4604,37,40k-75k,Fair,South,Mass Market,1.8,2024-09-12
4605,21,75k-125k,Good,Northeast,Affluent,1.2,2025-04-19
4606,21,125k-200k,Good,South,Private Banking,25.1,2001-05-26
4607,40,75k-125k,Good,Midwest,Mass Market,6.7,2019-10-19
4608,69,75k-125k,Poor,Northeast,Mass Market,13.0,2013-07-01
4609,38,75k-125k,Fair,Northeast,Mass Market,14.9,2011-08-07
4610,33,40k-75k,Excellent,South,Mass Market,0.8,2025-09-12
4611,72,75k-125k,Good,West,Mass Market,13.7,2012-10-19
4612,63,75k-125k,Poor,Midwest,Mass Market,8.0,2018-07-01
4613,39,200k+,Good,South,Affluent,0.6,2025-11-24
4614,46,125k-200k,Good,South,Affluent,6.4,2020-02-06
4615,31,75k-125k,Excellent,South,Affluent,0.3,2026-03-14
4616,37,125k-200k,Good,West,Affluent,2.9,2023-08-07
4617,77,40k-75k,Good,South,Mass Market,3.1,2023-05-26
4618,61,40k-75k,Good,Northeast,Mass Market,1.2,2025-04-19
4619,38,40k-75k,Good,Northeast,Mass Market,1.7,2024-10-19
4620,47,40k-75k,Fair,South,Mass Market,5.4,2021-02-05
4621,55,40k-75k,Fair,West,Mass Market,2.3,2024-03-13
4622,33,75k-125k,Good,Midwest,Mass Market,7.9,2018-08-07
4623,32,125k-200k,Poor,Northeast,Mass Market,3.4,2023-02-06
4624,40,40k-75k,Good,Midwest,Mass Market,10.4,2016-02-06
4625,23,75k-125k,Good,Northeast,Mass Market,6.0,2020-07-01
4626,52,200k+,Excellent,Northeast,Private Banking,0.5,2025-12-31
4627,21,40k-75k,Fair,Northeast,Mass Market,21.9,2004-08-07
4628,36,125k-200k,Good,Midwest,Affluent,9.1,2017-05-26
4629,46,40k-75k,Good,West,Mass Market,3.0,2023-07-02
4630,57,40k-75k,Fair,Northeast,Mass Market,1.1,2025-05-26
4631,33,125k-200k,Poor,West,Affluent,0.2,2026-04-19
4632,51,125k-200k,Good,Midwest,Mass Market,0.8,2025-09-12
4633,71,40k-75k,Excellent,Northeast,Mass Market,3.2,2023-04-20
4634,30,40k-75k,Excellent,Midwest,Mass Market,3.4,2023-02-06
4635,54,125k-200k,Good,West,Mass Market,20.5,2005-12-31
4636,21,200k+,Excellent,Midwest,Affluent,4.5,2021-12-31
4637,45,75k-125k,Fair,South,Mass Market,0.7,2025-10-19
4638,53,75k-125k,Good,South,Mass Market,8.2,2018-04-19
4639,56,200k+,Fair,West,Affluent,4.3,2022-03-14
4640,26,125k-200k,Good,South,Affluent,1.3,2025-03-14
4641,33,40k-75k,Fair,Northeast,Mass Market,3.3,2023-03-14
4642,30,40k-75k,Fair,Northeast,Mass Market,1.4,2025-02-05
4643,24,200k+,Excellent,Northeast,Affluent,1.6,2024-11-24
4644,49,200k+,Good,Northeast,Private Banking,2.7,2023-10-19
4645,46,125k-200k,Excellent,South,Affluent,0.2,2026-04-19
4646,47,125k-200k,Excellent,South,Mass Market,0.4,2026-02-05
4647,29,40k-75k,Fair,West,Affluent,10.7,2015-10-19
4648,36,200k+,Good,South,Affluent,1.8,2024-09-12
4649,36,125k-200k,Excellent,Northeast,Mass Market,10.8,2015-09-13
4650,49,40k-75k,Excellent,Midwest,Mass Market,6.0,2020-07-01
4651,82,75k-125k,Good,Midwest,Affluent,7.4,2019-02-06
4652,29,40k-75k,Fair,Midwest,Mass Market,4.1,2022-05-26
4653,26,40k-75k,Fair,Northeast,Mass Market,1.1,2025-05-26
4654,26,125k-200k,Excellent,West,Mass Market,0.6,2025-11-24
4655,47,40k-75k,Good,South,Affluent,24.8,2001-09-12
4656,68,40k-75k,Poor,Northeast,Mass Market,3.4,2023-02-06
4657,66,200k+,Good,South,Affluent,5.6,2020-11-24
4658,29,40k-75k,Fair,Northeast,Mass Market,2.9,2023-08-07
4659,59,75k-125k,Excellent,Midwest,Mass Market,1.5,2024-12-31
4660,48,125k-200k,Excellent,Northeast,Affluent,2.5,2023-12-31
4661,58,75k-125k,Good,South,Mass Market,6.9,2019-08-07
4662,42,125k-200k,Good,Midwest,Affluent,9.7,2016-10-19
4663,42,40k-75k,Poor,Northeast,Mass Market,0.2,2026-04-19
4664,21,200k+,Excellent,Midwest,Mass Market,4.2,2022-04-19
4665,35,125k-200k,Fair,Northeast,Mass Market,0.4,2026-02-05
4666,30,40k-75k,Excellent,West,Mass Market,2.7,2023-10-19
4667,36,200k+,Good,Midwest,Private Banking,2.0,2024-07-01
4668,45,125k-200k,Excellent,West,Mass Market,10.8,2015-09-13
4669,49,125k-200k,Fair,South,Affluent,0.2,2026-04-19
4670,32,75k-125k,Good,Midwest,Mass Market,2.9,2023-08-07
4671,34,40k-75k,Good,West,Mass Market,2.4,2024-02-06
4672,63,125k-200k,Good,Midwest,Affluent,3.3,2023-03-14
4673,38,40k-75k,Good,Midwest,Mass Market,9.4,2017-02-05
4674,26,125k-200k,Good,Midwest,Affluent,5.6,2020-11-24
4675,38,40k-75k,Fair,Midwest,Mass Market,1.9,2024-08-07
4676,49,125k-200k,Good,South,Affluent,2.6,2023-11-25
4677,51,125k-200k,Good,Northeast,Mass Market,9.6,2016-11-24
4678,36,40k-75k,Excellent,Midwest,Mass Market,4.8,2021-09-12
4679,62,75k-125k,Good,South,Mass Market,11.7,2014-10-19
4680,47,200k+,Poor,West,Affluent,1.9,2024-08-07
4681,55,75k-125k,Excellent,Midwest,Affluent,1.8,2024-09-12
4682,53,40k-75k,Good,Midwest,Mass Market,2.5,2023-12-31
4683,21,200k+,Good,Midwest,Affluent,3.8,2022-09-13
4684,34,75k-125k,Fair,Midwest,Mass Market,3.5,2022-12-31
4685,44,40k-75k,Good,West,Mass Market,6.0,2020-07-01
4686,67,40k-75k,Fair,West,Affluent,1.8,2024-09-12
4687,46,40k-75k,Fair,Northeast,Mass Market,2.8,2023-09-13
4688,42,40k-75k,Fair,Northeast,Mass Market,3.9,2022-08-07
4689,55,75k-125k,Good,South,Mass Market,0.2,2026-04-19
4690,42,40k-75k,Good,South,Mass Market,25.2,2001-04-19
4691,39,200k+,Good,South,Mass Market,2.1,2024-05-25
4692,62,125k-200k,Excellent,South,Mass Market,2.0,2024-07-01
4693,31,<40k,Excellent,Midwest,Mass Market,8.0,2018-07-01
4694,57,75k-125k,Fair,Midwest,Mass Market,10.9,2015-08-07
4695,40,75k-125k,Excellent,Midwest,Mass Market,1.7,2024-10-19
4696,31,200k+,Good,Midwest,Mass Market,6.3,2020-03-13
4697,40,125k-200k,Good,Midwest,Affluent,3.3,2023-03-14
4698,44,<40k,Fair,Northeast,Mass Market,0.9,2025-08-07
4699,36,75k-125k,Excellent,South,Mass Market,3.0,2023-07-02
4700,24,125k-200k,Fair,West,Mass Market,3.4,2023-02-06
4701,30,75k-125k,Fair,Northeast,Mass Market,14.8,2011-09-13
4702,49,200k+,Excellent,Midwest,Mass Market,3.3,2023-03-14
4703,52,75k-125k,Poor,Midwest,Mass Market,4.3,2022-03-14
4704,33,75k-125k,Good,Northeast,Mass Market,1.4,2025-02-05
4705,51,125k-200k,Poor,Midwest,Mass Market,14.2,2012-04-19
4706,30,125k-200k,Good,Midwest,Affluent,2.6,2023-11-25
4707,40,<40k,Good,South,Mass Market,17.2,2009-04-19
4708,50,200k+,Fair,West,Private Banking,3.3,2023-03-14
4709,65,40k-75k,Fair,Northeast,Mass Market,20.7,2005-10-19
4710,38,75k-125k,Fair,West,Mass Market,4.8,2021-09-12
4711,59,75k-125k,Fair,Midwest,Mass Market,20.9,2005-08-07
4712,28,125k-200k,Good,South,Affluent,1.8,2024-09-12
4713,41,75k-125k,Fair,Midwest,Mass Market,0.5,2025-12-31
4714,40,75k-125k,Poor,Midwest,Mass Market,3.3,2023-03-14
4715,57,200k+,Excellent,West,Affluent,12.2,2014-04-19
4716,21,75k-125k,Good,Midwest,Mass Market,0.2,2026-04-19
4717,34,40k-75k,Excellent,West,Mass Market,1.6,2024-11-24
4718,53,200k+,Excellent,Midwest,Affluent,0.2,2026-04-19
4719,77,75k-125k,Good,South,Mass Market,3.0,2023-07-02
4720,39,200k+,Excellent,Midwest,Private Banking,2.7,2023-10-19
4721,39,200k+,Poor,Northeast,Mass Market,13.2,2013-04-19
4722,58,<40k,Good,South,Mass Market,3.6,2022-11-25
4723,76,<40k,Fair,South,Mass Market,5.0,2021-07-01
4724,47,75k-125k,Good,Northeast,Mass Market,11.6,2014-11-25
4725,35,40k-75k,Fair,South,Mass Market,0.9,2025-08-07
4726,38,75k-125k,Excellent,South,Mass Market,1.6,2024-11-24
4727,43,40k-75k,Fair,Midwest,Mass Market,0.4,2026-02-05
4728,39,125k-200k,Good,West,Private Banking,0.2,2026-04-19
4729,57,125k-200k,Excellent,Northeast,Mass Market,18.9,2007-08-07
4730,30,40k-75k,Good,Midwest,Mass Market,6.4,2020-02-06
4731,29,125k-200k,Excellent,South,Affluent,2.3,2024-03-13
4732,37,40k-75k,Good,South,Mass Market,2.6,2023-11-25
4733,56,125k-200k,Good,West,Mass Market,2.0,2024-07-01
4734,21,75k-125k,Good,West,Mass Market,18.7,2007-10-19
4735,41,40k-75k,Poor,West,Mass Market,7.1,2019-05-26
4736,40,200k+,Fair,South,Affluent,2.4,2024-02-06
4737,21,125k-200k,Fair,West,Mass Market,23.8,2002-09-13
4738,63,40k-75k,Fair,Northeast,Mass Market,21.2,2005-04-19
4739,57,75k-125k,Poor,Midwest,Affluent,1.1,2025-05-26
4740,41,75k-125k,Good,West,Mass Market,1.2,2025-04-19
4741,30,200k+,Good,West,Mass Market,12.6,2013-11-24
4742,50,40k-75k,Fair,Midwest,Mass Market,0.7,2025-10-19
4743,38,<40k,Good,Northeast,Mass Market,23.2,2003-04-20
4744,25,40k-75k,Good,Northeast,Mass Market,7.3,2019-03-14
4745,26,<40k,Excellent,West,Mass Market,10.3,2016-03-13
4746,71,75k-125k,Good,Midwest,Mass Market,8.7,2017-10-19
4747,50,40k-75k,Excellent,South,Mass Market,8.9,2017-08-07
4748,36,75k-125k,Poor,West,Affluent,1.4,2025-02-05
4749,41,75k-125k,Fair,Midwest,Mass Market,8.0,2018-07-01
4750,42,125k-200k,Excellent,Midwest,Private Banking,2.3,2024-03-13
4751,40,125k-200k,Excellent,West,Affluent,0.2,2026-04-19
4752,24,75k-125k,Good,South,Affluent,4.3,2022-03-14
4753,23,40k-75k,Fair,Northeast,Mass Market,6.3,2020-03-13
4754,47,200k+,Good,Midwest,Affluent,7.0,2019-07-02
4755,53,125k-200k,Good,Midwest,Mass Market,1.0,2025-07-01
4756,35,75k-125k,Excellent,South,Mass Market,1.0,2025-07-01
4757,63,125k-200k,Good,Midwest,Affluent,8.4,2018-02-05
4758,28,75k-125k,Good,Northeast,Mass Market,2.3,2024-03-13
4759,66,125k-200k,Fair,South,Affluent,10.7,2015-10-19
4760,69,125k-200k,Good,Northeast,Affluent,3.2,2023-04-20
4761,40,75k-125k,Excellent,West,Mass Market,3.5,2022-12-31
4762,39,200k+,Good,Midwest,Affluent,5.8,2020-09-12
4763,39,200k+,Good,Midwest,Private Banking,1.4,2025-02-05
4764,49,75k-125k,Good,South,Mass Market,3.6,2022-11-25
4765,56,125k-200k,Excellent,Northeast,Affluent,1.4,2025-02-05
4766,31,40k-75k,Excellent,West,Affluent,12.9,2013-08-07
4767,30,75k-125k,Excellent,Northeast,Mass Market,27.7,1998-10-19
4768,51,75k-125k,Excellent,South,Mass Market,0.7,2025-10-19
4769,56,40k-75k,Fair,West,Mass Market,7.9,2018-08-07
4770,43,125k-200k,Fair,Midwest,Mass Market,8.4,2018-02-05
4771,24,40k-75k,Excellent,West,Mass Market,5.0,2021-07-01
4772,35,125k-200k,Fair,Northeast,Mass Market,6.7,2019-10-19
4773,49,200k+,Poor,West,Mass Market,3.1,2023-05-26
4774,36,125k-200k,Good,Northeast,Mass Market,0.3,2026-03-14
4775,55,75k-125k,Fair,Northeast,Affluent,1.4,2025-02-05
4776,46,75k-125k,Good,Midwest,Mass Market,16.1,2010-05-26
4777,39,40k-75k,Poor,Northeast,Mass Market,2.1,2024-05-25
4778,45,125k-200k,Poor,South,Affluent,1.2,2025-04-19
4779,21,200k+,Poor,South,Affluent,3.1,2023-05-26
4780,45,75k-125k,Fair,Northeast,Mass Market,5.7,2020-10-19
4781,53,40k-75k,Excellent,Northeast,Mass Market,5.1,2021-05-26
4782,31,125k-200k,Poor,West,Mass Market,3.5,2022-12-31
4783,51,125k-200k,Good,West,Mass Market,3.1,2023-05-26
4784,54,40k-75k,Good,South,Mass Market,2.2,2024-04-19
4785,57,200k+,Good,West,Private Banking,7.4,2019-02-06
4786,30,200k+,Excellent,South,Mass Market,4.5,2021-12-31
4787,43,40k-75k,Fair,Northeast,Mass Market,6.1,2020-05-25
4788,48,75k-125k,Good,Midwest,Mass Market,20.0,2006-07-01
4789,37,40k-75k,Good,West,Mass Market,2.6,2023-11-25
4790,27,75k-125k,Poor,West,Affluent,0.2,2026-04-19
4791,51,125k-200k,Fair,West,Affluent,7.9,2018-08-07
4792,49,125k-200k,Good,Midwest,Affluent,1.9,2024-08-07
4793,26,75k-125k,Good,South,Mass Market,4.5,2021-12-31
4794,36,125k-200k,Fair,South,Affluent,6.9,2019-08-07
4795,30,<40k,Poor,South,Mass Market,10.3,2016-03-13
4796,38,125k-200k,Good,Midwest,Mass Market,13.9,2012-08-07
4797,62,200k+,Good,West,Mass Market,4.0,2022-07-01
4798,21,200k+,Poor,West,Mass Market,1.6,2024-11-24
4799,33,40k-75k,Good,Northeast,Mass Market,14.6,2011-11-25
4800,30,75k-125k,Fair,Midwest,Affluent,9.8,2016-09-12
4801,44,40k-75k,Good,West,Mass Market,21.6,2004-11-24
4802,34,200k+,Good,Northeast,Mass Market,13.4,2013-02-05
4803,38,40k-75k,Fair,Midwest,Mass Market,1.7,2024-10-19
4804,46,200k+,Good,Northeast,Affluent,0.5,2025-12-31
4805,38,75k-125k,Excellent,Midwest,Mass Market,10.1,2016-05-25
4806,29,75k-125k,Good,South,Mass Market,3.9,2022-08-07
4807,21,75k-125k,Good,West,Mass Market,2.4,2024-02-06
4808,59,75k-125k,Excellent,West,Mass Market,0.2,2026-04-19
4809,77,40k-75k,Excellent,South,Mass Market,0.6,2025-11-24
4810,39,75k-125k,Fair,South,Mass Market,1.3,2025-03-14
4811,28,75k-125k,Poor,South,Mass Market,5.0,2021-07-01
4812,41,125k-200k,Good,Midwest,Affluent,9.5,2016-12-31
4813,36,40k-75k,Good,South,Mass Market,10.4,2016-02-06
4814,68,125k-200k,Fair,South,Mass Market,3.2,2023-04-20
4815,47,40k-75k,Fair,Midwest,Mass Market,3.6,2022-11-25
4816,63,75k-125k,Good,Midwest,Mass Market,0.4,2026-02-05
4817,42,<40k,Fair,West,Mass Market,4.5,2021-12-31
4818,42,75k-125k,Fair,Midwest,Mass Market,5.2,2021-04-19
4819,26,<40k,Excellent,West,Mass Market,1.5,2024-12-31
4820,41,40k-75k,Good,Northeast,Mass Market,14.3,2012-03-13
4821,43,200k+,Excellent,South,Affluent,2.8,2023-09-13
4822,60,125k-200k,Poor,South,Affluent,5.2,2021-04-19
4823,41,125k-200k,Good,West,Affluent,0.7,2025-10-19
4824,49,75k-125k,Excellent,Midwest,Mass Market,3.7,2022-10-19
4825,47,75k-125k,Good,West,Mass Market,0.2,2026-04-19
4826,23,40k-75k,Good,Midwest,Mass Market,2.3,2024-03-13
4827,44,125k-200k,Good,West,Mass Market,0.4,2026-02-05
4828,23,75k-125k,Excellent,West,Mass Market,0.6,2025-11-24
4829,27,40k-75k,Good,Midwest,Mass Market,3.8,2022-09-13
4830,54,75k-125k,Poor,Northeast,Affluent,1.7,2024-10-19
4831,44,40k-75k,Fair,Midwest,Mass Market,0.3,2026-03-14
4832,38,200k+,Fair,South,Mass Market,10.9,2015-08-07
4833,58,200k+,Fair,West,Mass Market,5.2,2021-04-19
4834,32,200k+,Excellent,South,Mass Market,1.2,2025-04-19
4835,56,40k-75k,Excellent,Midwest,Affluent,4.9,2021-08-07
4836,38,75k-125k,Excellent,Northeast,Affluent,3.3,2023-03-14
4837,64,40k-75k,Good,West,Affluent,3.8,2022-09-13
4838,53,40k-75k,Excellent,West,Mass Market,5.2,2021-04-19
4839,30,75k-125k,Good,Midwest,Mass Market,3.5,2022-12-31
4840,27,40k-75k,Excellent,Midwest,Affluent,12.7,2013-10-19
4841,44,75k-125k,Excellent,Midwest,Mass Market,6.9,2019-08-07
4842,27,75k-125k,Good,Northeast,Mass Market,3.0,2023-07-02
4843,33,40k-75k,Good,Midwest,Mass Market,11.0,2015-07-02
4844,43,75k-125k,Poor,South,Mass Market,4.3,2022-03-14
4845,55,75k-125k,Poor,Northeast,Mass Market,1.4,2025-02-05
4846,38,75k-125k,Fair,Midwest,Mass Market,6.8,2019-09-13
4847,48,40k-75k,Good,West,Mass Market,0.8,2025-09-12
4848,49,40k-75k,Poor,South,Mass Market,1.2,2025-04-19
4849,37,40k-75k,Poor,Midwest,Mass Market,0.5,2025-12-31
4850,40,40k-75k,Poor,West,Mass Market,9.4,2017-02-05
4851,58,<40k,Good,South,Mass Market,0.7,2025-10-19
4852,52,<40k,Good,West,Mass Market,12.7,2013-10-19
4853,54,<40k,Fair,Northeast,Mass Market,2.7,2023-10-19
4854,34,40k-75k,Good,Northeast,Mass Market,2.6,2023-11-25
4855,34,75k-125k,Excellent,Midwest,Affluent,1.8,2024-09-12
4856,28,75k-125k,Excellent,Northeast,Mass Market,0.2,2026-04-19
4857,51,75k-125k,Good,South,Mass Market,5.8,2020-09-12
4858,45,125k-200k,Good,West,Mass Market,1.6,2024-11-24
4859,53,40k-75k,Good,Midwest,Affluent,28.0,1998-07-01
4860,42,75k-125k,Good,Midwest,Mass Market,3.7,2022-10-19
4861,32,<40k,Good,Northeast,Mass Market,2.7,2023-10-19
4862,51,<40k,Fair,West,Mass Market,10.4,2016-02-06
4863,21,125k-200k,Poor,South,Mass Market,2.8,2023-09-13
4864,45,200k+,Excellent,South,Affluent,6.6,2019-11-25
4865,36,125k-200k,Good,Northeast,Mass Market,1.5,2024-12-31
4866,37,40k-75k,Fair,West,Mass Market,3.9,2022-08-07
4867,57,75k-125k,Good,Midwest,Mass Market,7.7,2018-10-19
4868,21,40k-75k,Excellent,Northeast,Mass Market,5.7,2020-10-19
4869,48,75k-125k,Good,West,Mass Market,2.5,2023-12-31
4870,33,125k-200k,Good,Midwest,Affluent,3.7,2022-10-19
4871,63,75k-125k,Fair,South,Mass Market,4.4,2022-02-05
4872,42,200k+,Fair,West,Mass Market,0.2,2026-04-19
4873,38,75k-125k,Good,South,Affluent,0.5,2025-12-31
4874,58,75k-125k,Poor,West,Mass Market,1.5,2024-12-31
4875,31,200k+,Excellent,West,Mass Market,3.3,2023-03-14
4876,49,200k+,Poor,West,Affluent,0.2,2026-04-19
4877,44,<40k,Excellent,Northeast,Mass Market,7.8,2018-09-13
4878,64,75k-125k,Excellent,West,Mass Market,0.2,2026-04-19
4879,52,125k-200k,Good,Northeast,Private Banking,10.8,2015-09-13
4880,52,40k-75k,Excellent,Northeast,Mass Market,6.6,2019-11-25
4881,38,<40k,Good,South,Mass Market,1.6,2024-11-24
4882,59,125k-200k,Fair,Midwest,Mass Market,7.9,2018-08-07
4883,41,<40k,Excellent,South,Mass Market,6.7,2019-10-19
4884,41,75k-125k,Fair,West,Affluent,1.0,2025-07-01
4885,40,40k-75k,Good,Midwest,Mass Market,4.2,2022-04-19
4886,35,40k-75k,Good,South,Mass Market,16.8,2009-09-12
4887,26,200k+,Excellent,West,Mass Market,4.7,2021-10-19
4888,43,40k-75k,Fair,West,Mass Market,1.7,2024-10-19
4889,44,75k-125k,Fair,Northeast,Mass Market,8.3,2018-03-14
4890,49,200k+,Good,Northeast,Mass Market,0.2,2026-04-19
4891,32,125k-200k,Excellent,Northeast,Affluent,3.6,2022-11-25
4892,47,200k+,Fair,Northeast,Mass Market,3.5,2022-12-31
4893,57,125k-200k,Poor,Northeast,Mass Market,0.9,2025-08-07
4894,54,<40k,Good,Midwest,Mass Market,1.9,2024-08-07
4895,26,125k-200k,Poor,West,Affluent,3.7,2022-10-19
4896,49,75k-125k,Good,Northeast,Mass Market,0.4,2026-02-05
4897,58,125k-200k,Excellent,Northeast,Affluent,2.8,2023-09-13
4898,45,125k-200k,Excellent,West,Mass Market,2.3,2024-03-13
4899,30,75k-125k,Excellent,South,Mass Market,7.5,2018-12-31
4900,58,200k+,Good,Northeast,Affluent,0.5,2025-12-31
4901,44,125k-200k,Poor,South,Affluent,6.1,2020-05-25
4902,26,75k-125k,Fair,West,Mass Market,9.1,2017-05-26
4903,50,40k-75k,Good,Midwest,Mass Market,0.3,2026-03-14
4904,22,<40k,Fair,Northeast,Affluent,2.4,2024-02-06
4905,45,40k-75k,Excellent,South,Mass Market,10.9,2015-08-07
4906,30,75k-125k,Fair,West,Mass Market,4.6,2021-11-24
4907,21,<40k,Excellent,Northeast,Mass Market,0.4,2026-02-05
4908,40,200k+,Good,West,Affluent,1.5,2024-12-31
4909,34,200k+,Excellent,Midwest,Affluent,1.9,2024-08-07
4910,58,75k-125k,Fair,Northeast,Mass Market,2.4,2024-02-06
4911,21,75k-125k,Fair,Midwest,Mass Market,4.4,2022-02-05
4912,23,200k+,Excellent,South,Affluent,0.7,2025-10-19
4913,50,40k-75k,Excellent,South,Mass Market,11.3,2015-03-14
4914,43,200k+,Excellent,West,Affluent,0.2,2026-04-19
4915,29,125k-200k,Poor,Midwest,Mass Market,1.0,2025-07-01
4916,65,75k-125k,Fair,Northeast,Mass Market,0.2,2026-04-19
4917,62,200k+,Excellent,South,Mass Market,6.5,2019-12-31
4918,30,125k-200k,Excellent,Northeast,Mass Market,4.8,2021-09-12
4919,58,75k-125k,Fair,Northeast,Mass Market,13.1,2013-05-26
4920,60,<40k,Excellent,South,Mass Market,6.3,2020-03-13
4921,36,40k-75k,Fair,Midwest,Mass Market,2.7,2023-10-19
4922,40,40k-75k,Good,South,Mass Market,8.0,2018-07-01
4923,39,40k-75k,Fair,Midwest,Mass Market,12.4,2014-02-05
4924,41,200k+,Good,Northeast,Affluent,19.5,2006-12-31
4925,57,75k-125k,Excellent,Midwest,Mass Market,1.6,2024-11-24
4926,44,75k-125k,Poor,Northeast,Mass Market,7.0,2019-07-02
4927,47,75k-125k,Fair,South,Mass Market,3.3,2023-03-14
4928,37,40k-75k,Good,West,Mass Market,21.0,2005-07-01
4929,28,75k-125k,Excellent,Northeast,Mass Market,3.6,2022-11-25
4930,58,125k-200k,Excellent,Northeast,Mass Market,8.8,2017-09-12
4931,39,75k-125k,Excellent,Midwest,Affluent,1.8,2024-09-12
4932,32,125k-200k,Excellent,Northeast,Mass Market,3.1,2023-05-26
4933,46,125k-200k,Good,South,Mass Market,0.3,2026-03-14
4934,49,125k-200k,Good,South,Mass Market,4.1,2022-05-26
4935,29,75k-125k,Excellent,West,Mass Market,4.6,2021-11-24
4936,43,75k-125k,Poor,West,Affluent,6.3,2020-03-13
4937,39,75k-125k,Good,Midwest,Mass Market,8.1,2018-05-26
4938,21,40k-75k,Good,West,Mass Market,1.2,2025-04-19
4939,38,40k-75k,Good,South,Mass Market,0.2,2026-04-19
4940,53,125k-200k,Good,South,Affluent,6.6,2019-11-25
4941,45,200k+,Good,West,Mass Market,3.3,2023-03-14
4942,23,<40k,Excellent,Midwest,Mass Market,8.9,2017-08-07
4943,46,125k-200k,Good,Midwest,Mass Market,3.5,2022-12-31
4944,64,125k-200k,Excellent,Northeast,Private Banking,2.4,2024-02-06
4945,47,200k+,Fair,South,Mass Market,0.5,2025-12-31
4946,40,125k-200k,Excellent,West,Affluent,4.2,2022-04-19
4947,50,200k+,Good,Midwest,Mass Market,7.4,2019-02-06
4948,21,75k-125k,Fair,South,Mass Market,1.5,2024-12-31
4949,34,125k-200k,Good,South,Affluent,0.3,2026-03-14
4950,44,75k-125k,Good,Midwest,Mass Market,0.6,2025-11-24
4951,36,75k-125k,Good,South,Mass Market,1.2,2025-04-19
4952,37,125k-200k,Excellent,Northeast,Mass Market,1.6,2024-11-24
4953,38,40k-75k,Good,West,Mass Market,26.2,2000-04-19
4954,54,40k-75k,Excellent,West,Mass Market,4.6,2021-11-24
4955,27,75k-125k,Fair,Northeast,Affluent,2.2,2024-04-19
4956,48,75k-125k,Excellent,West,Mass Market,11.5,2014-12-31
4957,58,<40k,Good,Midwest,Mass Market,0.4,2026-02-05
4958,54,200k+,Fair,South,Affluent,3.3,2023-03-14
4959,61,<40k,Good,Northeast,Mass Market,3.4,2023-02-06
4960,63,75k-125k,Excellent,West,Mass Market,3.9,2022-08-07
4961,24,200k+,Fair,Midwest,Mass Market,3.7,2022-10-19
4962,51,200k+,Good,West,Private Banking,11.7,2014-10-19
4963,52,75k-125k,Fair,Northeast,Affluent,8.1,2018-05-26
4964,27,125k-200k,Good,West,Mass Market,0.2,2026-04-19
4965,33,125k-200k,Fair,Northeast,Private Banking,2.2,2024-04-19
4966,35,125k-200k,Good,South,Mass Market,0.2,2026-04-19
4967,62,75k-125k,Fair,Midwest,Mass Market,5.6,2020-11-24
4968,55,40k-75k,Fair,West,Mass Market,3.4,2023-02-06
4969,36,40k-75k,Poor,South,Mass Market,13.9,2012-08-07
4970,23,75k-125k,Poor,Northeast,Affluent,4.1,2022-05-26
4971,57,40k-75k,Good,South,Mass Market,3.2,2023-04-20
4972,34,40k-75k,Fair,Midwest,Mass Market,3.8,2022-09-13
4973,29,75k-125k,Good,South,Mass Market,1.2,2025-04-19
4974,26,200k+,Good,Northeast,Affluent,0.9,2025-08-07
4975,32,125k-200k,Good,Midwest,Mass Market,8.7,2017-10-19
4976,44,75k-125k,Poor,Northeast,Mass Market,5.0,2021-07-01
4977,34,125k-200k,Good,South,Affluent,7.0,2019-07-02
4978,47,125k-200k,Good,West,Affluent,10.6,2015-11-25
4979,23,40k-75k,Fair,Midwest,Mass Market,1.0,2025-07-01
4980,54,125k-200k,Fair,Midwest,Mass Market,5.7,2020-10-19
4981,46,<40k,Fair,Midwest,Mass Market,0.2,2026-04-19
4982,47,125k-200k,Excellent,South,Mass Market,1.2,2025-04-19
4983,30,75k-125k,Fair,West,Mass Market,9.1,2017-05-26
4984,70,200k+,Good,West,Mass Market,11.9,2014-08-07
4985,52,125k-200k,Good,Northeast,Affluent,0.6,2025-11-24
4986,35,75k-125k,Good,Midwest,Mass Market,0.5,2025-12-31
4987,57,75k-125k,Good,South,Mass Market,2.4,2024-02-06
4988,24,<40k,Fair,Midwest,Mass Market,9.0,2017-07-01
4989,51,75k-125k,Excellent,South,Mass Market,6.1,2020-05-25
4990,60,75k-125k,Good,South,Mass Market,1.7,2024-10-19
4991,62,75k-125k,Fair,Northeast,Private Banking,22.4,2004-02-06
4992,42,200k+,Fair,South,Affluent,1.1,2025-05-26
4993,28,200k+,Excellent,South,Private Banking,2.2,2024-04-19
4994,48,125k-200k,Excellent,Midwest,Affluent,5.1,2021-05-26
4995,38,40k-75k,Good,South,Mass Market,5.0,2021-07-01
4996,33,125k-200k,Fair,Northeast,Mass Market,1.8,2024-09-12
4997,29,75k-125k,Good,Midwest,Affluent,5.1,2021-05-26
4998,56,75k-125k,Good,Northeast,Mass Market,13.6,2012-11-24
4999,58,40k-75k,Good,Northeast,Mass Market,7.8,2018-09-13
5000,47,40k-75k,Fair,South,Mass Market,3.2,2023-04-20
