deposit_id,customer_id,product_type,balance,opened_date
1,1,Checking,2881.8,2026-01-02
2,1,Savings,13235.08,2026-06-06
3,2,Checking,10300.51,2025-10-17
4,3,Checking,13695.61,2024-02-02
5,5,CD,32587.35,2023-04-27
6,7,Savings,9767.57,2022-11-15
7,7,CD,6630.62,2024-01-16
8,8,Savings,13966.06,2024-08-12
9,8,CD,40535.55,2024-02-12
10,9,Checking,4768.27,2026-06-10
11,9,Savings,5869.89,2026-06-20
12,10,CD,15833.05,2024-11-02
13,10,Savings,9464.7,2025-05-07
14,11,CD,44123.98,2025-11-24
15,12,CD,19754.42,2026-04-23
16,14,CD,15936.87,2025-04-20
17,14,Savings,2063.21,2024-11-14
18,15,Savings,19948.47,2026-06-06
19,16,CD,17017.86,2026-06-27
20,18,CD,4152.01,2018-01-11
21,19,CD,68672.55,2025-07-16
22,20,CD,14418.84,2022-05-23
23,21,Checking,16154.54,2025-08-30
24,21,Savings,6939.86,2026-05-13
25,22,CD,33030.91,2025-05-19
26,23,Checking,5813.66,2024-01-23
27,23,CD,55847.53,2022-10-06
28,24,Savings,6053.12,2020-09-11
29,24,CD,10586.0,2017-05-15
30,25,Checking,11108.6,2018-01-04
31,26,Checking,3245.1,2023-07-11
32,27,Checking,13724.18,2025-03-20
33,28,Savings,18712.48,2024-12-13
34,28,CD,13272.83,2026-01-19
35,29,Savings,13312.82,2024-10-11
36,29,CD,14013.14,2024-06-27
37,29,Checking,4363.38,2022-04-28
38,32,CD,12320.0,2019-04-10
39,32,Checking,15644.88,2019-11-09
40,34,Savings,27205.17,2026-01-03
41,34,Checking,35435.14,2026-02-16
42,34,CD,36948.59,2026-04-08
43,35,CD,159934.59,2025-09-16
44,39,CD,44786.8,2024-06-25
45,43,Checking,15068.96,2025-07-05
46,44,Savings,10133.76,2026-02-17
47,44,CD,50928.87,2026-03-31
48,49,CD,24393.24,2022-04-29
49,49,Savings,9556.82,2022-02-08
50,49,Checking,1557.13,2025-05-11
51,51,Savings,37077.5,2022-03-19
52,51,CD,98279.13,2021-01-29
53,52,CD,6380.66,2025-11-30
54,53,Savings,21469.02,2025-11-29
55,54,Savings,8526.04,2023-03-20
56,54,Checking,5762.06,2024-12-09
57,56,Checking,6286.5,2022-01-02
58,58,Savings,10884.54,2021-06-07
59,58,CD,33783.34,2016-12-14
60,59,Savings,17854.71,2019-09-29
61,59,Checking,6231.16,2022-01-30
62,62,CD,19137.0,2026-04-17
63,63,Checking,2107.59,2023-06-22
64,64,CD,34327.21,2020-05-16
65,67,Checking,14549.34,2026-04-20
66,68,Savings,18446.18,2026-02-06
67,68,CD,7614.09,2026-03-28
68,69,Checking,26994.21,2024-09-19
69,69,CD,13786.18,2024-03-21
70,70,Savings,89033.64,2023-01-14
71,71,Checking,6008.2,2025-07-21
72,71,Savings,1576.31,2026-01-10
73,72,Savings,23670.35,2026-06-10
74,73,Checking,3549.54,2024-01-20
75,75,Savings,22886.65,2025-09-23
76,78,Checking,31784.44,2025-01-21
77,79,Checking,5146.28,2024-01-20
78,80,CD,20822.03,2026-06-19
79,80,Checking,7701.12,2026-06-03
80,82,Checking,5402.78,2023-06-18
81,83,CD,45451.47,2024-08-28
82,84,Checking,2331.56,2010-10-13
83,84,CD,30133.03,2011-01-24
84,84,Savings,4360.52,2013-10-09
85,85,Checking,3099.36,2021-10-25
86,86,Checking,11879.44,2024-08-05
87,86,CD,65073.97,2023-10-08
88,87,Savings,31479.77,2025-05-26
89,87,Checking,651.06,2024-11-20
90,89,Savings,16893.95,2025-08-25
91,89,Checking,9421.95,2025-06-13
92,90,Savings,47851.57,2021-01-19
93,91,Savings,14461.07,2025-11-08
94,91,CD,21430.37,2026-04-14
95,92,Checking,33699.02,2026-01-10
96,93,CD,48908.58,2020-11-06
97,96,CD,16686.72,2023-11-18
98,96,Savings,11702.06,2025-04-09
99,98,Checking,3508.77,2016-06-16
100,98,CD,66772.0,2021-03-18
101,99,CD,2874.2,2024-07-28
102,100,CD,19294.33,2026-06-27
103,100,Savings,20068.36,2026-05-07
104,100,Checking,2297.24,2026-04-14
105,101,Savings,11885.73,2026-06-28
106,103,Savings,30843.22,2010-05-16
107,104,Checking,7604.86,2024-03-02
108,104,Savings,9988.88,2024-01-13
109,104,CD,15400.53,2024-06-20
110,106,Savings,30447.32,2025-06-07
111,107,CD,12701.5,2024-07-21
112,108,Savings,7531.46,2023-05-16
113,108,Checking,9552.32,2026-06-11
114,108,CD,21034.61,2026-03-06
115,109,CD,67128.49,2026-04-13
116,109,Savings,27391.93,2026-06-28
117,110,Checking,517.89,2026-04-07
118,111,Checking,2628.4,2025-04-13
119,112,Savings,13714.43,2025-11-21
120,113,Checking,3821.2,2024-01-18
121,113,Savings,16611.89,2024-07-03
122,115,Checking,8491.83,2026-05-27
123,115,CD,8106.87,2026-06-09
124,118,Savings,37550.47,2025-09-10
125,118,CD,131202.43,2025-12-09
126,120,Checking,8654.09,2025-08-05
127,121,Savings,38595.22,2025-02-10
128,121,Checking,2668.36,2024-12-06
129,121,CD,59802.29,2023-06-01
130,122,Checking,3189.48,2026-04-11
131,124,CD,28926.85,2023-12-13
132,126,Savings,7921.35,2026-01-08
133,127,Checking,6368.13,2016-03-05
134,127,Savings,22411.01,2020-04-14
135,128,Savings,7239.37,2021-03-22
136,129,Checking,4244.59,2020-06-27
137,129,Savings,11506.52,2018-02-06
138,129,CD,28027.81,2024-06-23
139,130,CD,28971.49,2026-06-13
140,131,CD,18674.91,2025-09-21
141,131,Savings,4604.53,2025-10-16
142,131,Checking,3020.04,2026-03-07
143,132,Savings,17595.85,2023-07-14
144,132,CD,38023.12,2023-11-10
145,135,Checking,3038.64,2017-06-04
146,136,Checking,15649.59,2026-05-08
147,137,Checking,26131.32,2025-05-03
148,139,Savings,1606.98,2026-05-13
149,139,CD,6818.88,2026-06-03
150,139,Checking,5080.91,2026-05-03
151,140,CD,44766.38,2025-08-13
152,140,Checking,4003.26,2019-11-08
153,141,Checking,6989.81,2020-12-29
154,142,Checking,6246.66,2022-04-07
155,143,CD,30729.29,2024-01-31
156,144,Savings,63715.47,2024-08-26
157,146,Savings,25523.44,2022-10-17
158,147,CD,10020.14,2026-02-03
159,147,Savings,5251.65,2026-04-20
160,147,Checking,957.4,2024-05-30
161,149,Checking,7974.22,2026-06-02
162,151,Savings,8470.74,2022-08-03
163,152,Checking,9223.44,2024-05-28
164,154,Savings,101454.99,2025-04-02
165,155,CD,6668.44,2023-01-07
166,156,Savings,9205.35,2021-10-03
167,156,CD,22998.98,2026-06-17
168,158,Checking,4647.93,2026-01-02
169,158,CD,60895.31,2026-06-04
170,159,CD,61255.94,2023-08-13
171,159,Savings,39726.77,2021-12-11
172,162,Checking,1967.57,2026-05-12
173,162,CD,10459.79,2025-02-18
174,163,Savings,35027.37,2026-06-02
175,163,Checking,10339.2,2025-09-28
176,164,Savings,42860.43,2025-01-19
177,165,CD,12746.11,2022-08-15
178,165,Savings,3800.93,2010-10-16
179,167,CD,149951.62,2025-07-08
180,167,Savings,41433.28,2025-11-02
181,167,Checking,15585.34,2026-02-06
182,168,Savings,7703.12,2024-12-21
183,170,Savings,18821.16,2026-01-10
184,170,Checking,2978.25,2026-05-04
185,173,Checking,2168.85,2025-06-03
186,175,Checking,854.92,2018-02-16
187,175,Savings,5919.66,2022-07-06
188,175,CD,17357.65,2017-06-21
189,177,CD,14601.05,2025-03-25
190,177,Savings,32206.09,2024-09-17
191,178,Checking,11196.94,2022-12-14
192,178,CD,5098.81,2022-08-24
193,178,Savings,16282.56,2021-09-20
194,179,Savings,3404.58,2018-03-30
195,181,Checking,5106.51,2020-05-29
196,182,CD,28123.98,2025-09-21
197,182,Checking,5563.19,2026-03-06
198,182,Savings,31569.83,2026-04-27
199,184,CD,46129.48,2019-11-28
200,185,CD,99874.97,2024-05-03
201,185,Checking,10708.58,2025-11-09
202,185,Savings,24582.77,2025-08-29
203,186,Savings,43440.88,2024-06-28
204,187,Checking,4868.55,2026-06-26
205,188,Checking,4432.48,2019-12-24
206,188,CD,29557.66,2021-03-24
207,189,Checking,6680.5,2026-02-22
208,189,CD,75277.74,2025-10-02
209,189,Savings,62590.07,2026-06-24
210,190,CD,59263.69,2022-12-25
211,190,Checking,12142.58,2021-11-17
212,191,Checking,6492.19,2026-04-05
213,191,Savings,9465.04,2017-10-18
214,193,Checking,6595.79,2026-05-16
215,193,Savings,19021.14,2025-12-21
216,194,CD,45766.0,2022-05-06
217,195,CD,10415.96,2024-02-03
218,196,Checking,2801.99,2026-02-19
219,196,CD,16987.99,2025-09-25
220,197,Savings,14626.73,2024-08-07
221,197,Checking,8732.98,2021-11-06
222,197,CD,29159.51,2022-09-10
223,198,Checking,1134.6,2022-05-16
224,198,Savings,1896.47,2023-01-30
225,199,CD,59005.43,2021-01-11
226,200,Savings,4227.15,2025-04-06
227,200,Checking,4379.78,2026-04-29
228,200,CD,107108.02,2024-05-18
229,203,CD,8567.75,2022-03-20
230,205,Checking,3017.59,2025-12-26
231,207,Savings,15314.29,2025-12-17
232,208,Checking,7808.24,2022-07-24
233,208,CD,55187.26,2018-04-28
234,209,CD,41829.8,2023-06-03
235,210,CD,33676.95,2021-09-11
236,215,Checking,3650.09,2025-08-07
237,216,CD,18349.66,2026-03-17
238,216,Checking,1940.06,2024-08-30
239,217,Savings,66773.78,2026-04-26
240,217,CD,40765.46,2026-02-25
241,225,Savings,38260.58,2025-11-27
242,225,CD,44301.62,2025-02-21
243,227,CD,18647.3,2025-03-26
244,228,CD,12059.59,2022-07-25
245,231,CD,14762.68,2025-09-11
246,232,Checking,3956.57,2024-11-03
247,232,CD,5556.74,2026-04-15
248,233,Savings,58033.13,2026-01-21
249,233,Checking,5965.98,2025-01-28
250,234,Checking,5155.83,2019-07-25
251,235,CD,41615.38,2024-04-10
252,236,CD,7158.86,2026-01-01
253,236,Savings,21814.39,2025-11-17
254,236,Checking,915.66,2026-03-03
255,238,Savings,25209.96,2026-04-21
256,239,CD,16018.16,2024-06-28
257,239,Savings,6916.19,2026-01-18
258,239,Checking,6546.64,2024-06-09
259,241,Checking,3491.32,2025-09-21
260,241,Savings,16055.31,2023-09-10
261,242,Savings,3688.41,2025-07-19
262,243,Checking,6658.98,2026-04-14
263,246,CD,11006.87,2023-05-28
264,248,Checking,6461.14,2023-07-08
265,248,CD,20394.89,2025-03-25
266,249,Checking,4884.19,2026-04-28
267,249,CD,14141.83,2025-11-14
268,251,CD,18772.74,2025-11-07
269,251,Savings,4085.07,2024-04-27
270,252,Savings,11392.05,2025-12-25
271,252,Checking,28627.19,2026-04-05
272,254,Savings,9415.47,2023-12-10
273,255,Checking,4787.17,2026-05-25
274,257,CD,36491.81,2025-11-28
275,257,Checking,8910.12,2026-06-20
276,258,CD,8659.7,2020-10-30
277,258,Savings,6267.68,2019-12-05
278,259,CD,28590.39,2021-08-28
279,260,Checking,15991.25,2023-10-26
280,260,Savings,26779.55,2022-09-04
281,261,CD,22758.55,2022-03-18
282,262,Checking,1510.2,2025-09-02
283,263,Checking,650.1,2024-12-15
284,263,Savings,26783.57,2025-03-09
285,266,CD,17835.3,2025-04-29
286,266,Savings,6598.41,2026-02-26
287,267,Checking,5334.13,2025-05-29
288,267,CD,10109.84,2024-11-18
289,269,CD,137760.33,2024-01-29
290,269,Savings,17119.96,2025-05-08
291,270,CD,21951.44,2026-06-16
292,271,Checking,3772.1,2026-06-04
293,271,CD,25706.64,2022-03-30
294,273,Savings,20710.6,2024-04-15
295,276,CD,32052.86,2026-06-24
296,276,Savings,27187.44,2025-01-17
297,277,CD,46661.55,2026-01-02
298,278,Checking,11020.05,2022-10-16
299,278,Savings,21927.91,2026-06-24
300,279,CD,7654.97,2023-02-04
301,280,Checking,7294.26,2022-10-14
302,280,CD,42095.3,2025-02-07
303,280,Savings,8371.7,2026-03-21
304,281,Savings,13306.27,2026-04-16
305,282,Checking,6092.53,2009-01-12
306,282,Savings,14052.91,2003-01-23
307,284,Checking,19230.45,2022-01-01
308,285,Savings,6778.04,2026-05-27
309,285,CD,17408.07,2026-06-22
310,286,Savings,20200.39,2023-06-02
311,287,Checking,2717.56,2023-08-26
312,287,Savings,3760.85,2025-04-10
313,287,CD,3641.25,2024-11-25
314,288,CD,14004.02,2026-03-18
315,289,Checking,18149.95,2023-10-05
316,290,Checking,18896.63,2025-12-10
317,292,Savings,6779.66,2026-02-25
318,292,CD,19951.73,2026-01-06
319,293,Savings,38489.24,2007-11-24
320,294,CD,53087.06,2026-05-31
321,294,Checking,5937.2,2026-05-21
322,295,Savings,10486.41,2026-05-26
323,297,Checking,3157.27,2025-11-13
324,297,CD,11774.58,2025-06-02
325,298,CD,6691.58,2025-10-15
326,299,CD,122815.3,2025-04-13
327,299,Checking,7958.67,2026-04-30
328,301,CD,15685.81,2024-05-27
329,303,CD,18381.06,2024-06-01
330,305,Checking,18992.07,2014-06-13
331,306,CD,103840.86,2026-05-06
332,307,Savings,29334.61,2022-12-19
333,307,CD,40239.68,2025-08-23
334,309,Savings,40837.72,2024-07-23
335,309,CD,106439.29,2024-12-05
336,311,Checking,16136.84,2023-09-21
337,311,Savings,24886.66,2023-12-16
338,311,CD,48512.0,2024-05-29
339,313,CD,59252.45,2025-08-14
340,315,Savings,15853.31,2026-05-24
341,315,Checking,1171.09,2026-06-26
342,316,CD,20895.47,2026-05-04
343,317,Savings,7943.34,2021-03-06
344,317,Checking,5799.09,2023-04-01
345,317,CD,10037.59,2025-12-08
346,318,Savings,10065.83,2026-05-24
347,318,CD,30968.2,2026-05-04
348,319,Savings,50719.69,2025-09-11
349,319,CD,24109.52,2026-06-13
350,321,CD,30387.99,2026-04-29
351,321,Savings,21164.97,2026-05-11
352,322,CD,8733.88,2018-12-14
353,323,CD,11031.94,2026-05-11
354,323,Savings,21365.36,2026-05-09
355,325,Savings,25300.28,2026-04-20
356,325,Checking,2833.2,2026-06-09
357,328,Savings,6428.97,2023-01-02
358,328,Checking,14305.95,2025-07-29
359,329,Savings,33561.04,2020-04-20
360,330,CD,15890.16,2015-07-14
361,331,Savings,6470.67,2022-10-28
362,333,Savings,9428.7,2021-10-12
363,334,CD,7340.44,2025-04-13
364,335,Checking,3829.83,2025-05-22
365,338,CD,33260.17,2025-12-22
366,338,Savings,8571.05,2024-07-13
367,339,CD,17804.37,2024-06-10
368,339,Savings,20300.09,2024-05-22
369,340,Savings,33025.09,2026-02-04
370,340,Checking,2100.09,2026-03-15
371,343,Checking,5650.41,2023-03-06
372,343,Savings,16010.08,2024-06-27
373,343,CD,25788.04,2025-01-08
374,345,CD,12420.24,2025-12-05
375,346,Checking,1008.0,2016-07-28
376,347,Savings,4244.45,2024-05-29
377,349,Savings,17224.68,2017-07-13
378,350,Savings,15553.31,2025-05-27
379,350,CD,36117.16,2025-06-08
380,351,CD,36121.92,2025-12-03
381,352,CD,182270.87,2023-11-05
382,352,Savings,88390.08,2023-08-12
383,356,CD,123326.06,2023-10-03
384,359,Checking,3411.39,2024-07-05
385,361,Checking,3596.75,2026-06-15
386,363,Savings,7972.36,2024-03-10
387,364,Savings,67187.93,2025-03-01
388,365,CD,5534.75,2025-02-09
389,365,Checking,3744.45,2026-03-30
390,365,Savings,14062.7,2026-04-30
391,367,Checking,3023.41,2022-01-31
392,368,Checking,3858.22,2016-12-20
393,369,CD,23992.75,2022-08-16
394,370,CD,27149.17,2026-06-30
395,371,Savings,11627.32,2024-04-04
396,371,CD,14936.42,2025-02-02
397,371,Checking,6808.19,2024-09-13
398,372,Checking,4727.8,2024-03-21
399,375,Savings,11227.1,2025-12-06
400,376,CD,14555.25,2020-12-01
401,376,Savings,21814.79,2021-10-06
402,377,CD,40668.98,2007-10-06
403,380,CD,20310.63,2019-07-23
404,381,Checking,4988.17,2017-10-14
405,382,Savings,6099.0,2026-02-09
406,383,Checking,5786.26,2022-06-10
407,383,CD,37096.91,2019-10-23
408,385,Savings,15435.8,2025-03-12
409,386,Savings,5611.09,2010-09-21
410,386,Checking,1270.18,2018-11-19
411,386,CD,39727.37,2017-09-01
412,388,CD,12150.79,2026-02-03
413,389,CD,10506.67,2026-02-05
414,389,Checking,1200.77,2026-05-05
415,390,CD,24960.16,2025-10-05
416,392,Checking,1181.58,2022-11-18
417,392,CD,11204.89,2025-01-17
418,392,Savings,811.31,2023-12-27
419,393,Savings,7818.14,2026-06-25
420,394,Checking,19399.64,2023-04-23
421,395,CD,18528.28,2020-05-03
422,395,Savings,8471.67,2023-05-13
423,396,Savings,19897.2,2020-07-31
424,397,Checking,8993.03,2025-07-28
425,397,CD,38151.39,2024-01-01
426,399,Savings,37983.1,2016-03-31
427,400,Checking,154.58,2024-12-08
428,401,CD,49452.06,2025-09-30
429,402,Savings,3981.78,2018-11-15
430,402,CD,7562.77,2026-05-14
431,404,CD,222776.32,2025-08-27
432,406,CD,29153.37,2020-12-07
433,406,Checking,4738.95,2023-11-03
434,406,Savings,16491.38,2023-01-23
435,407,Checking,17122.78,2024-08-04
436,407,Savings,10903.97,2024-09-24
437,408,Savings,5268.44,2022-08-15
438,409,Checking,1261.58,2025-11-27
439,410,Savings,37819.19,2013-12-12
440,410,Checking,6242.61,2008-11-27
441,411,Savings,4872.38,2024-12-17
442,411,Checking,5051.01,2025-04-14
443,411,CD,11482.37,2026-02-03
444,413,CD,35215.08,2023-04-28
445,413,Savings,42157.33,2024-02-26
446,414,Savings,25998.29,2026-04-11
447,415,CD,8149.32,2026-03-23
448,417,CD,201364.65,2016-09-26
449,417,Savings,11774.65,2024-09-18
450,417,Checking,19454.15,2024-06-17
451,418,CD,18639.49,2025-05-26
452,418,Savings,11950.55,2026-02-13
453,419,Checking,1869.6,2025-05-27
454,419,CD,17542.65,2021-10-13
455,420,CD,48909.52,2026-05-24
456,420,Checking,3726.99,2026-03-17
457,421,Checking,4861.76,2024-01-25
458,422,CD,38006.3,2026-06-14
459,422,Savings,8495.55,2025-10-25
460,423,CD,57242.53,2026-01-23
461,424,Checking,17638.23,2026-06-05
462,424,Savings,155001.58,2026-05-27
463,424,CD,102780.71,2026-04-29
464,425,Checking,4838.71,2026-02-10
465,426,CD,157446.37,2023-12-17
466,426,Savings,17358.73,2025-09-10
467,427,Checking,22288.28,2026-05-18
468,429,Savings,3094.96,2024-08-01
469,430,Savings,19577.54,2023-04-02
470,431,Savings,13599.18,2025-02-16
471,431,CD,9823.3,2023-12-19
472,432,Checking,12781.02,2025-12-27
473,433,Checking,4089.25,2022-07-20
474,434,CD,74007.94,2024-04-07
475,435,Checking,1697.96,2026-04-20
476,435,Savings,6899.18,2026-04-25
477,438,CD,26845.63,2025-05-03
478,438,Checking,10536.05,2025-01-08
479,441,CD,42318.65,2026-02-25
480,442,Checking,5990.78,2018-04-29
481,443,CD,44890.15,2025-09-18
482,444,Checking,2700.72,2025-10-12
483,446,Checking,7745.85,2026-06-03
484,446,Savings,26060.87,2026-05-16
485,446,CD,86422.44,2026-06-07
486,447,Savings,24277.48,2024-04-03
487,448,CD,68150.63,2026-01-28
488,449,Savings,8319.16,2025-08-25
489,450,Savings,6682.2,2024-01-14
490,452,CD,11018.79,2022-12-06
491,456,Checking,17849.22,2025-03-28
492,456,CD,54560.2,2024-04-20
493,456,Savings,24048.43,2025-09-15
494,457,CD,1926.68,2023-01-22
495,459,Savings,23870.64,2024-11-05
496,460,Checking,10808.47,2026-02-06
497,461,Savings,9931.87,2021-03-16
498,461,Checking,7144.88,2025-07-05
499,462,Checking,4494.02,2025-01-11
500,462,CD,6965.51,2026-03-30
501,463,Checking,1436.6,2026-06-15
502,463,Savings,6320.3,2026-06-30
503,464,Checking,5000.28,2025-01-15
504,467,CD,11420.94,2013-05-07
505,467,Savings,10188.72,2014-02-03
506,467,Checking,1275.61,2024-11-05
507,468,Savings,11033.29,2019-09-21
508,468,Checking,2427.93,2023-07-10
509,469,Checking,26355.68,2025-01-13
510,469,CD,137189.21,2024-09-06
511,470,Checking,3010.52,2026-06-10
512,470,CD,24233.12,2026-04-27
513,470,Savings,17278.72,2026-04-21
514,472,CD,72223.25,2024-04-26
515,474,Savings,3155.76,2023-10-13
516,474,Checking,2588.85,2025-02-04
517,476,CD,11497.59,2026-01-04
518,476,Savings,11270.92,2025-02-07
519,478,Checking,3931.38,2026-02-27
520,478,CD,14214.5,2021-04-29
521,480,Checking,11167.74,2026-05-20
522,481,CD,20630.28,2025-01-17
523,482,Checking,2726.91,2026-06-15
524,483,CD,6932.65,2026-02-11
525,484,Savings,23905.24,2026-06-05
526,485,Savings,3505.1,2024-12-24
527,485,CD,48512.67,2024-12-10
528,485,Checking,304.9,2026-06-15
529,486,Checking,6310.0,2026-06-22
530,486,Savings,61285.05,2026-06-17
531,487,CD,31090.38,2022-02-19
532,488,Checking,9186.85,2026-02-04
533,488,Savings,13597.97,2026-01-09
534,489,CD,201977.97,2019-01-28
535,491,CD,40254.74,2026-03-26
536,491,Checking,15028.07,2026-02-05
537,492,CD,111409.47,2022-09-05
538,493,CD,17358.39,2016-05-12
539,494,Checking,1658.4,2025-08-14
540,494,Savings,23028.55,2025-04-11
541,495,CD,36282.96,2025-12-27
542,495,Checking,4382.43,2026-03-14
543,496,Savings,22464.23,2024-09-14
544,496,CD,35963.97,2025-04-18
545,496,Checking,1295.01,2026-04-03
546,497,Savings,9234.83,2025-04-07
547,498,Savings,1488.13,2022-04-16
548,498,CD,17838.42,2020-06-22
549,499,Savings,26225.86,2025-07-14
550,500,Checking,9530.43,2020-02-05
551,502,CD,86745.99,2024-05-10
552,503,Checking,2878.38,2026-06-11
553,503,Savings,8161.48,2025-07-05
554,504,Checking,7767.26,2025-02-16
555,505,CD,29573.54,2026-05-01
556,505,Savings,12034.59,2026-04-30
557,506,Checking,17356.3,2026-04-11
558,507,CD,15850.79,2026-05-27
559,507,Checking,5392.31,2025-05-27
560,507,Savings,20576.7,2022-09-29
561,508,CD,25890.72,2026-02-18
562,509,Savings,6355.55,2020-02-26
563,509,CD,13452.5,2021-11-08
564,510,CD,23241.11,2025-12-17
565,511,Savings,15066.14,2022-04-10
566,513,CD,44552.1,2025-12-08
567,513,Savings,7828.39,2021-12-14
568,513,Checking,1113.94,2023-07-27
569,514,CD,87734.6,2025-01-24
570,515,Checking,6932.36,2025-02-23
571,516,CD,41027.66,2025-07-05
572,517,CD,41791.79,2023-01-05
573,518,CD,149197.03,2024-01-26
574,518,Savings,46102.99,2024-08-01
575,518,Checking,49857.37,2026-01-29
576,519,Savings,67412.93,2023-03-04
577,520,Savings,8998.89,2025-08-18
578,521,Checking,7835.97,2025-10-30
579,522,Savings,3389.14,2026-06-20
580,524,Savings,10382.96,2026-06-14
581,524,CD,46979.03,2026-06-11
582,525,Checking,11681.73,2026-06-13
583,525,CD,51267.2,2026-05-19
584,525,Savings,11216.89,2026-06-18
585,527,Savings,24198.65,2026-05-11
586,527,CD,30964.72,2026-04-20
587,529,CD,23208.87,2022-04-09
588,530,CD,11756.79,2011-02-28
589,531,Savings,62317.1,2026-04-30
590,532,CD,41575.99,2026-04-29
591,533,CD,20281.41,2025-02-23
592,533,Checking,2071.34,2026-06-29
593,534,CD,12085.63,2026-05-19
594,535,CD,75665.38,2024-05-19
595,535,Savings,20102.09,2025-05-19
596,536,CD,17951.09,2026-05-24
597,537,Savings,22638.54,2026-05-01
598,537,CD,73117.76,2026-06-10
599,537,Checking,7231.95,2026-06-17
600,538,CD,25075.07,2019-09-23
601,539,CD,49505.04,2022-09-03
602,541,CD,24019.33,2025-06-08
603,541,Checking,1748.18,2024-05-25
604,541,Savings,30474.85,2023-06-09
605,542,Savings,971.98,2024-02-15
606,544,Checking,24934.88,2024-03-05
607,544,CD,17211.77,2024-09-11
608,545,Checking,6673.76,2025-08-17
609,545,Savings,13867.16,2026-03-31
610,545,CD,25272.71,2026-06-27
611,546,Checking,4674.66,2020-12-09
612,546,Savings,43651.4,2018-07-26
613,546,CD,122869.58,2021-05-14
614,547,CD,6053.85,2024-07-03
615,548,Savings,7371.87,2026-03-27
616,548,CD,12813.94,2025-12-31
617,549,Savings,13970.22,2026-05-28
618,550,Savings,83477.13,2024-09-06
619,550,CD,111301.5,2025-11-23
620,551,Savings,3202.69,2015-07-12
621,552,CD,181774.58,2024-02-10
622,553,CD,103025.92,2023-07-17
623,554,Checking,5233.35,2026-04-22
624,555,Checking,2193.1,2025-05-03
625,557,Savings,10577.11,2025-09-15
626,560,Savings,20744.18,2023-12-11
627,561,CD,7941.71,2022-05-22
628,562,CD,39330.16,2023-07-28
629,562,Savings,10033.07,2026-03-17
630,564,Checking,8853.34,2026-04-25
631,565,Savings,13386.21,2015-06-26
632,568,CD,47444.09,2026-06-30
633,571,Checking,4605.41,2021-07-27
634,572,Checking,9969.81,2026-04-25
635,573,CD,20171.4,2025-07-16
636,574,CD,24087.04,2022-11-28
637,575,Checking,1727.33,2025-10-27
638,576,Savings,8640.29,2024-06-13
639,576,Checking,3940.65,2024-04-16
640,577,Savings,4966.68,2026-03-27
641,577,Checking,5746.62,2026-05-23
642,579,CD,35236.81,2024-04-17
643,579,Savings,8769.92,2024-06-04
644,580,Savings,21545.69,2023-05-19
645,580,CD,378684.78,2025-09-13
646,581,Checking,6452.23,2026-04-09
647,582,Checking,3208.22,2025-12-10
648,583,CD,2651.02,2019-03-04
649,583,Checking,14317.76,2022-01-27
650,583,Savings,5279.93,2015-04-03
651,584,CD,51870.76,2025-08-09
652,585,Savings,18032.82,2024-03-04
653,585,Checking,4661.46,2025-05-27
654,585,CD,32763.58,2025-05-16
655,586,Savings,14094.75,2013-05-02
656,588,Checking,3458.69,2024-12-01
657,588,CD,73059.34,2025-06-21
658,589,CD,52727.75,2026-02-27
659,590,Savings,15777.29,2023-12-22
660,590,CD,23473.07,2025-11-23
661,590,Checking,2514.93,2025-08-24
662,592,CD,30524.88,2023-07-17
663,593,CD,22736.37,2025-06-16
664,594,Checking,1187.3,2019-05-01
665,594,Savings,5229.21,2025-07-24
666,595,CD,99262.49,2026-01-05
667,596,Savings,5156.44,2020-01-13
668,597,Savings,45970.87,2024-10-06
669,597,CD,29803.59,2025-08-12
670,597,Checking,19818.9,2024-01-09
671,598,Savings,10180.34,2024-10-28
672,600,Savings,39394.48,2026-01-22
673,600,CD,78869.14,2024-02-06
674,602,Savings,31205.39,2026-05-18
675,603,Savings,19299.47,2023-11-06
676,603,CD,22678.22,2014-09-05
677,604,Checking,6527.77,2026-04-13
678,605,CD,57363.39,2026-02-12
679,607,CD,25078.1,2018-03-14
680,608,Checking,676.86,2025-10-26
681,609,Savings,5990.35,2023-10-28
682,611,CD,44494.1,2026-04-10
683,612,Checking,1825.97,2025-03-16
684,614,Checking,4435.93,2026-03-18
685,614,Savings,33229.59,2026-04-06
686,616,Checking,3558.89,2026-01-24
687,616,CD,153171.49,2026-02-24
688,616,Savings,22802.28,2026-04-20
689,617,CD,23181.95,2022-08-05
690,619,Checking,2572.54,2022-06-24
691,621,Checking,7767.21,2024-10-15
692,623,Checking,1351.71,2018-04-03
693,623,Savings,2665.96,2010-01-19
694,624,Savings,10144.14,2022-05-12
695,625,Checking,4162.01,2026-04-11
696,625,Savings,8534.55,2026-06-23
697,625,CD,1891.41,2026-06-08
698,626,CD,8844.67,2024-01-19
699,627,CD,17445.63,2025-05-18
700,627,Checking,9195.12,2026-02-26
701,628,Checking,3170.76,2025-08-21
702,629,CD,23820.49,2026-06-19
703,630,Checking,18871.9,2025-11-12
704,630,CD,66015.61,2026-04-09
705,632,CD,85578.16,2025-07-03
706,633,Checking,8715.67,2019-09-08
707,633,Savings,16201.77,2022-10-09
708,634,Savings,7188.7,2026-06-27
709,634,CD,32524.14,2020-09-06
710,635,Checking,12525.56,2021-01-20
711,635,Savings,12845.19,2023-05-24
712,636,Checking,3157.71,2024-10-10
713,636,CD,21315.54,2025-11-25
714,637,Checking,3194.3,2025-08-08
715,638,Savings,30941.22,2022-12-09
716,638,Checking,2756.72,2023-01-20
717,639,Checking,3591.14,2020-06-22
718,639,Savings,47830.5,2020-04-23
719,640,Checking,7379.46,2024-04-26
720,640,Savings,4508.45,2024-12-24
721,641,CD,43283.13,2025-09-17
722,642,CD,9276.05,2023-02-11
723,643,Checking,3128.49,2025-04-13
724,645,Checking,10552.27,2025-09-15
725,645,CD,10104.61,2026-05-05
726,645,Savings,6996.81,2020-06-28
727,648,Checking,4226.93,2026-05-15
728,651,Checking,9694.04,2025-04-01
729,654,Savings,3937.55,2025-11-03
730,655,CD,12551.9,2025-08-27
731,656,Savings,893.45,2025-06-11
732,656,Checking,1929.19,2025-12-25
733,657,Checking,2907.22,2026-06-15
734,659,CD,18768.04,2024-10-24
735,660,Checking,48.1,2019-12-10
736,660,CD,9722.21,2023-10-20
737,663,Checking,2079.42,2024-03-05
738,665,CD,11879.49,2020-06-01
739,666,Checking,11832.35,2026-05-16
740,666,CD,16705.98,2026-03-18
741,668,CD,12592.25,2025-09-13
742,668,Checking,3498.5,2025-11-16
743,669,Savings,11775.63,2025-03-25
744,673,Savings,11993.53,2022-07-31
745,673,Checking,4998.25,2026-01-05
746,675,Checking,10196.41,2026-02-17
747,676,Savings,28977.08,2022-10-21
748,677,CD,51353.57,2025-12-11
749,679,CD,263644.34,2025-08-11
750,681,Savings,10772.55,2025-10-16
751,682,Savings,16097.7,2026-04-15
752,682,Checking,6548.94,2025-12-06
753,683,Savings,7790.7,2025-10-31
754,684,Savings,15632.39,2025-11-26
755,684,CD,18202.52,2026-02-25
756,685,Savings,47617.55,2024-11-25
757,685,CD,35189.89,2024-11-15
758,685,Checking,8429.97,2025-05-20
759,686,Checking,15492.82,2022-09-08
760,687,CD,29749.13,2015-08-03
761,688,Savings,13685.29,2024-11-21
762,689,CD,20145.77,2025-01-22
763,690,Savings,26064.55,2022-04-16
764,693,Savings,6248.13,2026-06-07
765,694,Savings,19004.19,2025-10-28
766,696,Checking,6956.84,2025-01-16
767,696,CD,24226.45,2023-11-07
768,698,Savings,7083.55,2026-02-04
769,698,Checking,5299.57,2020-07-25
770,699,Checking,4586.85,2020-05-25
771,700,Checking,1218.6,2017-08-07
772,702,CD,58034.74,2022-11-10
773,704,Checking,7027.33,2024-04-26
774,704,CD,78761.01,2018-10-07
775,705,Checking,4242.3,2023-07-01
776,705,CD,6424.97,2024-03-23
777,706,Checking,9004.68,2025-12-28
778,707,Savings,30044.06,2009-03-25
779,708,CD,20657.22,2024-09-07
780,708,Checking,10075.31,2024-08-07
781,709,CD,37481.63,2024-12-03
782,710,Checking,1299.99,2026-04-06
783,710,Savings,14914.09,2025-05-27
784,710,CD,26844.39,2025-02-25
785,711,Savings,33262.04,2026-06-25
786,712,Checking,3671.63,2025-11-16
787,713,CD,37544.37,2024-01-26
788,714,Savings,42246.07,2024-07-16
789,714,CD,275187.29,2022-05-25
790,716,Checking,406.57,2025-08-17
791,718,Savings,2123.66,2013-12-18
792,723,Savings,27231.15,2025-05-19
793,723,Checking,4831.98,2026-02-06
794,725,Savings,9890.83,2026-05-04
795,725,CD,26146.54,2026-05-05
796,726,Savings,2658.75,2021-08-09
797,727,Checking,16346.69,2024-11-25
798,728,Checking,5576.11,2015-11-23
799,730,CD,79838.87,2026-01-18
800,732,CD,57593.21,2014-07-31
801,733,Checking,2551.3,2009-05-22
802,734,CD,52367.41,2024-11-30
803,736,CD,68600.37,2022-04-03
804,736,Savings,18931.79,2019-10-27
805,738,Savings,6540.47,2026-02-23
806,738,Checking,1922.76,2020-10-24
807,739,Savings,4214.82,2022-01-04
808,739,Checking,1320.68,2019-04-21
809,741,CD,74411.85,2019-12-18
810,741,Savings,13188.99,2022-02-07
811,741,Checking,9846.78,2023-12-18
812,743,CD,10501.34,2026-03-24
813,743,Savings,9772.64,2022-04-11
814,744,Savings,44741.7,2025-11-25
815,746,Savings,11383.04,2025-09-30
816,746,CD,28550.66,2025-10-02
817,749,CD,66544.13,2017-05-18
818,750,Checking,5691.41,2026-02-24
819,751,Checking,861.38,2025-08-08
820,752,Checking,5318.04,2024-03-02
821,752,CD,12101.85,2025-07-08
822,753,CD,28267.07,2025-12-26
823,755,CD,89403.03,2024-03-28
824,756,Checking,2484.9,2021-05-01
825,756,CD,15323.6,2024-09-20
826,757,Savings,4657.71,2026-04-27
827,757,Checking,4153.96,2026-06-20
828,758,Checking,2305.04,2024-09-04
829,758,Savings,13574.83,2025-10-24
830,759,Savings,7566.77,2023-09-08
831,762,CD,91682.07,2026-05-12
832,762,Savings,17769.06,2025-12-18
833,765,Savings,5940.94,2024-10-19
834,765,Checking,7776.14,2025-10-03
835,767,Savings,34424.32,2011-05-07
836,767,Checking,22262.23,2017-02-21
837,768,Checking,2504.41,2023-11-25
838,768,CD,31747.55,2026-01-28
839,768,Savings,17259.75,2023-09-21
840,769,Checking,37150.99,2024-03-07
841,770,Savings,2255.23,2025-11-10
842,772,Savings,8585.38,2023-02-15
843,773,CD,1428.56,2024-02-20
844,774,Checking,3218.67,2026-04-28
845,774,CD,58651.06,2026-05-20
846,775,CD,9957.64,2020-08-06
847,776,CD,20931.97,2025-12-29
848,776,Savings,7100.73,2024-10-24
849,776,Checking,497.83,2025-05-15
850,777,Checking,3296.98,2025-04-28
851,777,CD,11078.95,2026-05-10
852,778,Savings,15172.35,2022-10-18
853,778,Checking,22455.93,2024-11-16
854,778,CD,38219.83,2025-09-15
855,779,CD,35766.7,2024-01-30
856,781,CD,74883.6,2022-07-23
857,781,Savings,15161.59,2022-06-04
858,783,CD,21897.75,2022-04-07
859,783,Checking,8050.59,2022-07-28
860,784,Savings,28569.63,2024-02-08
861,784,CD,31984.04,2023-06-16
862,785,CD,9232.98,2025-10-20
863,785,Savings,6617.57,2024-05-11
864,786,Checking,6225.85,2026-05-23
865,786,CD,39976.8,2025-11-18
866,786,Savings,5809.3,2025-08-28
867,787,Savings,3256.25,2025-10-17
868,788,Checking,3960.9,2022-08-26
869,790,Savings,30946.42,2026-05-06
870,793,CD,41593.03,2020-12-07
871,793,Checking,2424.04,2026-04-22
872,796,Savings,6252.05,2023-05-30
873,798,Checking,1268.91,2026-01-14
874,801,Checking,2029.39,2026-05-28
875,802,CD,27487.69,2024-09-22
876,802,Checking,1310.03,2024-12-08
877,803,CD,21909.09,2023-03-31
878,804,Checking,1157.36,2025-10-06
879,805,Checking,1086.81,2026-06-27
880,805,CD,23032.88,2026-05-14
881,806,Savings,22929.1,2025-12-28
882,808,CD,31710.28,2025-03-10
883,809,Checking,3859.9,2022-06-03
884,809,Savings,6960.57,2026-04-27
885,810,CD,17332.12,2025-01-20
886,810,Savings,16953.42,2025-10-03
887,813,Savings,14486.08,2024-12-26
888,813,Checking,1845.69,2024-06-28
889,814,Checking,9538.99,2024-02-22
890,816,Checking,1460.36,2023-09-22
891,817,Checking,3724.86,2025-09-05
892,817,CD,13271.94,2026-06-08
893,819,Checking,8000.99,2025-05-07
894,819,CD,30163.97,2025-02-10
895,819,Savings,3288.59,2025-09-27
896,820,Savings,18034.81,2023-06-25
897,821,CD,36311.52,2026-04-03
898,821,Checking,15404.63,2026-05-19
899,822,CD,37572.94,2022-03-09
900,822,Savings,22916.63,2015-02-27
901,824,Savings,14740.07,2025-09-16
902,825,CD,9782.81,2024-03-08
903,826,Savings,12591.45,2024-07-07
904,827,CD,16366.85,2025-01-09
905,829,Savings,8144.41,2025-07-25
906,830,Checking,5432.39,2026-04-02
907,830,Savings,17600.91,2026-02-22
908,831,Checking,6285.58,2024-01-14
909,831,Savings,18664.66,2021-12-22
910,833,CD,24422.65,2009-02-23
911,833,Checking,1442.44,2020-03-09
912,834,Checking,4833.34,2025-07-17
913,834,Savings,24658.18,2025-08-30
914,837,CD,30162.04,2026-05-08
915,839,CD,37165.25,2025-09-15
916,839,Checking,1373.7,2025-10-26
917,840,Checking,3521.92,2026-03-28
918,840,CD,24455.54,2026-05-31
919,840,Savings,6658.17,2024-08-19
920,843,CD,6216.26,2025-08-30
921,845,CD,144885.37,2019-03-23
922,846,Savings,4960.48,2026-04-17
923,847,Savings,4282.83,2026-05-26
924,848,CD,13513.61,2020-09-01
925,851,Checking,994.06,2025-10-15
926,851,CD,28140.82,2021-02-09
927,851,Savings,2356.25,2021-08-29
928,852,Savings,5901.61,2026-05-19
929,853,Savings,7977.26,2025-09-30
930,854,CD,25760.85,2026-05-24
931,855,Savings,39553.12,2016-12-24
932,859,Savings,11468.22,2023-03-13
933,859,Checking,6265.18,2024-04-17
934,861,CD,25682.7,2023-09-14
935,861,Checking,956.3,2022-12-13
936,862,Checking,1940.96,2013-11-01
937,862,CD,23520.43,2013-08-21
938,862,Savings,11766.32,2022-04-28
939,863,Checking,4319.9,2026-05-19
940,864,Checking,1092.09,2022-03-31
941,864,Savings,14569.88,2024-04-23
942,864,CD,5084.04,2022-11-10
943,865,Savings,14711.96,2025-11-04
944,865,CD,37609.75,2024-05-07
945,866,Checking,6258.56,2023-02-12
946,866,Savings,21354.07,2021-01-19
947,868,Savings,4631.18,2023-06-29
948,872,Checking,1827.98,2026-04-14
949,872,Savings,20506.14,2026-04-04
950,872,CD,25269.46,2026-04-11
951,873,Savings,21490.02,2025-12-01
952,875,CD,19202.2,2026-02-14
953,876,CD,27120.2,2025-09-28
954,878,Checking,14189.27,2022-12-24
955,878,CD,18414.99,2024-03-15
956,879,Checking,11125.12,2023-10-07
957,881,CD,13159.68,2026-04-24
958,882,Checking,12241.97,2022-09-01
959,882,Savings,5202.27,2023-01-25
960,883,Checking,2282.18,2022-10-17
961,883,Savings,16697.77,2023-12-25
962,884,CD,42223.24,2023-07-30
963,885,Savings,52857.35,2025-12-18
964,887,Checking,9217.44,2025-03-17
965,887,CD,79823.78,2024-08-18
966,888,Savings,13364.91,2025-04-08
967,888,Checking,2798.93,2026-04-15
968,889,CD,63943.23,2026-03-15
969,889,Savings,11097.02,2024-10-28
970,891,Checking,1285.38,2023-11-17
971,891,CD,4369.05,2023-07-31
972,892,Savings,28516.33,2002-11-01
973,893,Savings,5681.54,2025-02-22
974,894,CD,44513.54,2025-06-27
975,895,CD,5425.57,2023-11-18
976,896,Checking,6707.53,2021-08-16
977,897,Savings,20373.67,2024-01-14
978,897,Checking,25962.17,2024-12-21
979,898,CD,15945.4,2024-11-21
980,900,Checking,7578.96,2025-09-14
981,901,CD,44292.32,2024-04-21
982,903,Checking,692.63,2026-03-07
983,907,CD,37930.47,2026-05-02
984,908,Savings,5053.21,2026-01-06
985,908,CD,8046.16,2022-01-26
986,909,Checking,8582.3,2021-07-19
987,909,Savings,23589.41,2022-10-12
988,911,Checking,5549.07,2026-06-11
989,914,Savings,3249.56,2025-10-15
990,914,Checking,4643.43,2026-01-20
991,915,Savings,1327.06,2026-06-30
992,915,CD,15266.2,2026-06-16
993,917,CD,18527.32,2022-10-12
994,917,Checking,13916.19,2023-02-06
995,919,Savings,14858.65,2026-03-03
996,920,CD,42174.88,2022-02-28
997,921,Checking,13160.1,2022-09-12
998,922,Savings,5787.77,2025-12-30
999,923,Checking,5238.91,2025-07-20
1000,925,Checking,15314.88,2019-04-16
1001,925,Savings,7698.91,2026-03-02
1002,926,Checking,53275.64,2025-07-11
1003,927,CD,80667.79,2026-06-17
1004,928,Checking,2596.84,2025-05-22
1005,929,Savings,16047.35,2024-08-22
1006,932,Savings,82676.37,2025-07-27
1007,933,Checking,1775.67,2026-03-08
1008,934,Savings,69615.56,2021-12-09
1009,937,Savings,15085.0,2018-12-21
1010,938,Checking,5140.94,2021-04-25
1011,939,CD,8706.2,2021-06-18
1012,939,Savings,6537.56,2022-11-10
1013,939,Checking,1411.71,2021-03-24
1014,940,CD,59524.6,2023-11-03
1015,942,Savings,6542.52,2025-09-08
1016,943,Savings,56686.77,2025-09-26
1017,944,CD,10754.07,2026-03-13
1018,946,Checking,4911.54,2026-04-19
1019,946,Savings,5657.17,2025-11-04
1020,947,CD,20680.42,2023-08-04
1021,950,CD,23921.25,2022-09-28
1022,950,Checking,12043.51,2026-05-06
1023,951,Checking,1876.11,2026-06-30
1024,951,Savings,14788.19,2026-03-30
1025,951,CD,129042.85,2026-03-13
1026,952,Checking,7790.12,2026-06-16
1027,954,Savings,23372.78,2021-09-07
1028,954,CD,49360.95,2023-05-15
1029,955,Savings,5990.87,2024-04-27
1030,956,CD,7667.2,2022-01-06
1031,956,Checking,5407.56,2018-01-19
1032,957,Checking,4131.27,2024-02-02
1033,958,Savings,4887.02,2026-06-14
1034,958,Checking,9394.37,2026-04-01
1035,958,CD,16436.58,2026-02-28
1036,959,Savings,14411.83,2019-03-15
1037,959,CD,27090.56,2011-06-07
1038,960,Checking,9804.93,2022-05-06
1039,960,Savings,14295.32,2024-11-28
1040,961,Savings,18020.72,2020-12-09
1041,962,Checking,14658.52,2026-04-22
1042,963,Savings,10529.01,2019-07-14
1043,965,Savings,23140.6,2025-10-06
1044,965,CD,29267.74,2026-04-28
1045,965,Checking,10332.94,2025-05-01
1046,968,CD,53987.13,2024-03-15
1047,970,CD,23447.78,2020-07-11
1048,972,Savings,25352.31,2026-03-02
1049,975,Checking,5769.43,2015-01-17
1050,976,CD,19489.66,2017-05-18
1051,977,CD,28247.98,2023-06-18
1052,977,Checking,22528.23,2023-06-06
1053,978,CD,10960.32,2013-07-03
1054,978,Savings,23606.93,2010-12-20
1055,979,CD,31149.88,2023-03-22
1056,980,Savings,15509.67,2025-04-12
1057,980,CD,39727.22,2023-04-29
1058,980,Checking,7358.1,2022-12-24
1059,981,Savings,14240.24,2025-10-25
1060,982,Checking,3768.84,2026-04-30
1061,984,Savings,23949.91,2023-11-11
1062,985,Savings,5209.33,2023-10-13
1063,986,Savings,8044.73,2022-06-01
1064,986,CD,7792.34,2018-09-12
1065,988,Checking,5689.84,2026-02-13
1066,988,CD,17889.06,2026-06-25
1067,988,Savings,4692.76,2026-06-12
1068,989,Checking,1738.01,2025-10-13
1069,990,CD,150560.41,2025-05-20
1070,990,Checking,3414.77,2025-10-28
1071,991,Savings,52435.91,2021-08-30
1072,992,Savings,15761.63,2026-02-06
1073,993,Savings,136810.3,2019-08-03
1074,995,CD,95505.74,2024-04-07
1075,995,Checking,16458.83,2024-10-01
1076,997,Savings,14226.55,2025-03-13
1077,997,CD,23935.91,2025-10-14
1078,998,CD,13421.12,2026-05-06
1079,998,Savings,16077.39,2025-10-17
1080,1000,Savings,26289.78,2026-01-28
1081,1001,Savings,7139.05,2024-11-30
1082,1001,CD,15076.02,2024-10-22
1083,1002,Checking,5502.73,2025-02-17
1084,1003,Savings,17601.25,2024-11-07
1085,1004,Checking,712.14,2025-11-18
1086,1005,CD,41395.19,2024-11-07
1087,1006,Checking,3347.06,2021-06-27
1088,1006,CD,20111.53,2021-01-19
1089,1006,Savings,14059.47,2023-04-05
1090,1007,Savings,9071.72,2016-10-05
1091,1009,CD,25337.69,2025-12-07
1092,1010,CD,11243.29,2023-05-08
1093,1010,Checking,1755.38,2026-01-20
1094,1010,Savings,34058.7,2014-06-15
1095,1013,Savings,10738.72,2017-09-05
1096,1013,Checking,2575.58,2019-06-14
1097,1015,Checking,7408.58,2021-10-07
1098,1017,CD,4907.33,2021-09-14
1099,1018,CD,20070.17,2024-10-31
1100,1018,Savings,13007.53,2024-04-08
1101,1019,Checking,3041.42,2026-05-02
1102,1019,CD,6940.47,2026-04-17
1103,1020,Savings,4408.66,2024-02-07
1104,1020,Checking,2057.22,2023-06-25
1105,1020,CD,16126.22,2026-06-17
1106,1021,Checking,4013.52,2026-06-22
1107,1022,CD,11133.15,2025-10-26
1108,1023,Checking,2193.02,2025-05-10
1109,1024,Checking,5781.98,2026-03-21
1110,1025,Checking,9332.06,2023-07-15
1111,1026,CD,25413.75,2026-04-16
1112,1027,Checking,3418.83,2023-10-24
1113,1029,Checking,2109.57,2021-06-15
1114,1030,CD,34054.7,2026-02-03
1115,1031,Savings,10519.64,2011-04-29
1116,1033,Savings,5053.09,2026-04-16
1117,1033,CD,2958.02,2026-02-25
1118,1034,CD,47178.66,2026-06-26
1119,1035,Savings,19543.3,2018-12-23
1120,1035,Checking,805.56,2011-12-01
1121,1035,CD,8080.43,2024-11-01
1122,1036,Savings,32010.65,2026-01-31
1123,1036,CD,35822.48,2025-09-08
1124,1036,Checking,18380.44,2025-05-30
1125,1038,Checking,5350.23,2025-09-30
1126,1040,Checking,7873.13,2022-12-27
1127,1041,CD,10698.42,2024-02-10
1128,1043,Checking,5791.54,2025-04-14
1129,1043,CD,19356.82,2023-06-11
1130,1044,CD,58445.9,2022-04-30
1131,1045,Savings,15430.38,2026-03-08
1132,1046,CD,37824.45,2026-06-10
1133,1047,CD,116361.39,2025-07-29
1134,1049,CD,7855.14,2023-08-04
1135,1051,Checking,16953.44,2024-11-05
1136,1051,Savings,50703.15,2024-03-21
1137,1052,Checking,892.28,2024-10-27
1138,1053,Checking,5581.53,2023-06-04
1139,1053,Savings,7209.2,2018-09-26
1140,1054,Checking,4996.46,2004-02-29
1141,1058,Savings,4302.5,2022-04-20
1142,1058,Checking,708.07,2026-03-19
1143,1061,Checking,10290.11,2025-09-16
1144,1062,CD,37311.4,2025-10-24
1145,1062,Checking,4603.05,2023-11-16
1146,1063,CD,70099.74,2024-02-10
1147,1064,Checking,6010.77,2026-03-19
1148,1068,CD,46617.29,2026-03-29
1149,1068,Savings,14443.01,2025-04-12
1150,1069,Checking,8539.34,2025-05-31
1151,1070,Savings,2351.81,2025-10-05
1152,1072,CD,23244.34,2025-03-24
1153,1072,Savings,16635.66,2014-06-25
1154,1074,Checking,3027.31,2026-02-24
1155,1074,CD,29063.85,2025-10-11
1156,1075,CD,4748.04,2021-10-03
1157,1077,CD,39672.33,2016-06-24
1158,1077,Savings,5394.32,2016-11-06
1159,1078,CD,6783.73,2020-01-29
1160,1078,Savings,12838.97,2026-01-12
1161,1079,CD,29460.67,2026-06-02
1162,1079,Savings,19406.71,2025-12-07
1163,1080,Checking,1026.77,2026-04-10
1164,1082,Checking,1358.91,2020-04-01
1165,1083,Savings,12025.17,2022-09-11
1166,1083,Checking,3682.93,2020-10-27
1167,1084,CD,183044.45,2025-10-07
1168,1085,CD,11617.01,2018-02-21
1169,1086,Savings,18607.53,2022-01-19
1170,1088,CD,12743.74,2024-10-19
1171,1088,Checking,47.55,2024-07-29
1172,1088,Savings,9386.47,2026-03-27
1173,1089,Checking,1028.47,2026-03-26
1174,1089,CD,21361.74,2026-04-10
1175,1092,Checking,5002.13,2026-04-21
1176,1093,Checking,2606.09,2018-01-27
1177,1095,Checking,6054.17,2023-09-15
1178,1095,Savings,17658.76,2026-02-04
1179,1096,Savings,24704.95,2024-07-01
1180,1096,CD,16049.63,2026-01-06
1181,1098,Checking,2455.6,2025-02-27
1182,1099,Savings,6476.13,2026-03-04
1183,1099,CD,7749.37,2023-11-08
1184,1100,CD,45845.34,2022-02-26
1185,1101,Checking,938.62,2021-09-22
1186,1103,CD,38213.71,2024-08-30
1187,1104,Checking,9726.34,2023-10-31
1188,1105,CD,13065.5,2025-03-12
1189,1106,Checking,5956.18,2022-06-05
1190,1106,CD,16865.91,2021-03-29
1191,1106,Savings,11880.47,2020-04-28
1192,1107,Savings,3826.4,2025-12-24
1193,1108,CD,21320.95,2026-02-09
1194,1110,Savings,8824.2,2011-09-09
1195,1111,CD,2278.04,2025-03-28
1196,1111,Savings,22180.68,2022-10-10
1197,1112,Savings,11296.23,2026-01-27
1198,1114,CD,28240.97,2022-12-06
1199,1115,CD,122018.85,2024-08-31
1200,1116,Checking,3855.45,2025-04-06
1201,1116,CD,24190.74,2024-08-27
1202,1117,CD,17088.0,2026-06-15
1203,1117,Checking,1965.67,2023-07-14
1204,1118,CD,16147.71,2022-09-07
1205,1119,Savings,8494.8,2020-11-22
1206,1121,CD,20105.7,2026-03-18
1207,1121,Savings,6248.16,2024-11-25
1208,1123,Checking,3575.3,2025-03-02
1209,1125,Checking,10498.52,2023-11-02
1210,1125,CD,25346.77,2021-08-19
1211,1125,Savings,33415.66,2023-12-28
1212,1127,Checking,2369.4,2025-06-13
1213,1127,Savings,24830.81,2025-01-28
1214,1127,CD,18672.78,2026-03-25
1215,1128,CD,190428.7,2023-04-04
1216,1129,Checking,550.86,2025-04-11
1217,1129,CD,5505.84,2025-11-03
1218,1130,Savings,21051.53,2025-11-15
1219,1132,CD,38788.02,2025-08-16
1220,1133,Savings,23635.13,2024-11-13
1221,1133,CD,15926.07,2025-10-22
1222,1135,Savings,22651.91,2026-04-06
1223,1136,Savings,6515.79,2022-09-11
1224,1138,Savings,5511.94,2022-08-20
1225,1139,Savings,4251.95,2017-12-21
1226,1139,CD,40880.17,2021-12-03
1227,1140,Checking,5840.38,2025-12-30
1228,1142,Checking,78400.56,2026-04-17
1229,1142,Savings,94173.28,2026-05-03
1230,1144,Savings,4315.47,2023-02-25
1231,1144,Checking,1196.58,2025-06-27
1232,1146,CD,19524.28,2023-08-09
1233,1147,Checking,14232.65,2025-05-16
1234,1147,Savings,31237.83,2026-01-21
1235,1151,Savings,1200.72,2026-01-10
1236,1152,CD,34924.97,2026-05-05
1237,1152,Checking,2137.52,2026-04-06
1238,1153,Savings,45050.35,2015-10-11
1239,1153,Checking,3893.1,2017-01-01
1240,1154,Checking,1523.14,2026-04-30
1241,1155,Checking,9604.93,2026-05-01
1242,1155,CD,25137.08,2026-01-29
1243,1157,Checking,33124.88,2004-12-22
1244,1157,Savings,34286.66,2008-07-27
1245,1160,CD,4583.08,2022-08-20
1246,1161,Savings,4030.06,2019-05-19
1247,1161,CD,10089.09,2020-07-14
1248,1162,Checking,4215.26,2025-12-02
1249,1162,Savings,25732.65,2024-03-06
1250,1163,CD,16950.35,2020-09-16
1251,1165,Savings,16230.64,2025-02-13
1252,1169,CD,8721.23,2021-04-17
1253,1170,Checking,7325.75,2026-06-09
1254,1171,Checking,6090.69,2022-11-20
1255,1171,CD,9236.31,2022-12-11
1256,1172,Savings,22101.78,2022-04-02
1257,1176,Checking,46891.58,2026-04-29
1258,1177,Savings,17027.74,2024-08-05
1259,1177,CD,17325.24,2024-06-02
1260,1178,Savings,41577.5,2024-04-03
1261,1178,CD,30557.65,2023-07-16
1262,1180,Checking,918.15,2025-08-23
1263,1182,Checking,3731.26,2025-10-27
1264,1183,Savings,20787.36,2025-11-26
1265,1183,Checking,6649.61,2025-09-11
1266,1183,CD,143795.48,2025-03-20
1267,1184,Savings,3748.06,2025-12-03
1268,1185,Savings,45308.84,2018-05-22
1269,1186,Checking,2250.95,2025-12-08
1270,1187,Savings,4107.98,2025-01-23
1271,1188,Savings,2740.0,2024-12-13
1272,1188,Checking,433.38,2024-10-10
1273,1188,CD,30250.66,2025-07-02
1274,1189,CD,13637.14,2024-02-08
1275,1189,Checking,4696.63,2024-02-27
1276,1192,Checking,4346.43,2024-08-16
1277,1193,CD,58065.43,2024-01-10
1278,1193,Savings,158303.37,2020-01-10
1279,1193,Checking,40187.29,2023-11-30
1280,1194,CD,33483.17,2024-11-29
1281,1195,Checking,2120.94,2023-02-08
1282,1196,Savings,12472.06,2011-02-02
1283,1196,CD,16714.9,2021-10-07
1284,1198,CD,207934.63,2018-02-10
1285,1200,Checking,1347.91,2025-03-14
1286,1200,CD,12582.45,2025-09-29
1287,1201,CD,36348.41,2026-05-07
1288,1201,Checking,1837.01,2010-11-04
1289,1202,CD,16389.25,2023-11-24
1290,1202,Savings,5454.21,2022-06-27
1291,1202,Checking,6537.12,2025-07-11
1292,1203,Checking,9649.97,2025-12-05
1293,1204,Checking,2464.82,2024-03-18
1294,1205,Savings,14267.0,2026-06-09
1295,1205,CD,18180.56,2026-06-21
1296,1206,Savings,4135.69,2026-06-26
1297,1206,Checking,1534.81,2026-05-18
1298,1207,Checking,3879.31,2026-06-06
1299,1210,Savings,5191.5,2026-04-27
1300,1211,Savings,11127.84,2021-09-24
1301,1212,CD,21299.69,2025-07-30
1302,1212,Savings,24739.16,2022-12-28
1303,1214,CD,28563.46,2026-03-13
1304,1216,CD,6948.51,2024-04-07
1305,1217,Savings,50615.06,2020-06-04
1306,1217,Checking,3385.78,2026-03-22
1307,1223,CD,18890.74,2026-04-15
1308,1223,Checking,860.95,2025-12-11
1309,1224,Checking,10915.98,2021-11-09
1310,1225,CD,29694.3,2025-07-15
1311,1225,Savings,5239.1,2025-03-18
1312,1226,CD,6350.54,2020-09-14
1313,1227,CD,19630.68,2026-04-02
1314,1228,CD,45752.53,2025-03-14
1315,1229,Checking,6834.26,2024-10-06
1316,1230,Savings,6000.19,2025-11-14
1317,1230,CD,15121.42,2016-08-11
1318,1231,CD,11567.37,2025-12-09
1319,1231,Checking,1600.03,2024-07-06
1320,1231,Savings,3133.62,2026-06-01
1321,1233,CD,176911.74,2025-06-12
1322,1234,Checking,4278.57,2022-01-31
1323,1234,CD,8248.49,2025-07-14
1324,1236,Savings,16894.35,2025-11-02
1325,1236,CD,21805.51,2026-06-06
1326,1237,CD,99160.84,2014-03-02
1327,1237,Savings,24529.83,2020-11-18
1328,1237,Checking,17628.29,2018-07-09
1329,1238,CD,42554.8,2023-08-22
1330,1239,Checking,3002.67,2026-01-31
1331,1240,Checking,21713.92,2025-12-15
1332,1240,Savings,23602.85,2026-02-17
1333,1240,CD,112775.76,2022-08-23
1334,1242,Savings,30945.43,2025-04-11
1335,1242,Checking,15748.21,2025-03-12
1336,1243,CD,38814.82,2024-09-21
1337,1244,Checking,4221.07,2022-09-19
1338,1245,CD,56843.37,2026-06-21
1339,1245,Savings,47692.33,2026-05-18
1340,1247,Checking,3379.44,2025-01-06
1341,1251,CD,21584.11,2017-09-14
1342,1252,Checking,4451.87,2025-07-07
1343,1252,CD,16878.59,2026-04-28
1344,1254,Checking,7951.36,2026-03-21
1345,1254,Savings,36129.67,2026-05-04
1346,1255,Savings,8374.66,2022-12-08
1347,1256,Savings,11513.86,2020-05-08
1348,1256,Checking,1352.01,2025-10-05
1349,1257,Savings,8716.13,2022-12-08
1350,1258,Savings,7722.52,2025-05-29
1351,1260,CD,9031.23,2024-04-28
1352,1260,Checking,1215.49,2026-04-02
1353,1265,Checking,2806.95,2024-03-20
1354,1266,Checking,3538.1,2026-05-14
1355,1267,CD,22839.81,2026-01-19
1356,1268,Savings,19110.28,2025-05-21
1357,1269,CD,28794.08,2025-02-26
1358,1270,CD,24184.81,2026-02-18
1359,1270,Checking,3336.07,2026-02-09
1360,1270,Savings,8347.71,2026-04-29
1361,1271,Checking,3905.77,2016-06-09
1362,1271,Savings,12471.54,2023-03-02
1363,1271,CD,9056.7,2017-10-16
1364,1272,CD,49470.24,2026-05-27
1365,1273,Checking,1100.16,2023-08-23
1366,1273,Savings,9614.79,2025-03-06
1367,1274,Savings,53645.12,2025-09-02
1368,1275,Savings,7693.54,2026-04-23
1369,1278,Checking,8762.25,2020-08-12
1370,1281,Savings,24218.77,2022-11-03
1371,1282,Savings,17716.98,2026-04-06
1372,1283,CD,50863.53,2021-10-29
1373,1284,CD,77962.48,2024-10-24
1374,1284,Savings,17221.93,2023-05-30
1375,1285,Checking,1615.9,2024-10-31
1376,1286,CD,47902.34,2024-11-02
1377,1287,CD,119886.6,2023-12-27
1378,1290,CD,52075.16,2019-01-27
1379,1291,Savings,10437.42,2025-05-31
1380,1291,CD,25486.09,2025-04-19
1381,1292,CD,114857.59,2024-07-20
1382,1292,Checking,5404.45,2021-02-23
1383,1293,Savings,8675.85,2025-06-24
1384,1293,Checking,1374.89,2024-12-31
1385,1294,Savings,15618.02,2025-11-04
1386,1294,Checking,4123.92,2026-04-20
1387,1295,CD,41176.82,2023-11-08
1388,1295,Checking,9394.12,2017-06-18
1389,1295,Savings,10227.74,2017-05-15
1390,1296,Savings,6515.85,2022-10-08
1391,1297,Checking,2182.44,2026-01-12
1392,1299,Checking,2106.19,2026-03-21
1393,1300,CD,38544.53,2026-05-08
1394,1300,Savings,10786.98,2026-04-23
1395,1303,Checking,18140.48,2024-12-23
1396,1304,Checking,9530.55,2025-11-10
1397,1304,Savings,5600.05,2026-03-08
1398,1305,CD,12001.6,2021-11-07
1399,1305,Checking,3427.47,2023-10-07
1400,1306,Checking,8139.51,2025-12-06
1401,1306,Savings,4371.5,2025-10-16
1402,1306,CD,27482.95,2025-06-23
1403,1308,CD,40143.67,2026-05-17
1404,1308,Checking,2951.84,2026-04-08
1405,1308,Savings,3376.76,2026-05-01
1406,1309,Savings,8494.39,2024-03-15
1407,1310,Savings,10937.94,2026-04-28
1408,1310,CD,10099.77,2026-05-11
1409,1311,Savings,24825.52,2007-08-26
1410,1311,CD,26186.23,2012-10-21
1411,1312,CD,7234.04,2024-12-23
1412,1313,Checking,1334.75,2025-11-30
1413,1313,CD,25450.41,2026-06-21
1414,1316,CD,23527.35,2022-09-21
1415,1317,Checking,10313.65,2026-06-12
1416,1319,CD,8922.86,2025-11-29
1417,1320,CD,10312.17,2026-01-31
1418,1322,Checking,5109.66,2019-06-12
1419,1322,CD,64829.85,2018-12-03
1420,1323,Savings,12803.02,2024-06-16
1421,1323,Checking,17324.49,2024-11-24
1422,1324,CD,4484.47,2023-10-13
1423,1324,Checking,7121.44,2021-12-08
1424,1326,Savings,12386.33,2025-05-07
1425,1326,CD,41722.84,2023-04-22
1426,1327,CD,10420.92,2025-04-18
1427,1328,Checking,2950.33,2025-08-14
1428,1329,Checking,4836.95,2025-04-29
1429,1331,Checking,15314.31,2026-06-01
1430,1332,CD,28382.14,2009-05-19
1431,1333,Savings,8303.4,2024-03-13
1432,1333,Checking,12616.63,2022-06-12
1433,1335,Savings,9474.9,2025-12-22
1434,1335,CD,48887.87,2025-08-12
1435,1336,CD,44435.62,2024-01-18
1436,1337,Savings,18753.87,2026-01-22
1437,1339,Checking,10067.78,2025-08-19
1438,1339,Savings,28556.18,2023-09-15
1439,1340,Savings,14879.86,2022-09-08
1440,1341,CD,40438.4,2024-08-14
1441,1344,CD,21835.78,2023-02-23
1442,1345,CD,54487.6,2026-06-25
1443,1347,CD,31290.54,2025-12-12
1444,1348,Savings,9000.15,2020-04-26
1445,1349,Checking,4073.73,2024-11-20
1446,1350,CD,31486.74,2024-09-19
1447,1350,Checking,5212.01,2025-05-22
1448,1350,Savings,8187.6,2024-12-24
1449,1352,Savings,14472.97,2016-03-22
1450,1353,Savings,7389.63,2026-06-04
1451,1353,Checking,6586.34,2025-12-17
1452,1355,Savings,6042.32,2025-04-07
1453,1355,CD,18173.57,2021-09-17
1454,1357,Savings,22145.19,2024-02-06
1455,1357,Checking,8244.14,2021-10-19
1456,1358,Checking,1718.01,2025-08-13
1457,1358,CD,11371.18,2025-01-20
1458,1361,Savings,9752.79,2023-10-22
1459,1362,Savings,59981.61,2026-06-23
1460,1364,CD,58474.52,2024-04-15
1461,1364,Checking,1014.12,2025-09-10
1462,1367,Savings,18086.41,2025-01-25
1463,1367,CD,24437.93,2025-06-28
1464,1368,Checking,8848.66,2025-07-21
1465,1368,CD,30247.83,2024-12-19
1466,1368,Savings,4974.45,2025-11-29
1467,1369,Savings,31889.67,2025-07-20
1468,1370,Checking,3101.82,2025-10-11
1469,1371,Checking,8906.26,2017-04-29
1470,1371,CD,28898.59,2017-07-29
1471,1371,Savings,37413.98,2025-04-15
1472,1376,CD,57551.66,2025-10-19
1473,1378,Checking,9285.05,2026-06-02
1474,1379,Savings,4162.34,2025-10-20
1475,1379,Checking,1072.92,2025-03-20
1476,1382,Savings,7445.61,2025-03-08
1477,1382,Checking,3181.87,2025-03-03
1478,1383,Savings,16136.84,2023-05-16
1479,1383,Checking,4990.19,2017-04-05
1480,1384,Checking,64210.35,2025-07-06
1481,1385,Savings,14106.96,2025-03-11
1482,1385,CD,223268.02,2025-11-08
1483,1388,Checking,13883.49,2024-09-20
1484,1389,CD,18803.54,2022-10-11
1485,1390,Savings,7386.2,2016-05-25
1486,1391,Savings,38803.24,2026-03-28
1487,1392,CD,14659.66,2025-08-06
1488,1394,Checking,5336.96,2026-02-06
1489,1394,Savings,4144.31,2026-03-09
1490,1398,Savings,10372.36,2025-02-26
1491,1400,Checking,28364.7,2026-05-23
1492,1400,Savings,211199.68,2026-02-11
1493,1402,Savings,15283.17,2012-07-19
1494,1402,CD,49110.48,2001-11-11
1495,1403,CD,12688.45,2021-07-11
1496,1404,Savings,4129.65,2023-07-03
1497,1407,Savings,8386.43,2007-10-15
1498,1407,Checking,11487.72,2009-01-29
1499,1408,Savings,17088.37,2017-10-14
1500,1409,CD,42579.97,2024-08-21
1501,1411,Checking,2558.34,2025-07-25
1502,1413,Savings,6515.92,2025-09-26
1503,1413,Checking,6993.79,2024-12-10
1504,1414,Checking,1666.8,2022-01-02
1505,1416,Checking,4753.78,2025-05-16
1506,1418,Checking,4774.96,2026-05-25
1507,1418,CD,25514.29,2026-05-06
1508,1420,CD,25103.89,2016-06-29
1509,1420,Checking,1463.33,2016-08-15
1510,1421,Checking,12700.11,2026-01-05
1511,1421,Savings,15238.13,2025-12-05
1512,1422,Checking,14864.28,2024-05-19
1513,1422,Savings,29445.34,2022-11-30
1514,1423,CD,11541.54,2026-06-02
1515,1423,Checking,15370.85,2025-10-23
1516,1424,CD,21625.55,2024-09-16
1517,1424,Checking,4718.2,2021-09-01
1518,1425,CD,12858.95,2017-03-19
1519,1425,Savings,6041.49,2019-01-09
1520,1426,Savings,59475.99,2025-12-08
1521,1426,Checking,6809.52,2025-08-07
1522,1427,CD,94370.47,2026-03-14
1523,1429,Savings,36001.18,2026-02-23
1524,1429,CD,7429.39,2026-01-17
1525,1431,CD,36037.74,2010-12-26
1526,1431,Savings,16393.99,2016-12-27
1527,1432,Savings,22552.96,2023-07-22
1528,1434,CD,13560.95,2023-06-05
1529,1434,Checking,14707.54,2022-06-18
1530,1435,CD,21465.94,2023-04-18
1531,1436,CD,26368.15,2025-07-23
1532,1436,Savings,1164.84,2025-07-21
1533,1436,Checking,7042.25,2025-08-28
1534,1437,Savings,10906.37,2012-08-31
1535,1437,Checking,1792.26,2012-10-24
1536,1439,CD,46353.96,2022-10-31
1537,1439,Savings,69063.74,2025-02-05
1538,1441,Savings,6180.64,2024-03-29
1539,1441,Checking,5887.31,2024-11-24
1540,1442,Checking,3372.24,2024-05-30
1541,1442,Savings,12761.92,2024-04-13
1542,1443,CD,24321.33,2016-10-07
1543,1444,CD,20103.85,2026-05-07
1544,1444,Savings,5122.57,2026-06-24
1545,1444,Checking,1928.1,2026-04-24
1546,1445,CD,60800.32,2025-04-13
1547,1446,Checking,12258.82,2025-02-17
1548,1447,Savings,10148.97,2025-12-14
1549,1447,CD,24048.5,2025-11-30
1550,1447,Checking,11088.15,2026-03-05
1551,1449,CD,9198.42,2026-05-12
1552,1449,Savings,13489.04,2026-06-06
1553,1450,Savings,10731.95,2026-01-05
1554,1451,Checking,4591.04,2026-04-08
1555,1452,Savings,17382.04,2026-06-29
1556,1453,CD,247985.73,2023-12-04
1557,1453,Checking,32997.0,2023-08-20
1558,1455,Savings,14089.11,2026-04-30
1559,1455,CD,10703.29,2026-06-09
1560,1457,CD,11920.57,2026-06-01
1561,1457,Savings,4166.02,2026-05-07
1562,1458,Savings,12989.28,2026-02-26
1563,1458,Checking,6834.49,2026-03-13
1564,1459,Savings,7724.4,2022-10-17
1565,1459,CD,26378.48,2021-02-13
1566,1461,CD,11578.2,2017-10-24
1567,1462,CD,8809.8,2025-08-22
1568,1462,Savings,849.04,2026-06-12
1569,1465,Savings,9964.31,2023-07-28
1570,1465,CD,10174.7,2022-10-13
1571,1466,CD,12409.56,2024-05-03
1572,1467,Checking,3508.11,2025-03-14
1573,1467,Savings,16350.88,2025-07-07
1574,1468,Checking,8527.44,2026-06-26
1575,1470,Checking,4783.11,2023-03-11
1576,1471,Checking,6383.98,2022-08-24
1577,1473,Savings,991.89,2021-04-22
1578,1478,Checking,1371.88,2024-11-28
1579,1478,CD,11881.98,2023-07-12
1580,1479,Savings,7850.89,2025-09-05
1581,1479,CD,26171.68,2024-11-10
1582,1480,CD,72867.75,2026-03-03
1583,1482,Savings,6893.44,2025-03-11
1584,1482,CD,67340.01,2026-02-27
1585,1483,Checking,2175.94,2011-10-26
1586,1483,CD,95867.68,2024-02-21
1587,1485,Checking,10670.81,2024-02-25
1588,1485,Savings,3134.13,2026-06-25
1589,1486,Checking,8113.53,2021-02-20
1590,1486,Savings,40842.28,2023-01-25
1591,1487,CD,27735.24,2024-09-04
1592,1490,Savings,9482.09,2021-08-05
1593,1490,Checking,14516.87,2022-04-18
1594,1491,Checking,11146.61,2024-10-01
1595,1493,Savings,18217.66,2011-10-12
1596,1493,CD,10323.25,2016-01-10
1597,1496,CD,48250.65,2021-10-09
1598,1496,Savings,19304.53,2022-05-20
1599,1497,CD,198966.53,2026-06-06
1600,1497,Checking,14735.97,2025-11-18
1601,1498,Checking,36679.38,2025-11-19
1602,1499,Checking,3617.09,2025-06-08
1603,1499,CD,15726.58,2024-07-07
1604,1500,CD,30680.59,2022-02-15
1605,1501,CD,88825.17,2026-06-18
1606,1501,Checking,31667.73,2026-05-04
1607,1502,CD,36310.56,2025-05-04
1608,1503,Savings,2048.67,2025-10-29
1609,1503,Checking,4771.15,2025-11-27
1610,1504,Checking,6982.81,2011-05-18
1611,1505,Checking,2306.65,2022-09-16
1612,1507,CD,42089.76,2020-12-23
1613,1509,Checking,2195.92,2021-02-09
1614,1509,CD,32650.78,2024-08-14
1615,1510,Savings,11178.97,2025-08-20
1616,1512,Checking,19759.82,2023-08-24
1617,1512,CD,102792.31,2023-05-08
1618,1512,Savings,15466.08,2023-04-20
1619,1513,CD,16205.81,2026-06-04
1620,1513,Checking,5745.2,2026-06-29
1621,1514,Savings,11858.49,2026-02-28
1622,1514,Checking,11207.15,2025-09-11
1623,1515,CD,29273.5,2026-01-24
1624,1515,Checking,3137.66,2026-02-16
1625,1516,Checking,6726.11,2026-05-14
1626,1517,CD,28724.84,2026-05-18
1627,1518,Savings,7843.7,2024-08-04
1628,1518,Checking,2483.74,2024-11-15
1629,1518,CD,11580.57,2025-11-20
1630,1519,CD,54909.91,2021-09-02
1631,1520,Savings,15688.4,2025-08-11
1632,1528,Savings,2683.62,2022-05-15
1633,1529,Savings,11869.58,2024-12-10
1634,1529,Checking,8001.65,2026-02-12
1635,1531,CD,18352.89,2025-03-27
1636,1531,Savings,25611.94,2025-12-17
1637,1533,Checking,10079.87,2025-06-27
1638,1536,Checking,2854.63,2025-10-01
1639,1537,CD,66630.36,2026-02-07
1640,1537,Checking,13839.83,2025-06-12
1641,1537,Savings,11265.38,2026-02-10
1642,1538,Savings,1708.96,2025-12-02
1643,1538,Checking,1764.01,2025-01-21
1644,1539,Checking,2381.15,2025-03-19
1645,1539,Savings,17270.21,2026-05-30
1646,1541,Checking,7700.04,2014-06-25
1647,1542,Savings,11038.84,2022-05-08
1648,1543,Savings,11472.66,2023-11-10
1649,1544,Savings,9740.32,2013-07-10
1650,1545,Checking,11066.45,2018-09-10
1651,1547,Checking,10092.43,2025-12-09
1652,1548,Checking,14240.42,2026-06-17
1653,1549,CD,33146.45,2022-04-01
1654,1552,Checking,3001.43,2025-01-28
1655,1552,CD,15746.32,2026-03-17
1656,1553,Savings,42461.63,2026-01-10
1657,1554,Checking,10279.63,2023-03-21
1658,1554,Savings,18224.82,2025-11-04
1659,1555,Checking,779.5,2024-12-02
1660,1555,Savings,22946.99,2023-12-31
1661,1556,CD,75648.29,2022-10-25
1662,1556,Checking,18844.87,2021-07-06
1663,1560,CD,92682.83,2022-03-09
1664,1560,Savings,14970.06,2023-01-22
1665,1560,Checking,22047.62,2020-05-20
1666,1561,Checking,12154.5,2025-09-25
1667,1562,Checking,3947.72,2022-05-25
1668,1562,Savings,4759.97,2025-03-08
1669,1563,Checking,3913.82,2026-03-07
1670,1564,Savings,4899.81,2026-06-11
1671,1566,Checking,1936.51,2022-09-20
1672,1566,CD,4919.84,2024-10-20
1673,1566,Savings,5387.6,2024-01-02
1674,1567,Savings,15096.71,2025-07-02
1675,1568,Checking,9302.23,2021-11-23
1676,1568,Savings,16978.65,2020-12-06
1677,1569,CD,47454.53,2025-02-28
1678,1571,Checking,2050.7,2026-03-15
1679,1573,Savings,35091.48,2026-03-24
1680,1573,CD,279398.19,2024-06-19
1681,1577,Checking,19875.7,2024-04-17
1682,1577,CD,13756.53,2026-03-20
1683,1578,Checking,9866.49,2021-09-28
1684,1578,Savings,20018.65,2023-03-13
1685,1580,CD,258375.65,2025-12-17
1686,1581,Savings,27734.85,2022-01-28
1687,1581,CD,23074.06,2022-07-29
1688,1583,CD,84633.96,2012-10-27
1689,1584,Checking,2269.91,2026-06-05
1690,1585,Checking,9250.86,2026-03-10
1691,1586,Checking,2591.94,2024-07-06
1692,1587,Savings,5332.5,2025-04-06
1693,1587,Checking,6673.99,2024-11-17
1694,1588,Savings,11400.26,2025-12-09
1695,1588,CD,3724.48,2026-06-24
1696,1588,Checking,2958.42,2025-10-09
1697,1589,CD,5695.97,2023-05-30
1698,1589,Checking,4937.97,2025-11-05
1699,1593,Checking,7523.28,2021-08-26
1700,1593,Savings,2684.73,2013-11-26
1701,1595,Checking,12787.85,2018-04-28
1702,1598,Savings,21318.55,2024-06-16
1703,1599,Savings,39608.47,2017-04-07
1704,1599,Checking,2664.84,2025-04-08
1705,1600,CD,61293.29,2025-04-05
1706,1601,Checking,4501.27,2025-03-17
1707,1601,CD,6467.36,2025-02-18
1708,1604,Savings,12422.09,2026-03-04
1709,1604,CD,15541.43,2025-11-23
1710,1606,Savings,8769.29,2026-02-09
1711,1609,Checking,7630.52,2026-05-17
1712,1609,Savings,3305.75,2026-01-15
1713,1609,CD,67440.97,2026-04-03
1714,1610,Savings,16771.78,2024-07-21
1715,1611,Checking,7288.24,2023-10-22
1716,1611,Savings,16849.52,2023-07-18
1717,1611,CD,23697.77,2024-11-10
1718,1612,CD,108132.65,2024-05-31
1719,1612,Savings,11361.67,2026-06-18
1720,1612,Checking,4513.28,2024-03-21
1721,1613,Checking,753.39,2022-10-21
1722,1614,Savings,34110.7,2025-10-16
1723,1614,Checking,9501.64,2025-06-17
1724,1615,CD,25253.28,2026-04-30
1725,1616,CD,9579.67,2022-11-05
1726,1617,CD,17473.94,2023-03-29
1727,1619,CD,49780.83,2022-04-30
1728,1619,Savings,7010.66,2021-03-09
1729,1619,Checking,9666.83,2022-11-30
1730,1620,CD,50105.67,2024-12-09
1731,1620,Savings,6202.28,2019-11-06
1732,1620,Checking,17605.63,2010-08-30
1733,1621,CD,76733.8,2021-06-17
1734,1622,Savings,30720.62,2023-06-18
1735,1624,Savings,5452.8,2011-07-10
1736,1625,Checking,2090.77,2017-08-24
1737,1626,Savings,9978.35,2024-09-24
1738,1626,Checking,860.48,2026-03-16
1739,1627,Savings,11355.3,2026-01-22
1740,1628,Savings,52281.91,2009-11-17
1741,1629,Checking,4267.59,2026-05-31
1742,1629,CD,18317.01,2026-03-09
1743,1630,Checking,4667.27,2026-01-18
1744,1630,Savings,19928.48,2017-01-19
1745,1631,Savings,6968.33,2024-01-19
1746,1633,CD,51096.14,2024-12-28
1747,1634,Checking,14809.72,2026-03-11
1748,1635,CD,76305.87,2020-05-24
1749,1636,CD,34103.32,2024-06-17
1750,1642,CD,33598.78,2016-08-18
1751,1643,CD,48357.07,2026-06-29
1752,1643,Checking,1507.71,2025-09-27
1753,1644,Checking,11518.89,2024-12-25
1754,1645,Checking,13868.16,2025-04-24
1755,1646,CD,16899.11,2022-05-31
1756,1646,Savings,2559.5,2018-05-07
1757,1646,Checking,3113.57,2022-05-23
1758,1647,CD,35132.64,2026-06-17
1759,1647,Checking,5242.35,2026-06-11
1760,1647,Savings,38230.31,2026-03-28
1761,1648,Checking,10593.88,2025-12-24
1762,1649,Savings,8463.65,2021-10-07
1763,1650,CD,464929.52,2025-07-30
1764,1651,Checking,7225.52,2020-10-25
1765,1651,Savings,19951.12,2021-05-10
1766,1651,CD,24337.15,2020-09-05
1767,1652,Checking,1192.51,2025-06-07
1768,1656,CD,39037.21,2025-05-28
1769,1656,Savings,34425.24,2026-01-10
1770,1658,Savings,38896.5,2023-09-23
1771,1659,Checking,12885.89,2023-04-23
1772,1659,CD,108920.0,2024-09-18
1773,1659,Savings,40944.37,2018-04-12
1774,1660,Checking,2291.93,2026-06-10
1775,1661,Checking,20887.45,2021-03-18
1776,1662,Checking,14128.62,2026-01-05
1777,1663,CD,41746.16,2026-04-09
1778,1663,Checking,24134.36,2026-04-19
1779,1665,Checking,4965.18,2026-06-17
1780,1665,CD,16297.59,2023-03-24
1781,1666,Savings,15611.89,2009-03-05
1782,1667,Savings,20204.19,2025-12-25
1783,1667,CD,47810.67,2026-03-18
1784,1667,Checking,5081.13,2025-02-11
1785,1668,Savings,28139.76,2025-08-30
1786,1669,Checking,1021.94,2025-07-24
1787,1669,Savings,6538.5,2025-12-23
1788,1669,CD,3540.73,2026-06-24
1789,1670,CD,10524.07,2026-04-24
1790,1671,Checking,905.35,2017-04-07
1791,1671,CD,8509.92,2018-05-02
1792,1672,CD,59288.52,2026-03-01
1793,1672,Savings,25446.19,2023-03-02
1794,1673,CD,49864.53,2026-05-28
1795,1676,Savings,5473.79,2023-02-06
1796,1676,CD,13605.48,2023-04-22
1797,1676,Checking,5855.26,2025-07-23
1798,1677,Checking,11633.73,2025-10-23
1799,1678,CD,30402.12,2023-05-09
1800,1679,CD,11422.13,2020-02-09
1801,1680,Savings,62549.63,2020-07-04
1802,1681,Checking,6075.95,2022-11-16
1803,1681,Savings,25265.05,2023-02-12
1804,1682,CD,38876.54,2024-04-17
1805,1683,Savings,3724.22,2025-09-20
1806,1684,Savings,5959.66,2023-01-25
1807,1685,CD,5875.31,2026-03-19
1808,1685,Checking,4944.86,2021-08-28
1809,1685,Savings,9605.28,2026-04-07
1810,1686,CD,69840.85,2025-08-31
1811,1687,Savings,39500.13,2025-09-17
1812,1687,CD,27902.05,2023-07-11
1813,1688,Checking,26511.32,2026-04-10
1814,1688,Savings,71681.84,2024-12-23
1815,1690,Savings,13751.98,2023-06-24
1816,1693,Checking,49722.14,2021-11-12
1817,1693,CD,129498.51,2024-12-04
1818,1695,Checking,6015.74,2025-02-16
1819,1696,Savings,6988.58,2025-07-28
1820,1696,CD,40963.97,2025-12-11
1821,1697,Checking,1490.2,2024-03-16
1822,1698,CD,16421.03,2026-01-26
1823,1698,Checking,15290.79,2025-11-08
1824,1699,Savings,24417.89,2026-03-22
1825,1699,Checking,16122.52,2026-05-20
1826,1699,CD,83564.27,2026-05-28
1827,1700,Checking,3100.36,2026-06-15
1828,1701,Savings,3910.53,2024-10-20
1829,1702,Checking,6158.22,2025-05-03
1830,1702,CD,6583.74,2026-05-18
1831,1703,Checking,774.45,2022-08-23
1832,1704,CD,18414.52,2023-04-04
1833,1705,Checking,3575.05,2022-08-05
1834,1705,Savings,10365.79,2025-03-06
1835,1705,CD,20942.1,2025-08-24
1836,1706,CD,16430.29,2025-12-18
1837,1707,CD,22670.17,2026-05-09
1838,1709,Checking,1511.01,2026-06-13
1839,1711,CD,45809.08,2025-10-14
1840,1711,Savings,11610.27,2026-03-06
1841,1713,Savings,19194.67,2022-07-27
1842,1714,Savings,20052.29,2022-01-10
1843,1717,CD,17319.12,2025-07-26
1844,1717,Savings,2859.93,2026-02-14
1845,1718,CD,10907.18,2018-05-04
1846,1719,Savings,79999.95,2022-09-11
1847,1719,Checking,65720.17,2007-04-12
1848,1721,CD,47477.8,2020-05-05
1849,1721,Savings,30812.02,2021-12-29
1850,1722,Checking,2064.25,2020-05-21
1851,1722,CD,84447.02,2023-12-11
1852,1724,Checking,5748.75,2025-08-19
1853,1726,CD,9704.76,2025-09-25
1854,1726,Checking,1148.23,2024-08-15
1855,1729,CD,26396.25,2026-06-09
1856,1730,CD,62888.03,2018-06-20
1857,1730,Checking,691.92,2022-12-31
1858,1731,CD,7959.2,2026-05-29
1859,1733,CD,23512.43,2019-05-15
1860,1733,Savings,15283.28,2015-10-06
1861,1735,CD,10541.3,2024-08-31
1862,1737,CD,9641.91,2025-09-12
1863,1738,CD,21328.84,2026-06-01
1864,1738,Checking,6174.68,2026-05-23
1865,1739,CD,59523.38,2025-03-05
1866,1741,CD,13707.1,2023-08-24
1867,1741,Savings,12703.19,2026-05-16
1868,1742,Savings,14041.78,2026-03-08
1869,1742,CD,17306.51,2026-01-07
1870,1743,Savings,18112.09,2025-08-04
1871,1745,Savings,5206.19,2026-04-08
1872,1745,CD,20302.68,2025-07-30
1873,1745,Checking,1825.59,2026-05-17
1874,1747,Savings,2231.54,2020-09-06
1875,1749,CD,44963.11,2026-02-06
1876,1749,Savings,18447.25,2025-02-23
1877,1749,Checking,2416.99,2025-12-23
1878,1750,CD,12290.16,2020-10-06
1879,1751,CD,14303.87,2020-05-15
1880,1752,Savings,13774.73,2023-05-28
1881,1753,CD,22635.5,2026-04-08
1882,1754,Checking,9326.66,2025-12-26
1883,1754,CD,97545.67,2026-04-16
1884,1755,Savings,4671.9,2020-07-16
1885,1756,CD,13490.87,2026-04-19
1886,1756,Savings,3905.26,2026-03-30
1887,1756,Checking,1310.34,2025-11-20
1888,1757,Checking,4195.55,2025-04-02
1889,1759,Checking,8508.36,2025-07-10
1890,1759,CD,216349.13,2026-05-08
1891,1760,CD,68958.81,2026-01-28
1892,1761,CD,223582.04,2025-10-28
1893,1762,CD,72868.24,2019-10-28
1894,1768,Checking,3158.63,2024-06-10
1895,1768,CD,28548.01,2017-03-23
1896,1769,CD,265570.13,2024-03-20
1897,1769,Savings,164742.21,2023-03-05
1898,1770,Savings,24118.75,2023-09-03
1899,1771,Savings,13483.04,2025-01-04
1900,1772,Savings,27697.06,2026-06-10
1901,1773,Savings,2952.26,2026-01-23
1902,1773,CD,1570.08,2024-07-04
1903,1773,Checking,4252.75,2025-06-13
1904,1775,Checking,10314.0,2026-04-05
1905,1778,CD,18283.86,2026-05-23
1906,1779,Checking,6709.87,2024-03-06
1907,1780,Checking,2228.49,2024-07-21
1908,1781,CD,21576.33,2024-11-03
1909,1782,Savings,13083.69,2025-05-04
1910,1782,CD,92151.92,2024-09-27
1911,1783,Savings,15326.64,2026-05-29
1912,1783,Checking,13292.24,2025-01-30
1913,1784,Savings,13402.67,2024-12-01
1914,1785,Savings,60262.0,2023-10-27
1915,1788,Savings,20090.03,2026-01-16
1916,1788,Checking,16701.29,2026-04-21
1917,1789,Savings,3348.61,2026-01-04
1918,1790,Checking,696.59,2025-03-07
1919,1790,Savings,6242.1,2025-09-08
1920,1791,Savings,35694.64,2024-05-16
1921,1791,CD,43804.16,2020-12-26
1922,1792,Savings,14081.93,2020-08-21
1923,1793,Checking,2828.16,2025-12-08
1924,1794,Savings,5969.04,2026-03-20
1925,1794,CD,109417.87,2026-04-27
1926,1796,Savings,3919.66,2023-06-03
1927,1796,Checking,2715.67,2012-01-18
1928,1797,Checking,6719.49,2023-07-13
1929,1797,CD,10682.26,2022-05-10
1930,1797,Savings,6979.63,2022-09-21
1931,1798,Checking,7928.59,2023-12-23
1932,1800,Savings,39860.79,2018-08-08
1933,1801,Savings,7870.29,2025-07-13
1934,1801,Checking,1882.03,2023-12-08
1935,1803,CD,30992.94,2018-09-01
1936,1803,Checking,11794.57,2025-04-16
1937,1804,CD,19767.49,2026-03-30
1938,1808,Checking,2475.82,2023-12-15
1939,1808,CD,44327.67,2023-10-03
1940,1809,Checking,2799.96,2023-11-15
1941,1811,Savings,18456.4,2024-02-02
1942,1813,Checking,6833.35,2026-03-25
1943,1814,CD,90636.2,2022-01-22
1944,1815,Savings,9190.12,2026-06-17
1945,1819,CD,26811.24,2026-04-12
1946,1819,Checking,814.45,2025-11-18
1947,1819,Savings,8077.86,2026-02-08
1948,1820,Savings,15467.15,2023-05-26
1949,1822,Savings,48569.63,2020-08-16
1950,1825,Checking,3055.19,2024-12-15
1951,1827,Checking,4690.34,2023-05-12
1952,1827,Savings,10825.01,2023-11-24
1953,1828,CD,27635.0,2025-07-03
1954,1828,Checking,10303.9,2026-05-16
1955,1830,Checking,13596.25,2026-06-21
1956,1830,CD,16373.27,2026-05-03
1957,1833,Savings,38717.28,2018-10-13
1958,1833,CD,35872.02,2022-08-17
1959,1835,CD,4728.93,2024-09-24
1960,1836,Checking,2330.34,2024-05-06
1961,1836,CD,26017.06,2016-11-21
1962,1839,Checking,18105.29,2023-12-20
1963,1840,CD,13008.17,2025-11-24
1964,1840,Checking,1179.48,2023-12-20
1965,1840,Savings,5406.52,2024-06-10
1966,1842,Checking,503.66,2025-06-13
1967,1843,Savings,7379.3,2025-02-24
1968,1843,Checking,5275.03,2026-06-12
1969,1843,CD,28052.07,2025-07-20
1970,1844,Checking,3837.71,2024-09-27
1971,1844,Savings,21739.62,2021-05-31
1972,1845,Savings,18553.94,2017-11-17
1973,1845,CD,7848.13,2021-05-25
1974,1846,Checking,12193.53,2025-11-11
1975,1847,CD,147290.8,2024-11-14
1976,1847,Savings,26083.93,2025-05-07
1977,1848,Savings,59944.38,2023-08-09
1978,1848,Checking,18244.59,2022-07-06
1979,1850,Checking,4597.23,2018-07-03
1980,1851,CD,51480.82,2025-10-11
1981,1851,Checking,18381.6,2024-09-28
1982,1852,Checking,2407.14,2022-03-21
1983,1853,Checking,12710.35,2025-11-27
1984,1853,CD,41710.34,2026-06-23
1985,1855,CD,9436.37,2025-05-19
1986,1855,Savings,7810.74,2025-03-10
1987,1856,Savings,26195.17,2024-06-11
1988,1856,Checking,4372.59,2025-05-25
1989,1857,Savings,7757.72,2016-02-28
1990,1858,CD,9715.11,2025-08-10
1991,1859,Savings,3203.0,2013-06-11
1992,1859,Checking,1409.05,2019-09-24
1993,1860,Savings,9841.27,2022-10-17
1994,1860,Checking,1315.4,2020-02-03
1995,1861,Checking,6410.14,2024-11-26
1996,1862,CD,35224.81,2025-11-27
1997,1863,Savings,1198.27,2014-05-29
1998,1865,Savings,13095.5,2019-01-07
1999,1865,Checking,1903.7,2022-05-23
2000,1866,CD,6252.57,2021-09-08
2001,1868,CD,94823.79,2013-01-13
2002,1868,Checking,13790.13,2015-05-04
2003,1869,Checking,16574.88,2023-06-16
2004,1870,Savings,5842.25,2024-01-12
2005,1871,Savings,4379.76,2025-10-26
2006,1872,CD,50376.36,2015-07-01
2007,1872,Savings,21671.59,2021-06-24
2008,1876,Checking,2758.93,2024-06-27
2009,1879,Savings,10618.03,2024-09-22
2010,1879,Checking,3503.62,2026-02-17
2011,1880,Savings,7069.47,2025-10-18
2012,1883,Checking,6693.73,2026-05-29
2013,1884,Savings,18027.41,2024-12-24
2014,1885,CD,24587.91,2025-01-22
2015,1886,Checking,5297.38,2026-03-24
2016,1887,Checking,5957.32,2025-11-04
2017,1887,CD,48901.73,2025-05-13
2018,1888,Checking,9843.89,2025-12-21
2019,1888,Savings,11974.7,2025-10-22
2020,1889,CD,72078.48,2025-08-06
2021,1891,CD,11890.57,2024-02-25
2022,1893,Checking,8895.76,2018-03-26
2023,1894,Savings,8182.79,2025-04-25
2024,1894,CD,10900.5,2024-08-22
2025,1894,Checking,6915.9,2026-05-08
2026,1896,Savings,8695.91,2021-04-22
2027,1897,CD,7101.15,2024-05-20
2028,1897,Savings,6264.1,2025-06-20
2029,1898,Checking,1875.04,2026-06-01
2030,1898,CD,10727.41,2026-05-31
2031,1898,Savings,13954.58,2026-06-07
2032,1900,CD,57395.67,2026-04-20
2033,1900,Savings,5142.87,2025-08-30
2034,1900,Checking,1967.22,2026-05-04
2035,1902,CD,43177.41,2024-04-01
2036,1903,CD,13344.05,2026-04-05
2037,1903,Checking,1348.0,2026-06-13
2038,1903,Savings,3847.91,2026-03-20
2039,1905,CD,44173.79,2017-05-03
2040,1905,Savings,10827.32,2014-08-02
2041,1906,Savings,101058.28,2015-07-17
2042,1907,CD,21746.96,2025-09-13
2043,1907,Savings,13182.84,2026-03-10
2044,1908,Checking,15726.27,2023-11-07
2045,1909,Savings,16441.02,2022-08-02
2046,1912,Checking,5139.86,2026-05-24
2047,1912,CD,32126.4,2026-06-09
2048,1914,Savings,19848.4,2026-05-12
2049,1915,Checking,3861.68,2024-07-20
2050,1915,Savings,10695.57,2022-03-04
2051,1917,Savings,31240.52,2019-11-15
2052,1917,CD,153145.7,2024-08-08
2053,1918,CD,10092.77,2025-07-23
2054,1918,Checking,2633.48,2026-02-13
2055,1918,Savings,4987.96,2026-02-23
2056,1919,CD,114296.86,2025-10-05
2057,1921,Checking,7289.62,2021-12-18
2058,1922,Savings,7105.14,2018-09-01
2059,1923,Savings,11224.72,2026-01-13
2060,1923,CD,32898.03,2024-06-07
2061,1925,CD,80210.02,2022-12-09
2062,1925,Savings,36816.91,2020-01-23
2063,1926,Savings,8979.41,2026-06-22
2064,1928,Savings,8272.11,2023-06-29
2065,1929,Savings,11617.8,2026-04-08
2066,1929,Checking,11476.59,2026-04-16
2067,1933,Savings,4886.98,2019-12-25
2068,1933,Checking,2552.11,2020-09-03
2069,1934,Checking,2764.69,2026-06-26
2070,1938,Savings,2577.67,2025-08-26
2071,1939,Savings,6188.14,2024-09-05
2072,1939,Checking,556.78,2021-06-23
2073,1940,Checking,1145.91,2024-09-12
2074,1941,Checking,12406.54,2019-02-07
2075,1942,Savings,22838.54,2026-01-10
2076,1942,Checking,2275.11,2025-10-24
2077,1943,CD,28101.18,2025-09-30
2078,1943,Savings,45242.71,2026-06-26
2079,1944,Checking,4553.67,2025-10-18
2080,1944,CD,31158.82,2025-07-05
2081,1948,Savings,15149.87,2026-04-03
2082,1948,CD,70395.52,2025-12-02
2083,1950,Savings,8230.29,2021-11-07
2084,1950,CD,41504.45,2025-02-13
2085,1951,Checking,20566.0,2025-05-17
2086,1952,Savings,39915.54,2024-11-06
2087,1953,Checking,2371.0,2019-09-30
2088,1954,Checking,16830.5,2025-02-20
2089,1954,CD,197555.35,2024-03-11
2090,1954,Savings,35755.37,2024-11-10
2091,1955,Savings,12480.25,2023-02-02
2092,1957,Savings,10813.34,2001-11-10
2093,1958,CD,20674.26,2017-11-26
2094,1958,Savings,9710.94,2021-11-08
2095,1959,Checking,7326.96,2026-05-24
2096,1959,CD,20624.22,2021-11-04
2097,1960,Savings,3486.84,2024-09-28
2098,1962,Savings,15035.99,2026-05-19
2099,1962,CD,18053.83,2022-04-17
2100,1963,Savings,16795.99,2024-07-31
2101,1965,CD,16644.68,2026-05-01
2102,1966,Checking,12685.03,2025-11-24
2103,1970,Checking,5155.67,2025-10-09
2104,1971,Checking,2269.52,2025-07-25
2105,1971,Savings,15526.41,2025-09-19
2106,1971,CD,17868.26,2025-10-16
2107,1972,CD,9139.97,2021-10-28
2108,1973,Savings,8235.8,2021-06-15
2109,1974,CD,26181.31,2026-01-06
2110,1976,CD,17918.31,2024-06-19
2111,1976,Savings,7117.63,2018-07-13
2112,1977,CD,24666.72,2026-05-26
2113,1978,CD,31070.06,2022-04-15
2114,1980,Checking,2385.0,2024-05-16
2115,1980,CD,9196.26,2021-03-13
2116,1982,Savings,13538.66,2018-01-14
2117,1983,Checking,2024.9,2025-05-28
2118,1983,Savings,8212.29,2016-03-26
2119,1983,CD,20842.02,2017-05-15
2120,1984,CD,52418.97,2025-04-03
2121,1985,CD,47366.65,2022-10-30
2122,1988,CD,27122.5,2026-06-22
2123,1989,Checking,1148.26,2023-10-21
2124,1990,Checking,858.05,2026-04-17
2125,1991,Savings,19423.88,2026-06-29
2126,1992,Checking,62928.51,2025-07-26
2127,1992,Savings,76222.17,2022-09-02
2128,1992,CD,102119.97,2021-08-20
2129,1993,Savings,14695.27,2022-01-02
2130,1994,Savings,4236.38,2025-05-13
2131,1994,CD,14378.96,2026-03-04
2132,1995,CD,2273.91,2025-10-15
2133,1995,Savings,9653.0,2025-05-31
2134,1996,Savings,5300.75,2022-01-22
2135,1996,Checking,4035.69,2024-05-20
2136,1997,Savings,10732.48,2025-08-21
2137,2001,Savings,71016.47,2012-03-15
2138,2002,Savings,20315.02,2024-06-11
2139,2002,CD,20118.1,2023-12-11
2140,2003,CD,9325.76,2021-07-25
2141,2003,Checking,3697.16,2024-07-23
2142,2004,Checking,10007.31,2023-08-05
2143,2004,Savings,25052.48,2023-05-27
2144,2005,Checking,12993.67,2022-08-01
2145,2006,CD,3782.59,2025-07-10
2146,2006,Checking,3410.51,2026-05-12
2147,2006,Savings,21000.82,2025-08-22
2148,2007,CD,27373.12,2025-05-20
2149,2007,Checking,2671.55,2025-03-01
2150,2008,CD,15572.19,2019-01-08
2151,2009,Savings,7463.91,2026-03-31
2152,2009,CD,15223.51,2025-07-12
2153,2010,Savings,20906.95,2026-06-26
2154,2012,CD,32396.33,2025-05-18
2155,2012,Savings,5486.71,2025-01-14
2156,2013,CD,74837.59,2011-01-10
2157,2013,Checking,8829.41,2012-10-18
2158,2013,Savings,5996.61,2011-07-31
2159,2015,CD,10888.18,2023-10-15
2160,2016,CD,47551.29,2026-04-29
2161,2018,Savings,8472.33,2017-05-27
2162,2019,CD,26952.52,2025-06-09
2163,2019,Savings,10030.82,2025-04-17
2164,2020,CD,31530.29,2026-06-14
2165,2020,Savings,7040.54,2025-06-11
2166,2025,Savings,30358.75,2021-06-27
2167,2027,Checking,41533.91,2026-04-17
2168,2028,CD,21973.01,2021-07-06
2169,2028,Savings,4222.27,2026-02-11
2170,2028,Checking,3895.13,2024-05-23
2171,2029,Checking,5008.3,2025-02-17
2172,2030,Savings,8381.67,2026-02-23
2173,2032,Checking,13709.01,2024-09-10
2174,2032,CD,62794.89,2012-12-26
2175,2036,CD,31036.15,2024-01-17
2176,2036,Checking,5449.85,2025-09-12
2177,2038,CD,12253.78,2025-01-10
2178,2039,Savings,27257.46,2025-08-12
2179,2042,CD,21780.45,2021-03-23
2180,2042,Savings,23763.81,2020-02-27
2181,2043,Savings,4508.68,2022-03-11
2182,2043,Checking,4206.85,2021-09-26
2183,2045,Checking,63873.61,2024-07-29
2184,2046,Checking,1604.92,2026-06-13
2185,2047,Savings,3474.34,2025-11-01
2186,2047,CD,28907.6,2026-02-07
2187,2049,CD,91689.64,2025-04-11
2188,2050,Savings,4984.65,2026-01-21
2189,2050,Checking,3032.65,2024-04-08
2190,2051,Savings,7346.47,2025-12-09
2191,2051,Checking,5014.85,2026-03-24
2192,2052,CD,253123.96,2022-01-08
2193,2053,Checking,6308.22,2022-05-02
2194,2053,Savings,8841.98,2023-11-07
2195,2054,Checking,3255.23,2025-12-31
2196,2054,Savings,17883.59,2026-03-17
2197,2054,CD,9717.46,2026-01-28
2198,2056,Savings,36210.34,2012-12-27
2199,2056,Checking,6340.94,2016-02-14
2200,2057,Checking,3071.89,2022-01-28
2201,2057,Savings,16269.87,2023-11-19
2202,2057,CD,24859.26,2024-11-29
2203,2058,Checking,6830.2,2025-04-01
2204,2058,Savings,29713.07,2026-01-21
2205,2060,Checking,6622.73,2025-10-30
2206,2061,Savings,2425.23,2022-04-30
2207,2061,Checking,4110.33,2020-10-24
2208,2061,CD,20500.99,2020-04-20
2209,2062,Checking,3338.53,2025-04-10
2210,2062,CD,37429.45,2022-11-21
2211,2064,Checking,1483.87,2026-05-04
2212,2065,Savings,30757.91,2024-01-14
2213,2066,CD,16030.69,2025-03-16
2214,2068,Checking,4702.58,2026-01-12
2215,2069,Checking,8867.94,2023-09-07
2216,2069,CD,20062.67,2024-09-19
2217,2070,CD,20418.32,2025-11-17
2218,2070,Checking,12876.35,2022-10-11
2219,2070,Savings,1603.36,2025-07-14
2220,2071,Checking,4161.04,2026-03-30
2221,2074,Savings,28167.54,2026-02-01
2222,2077,Checking,8844.67,2026-02-13
2223,2078,Checking,7070.15,2024-04-11
2224,2079,CD,33170.44,2015-10-02
2225,2079,Savings,26660.18,2023-01-06
2226,2080,CD,10084.61,2025-12-29
2227,2080,Savings,17243.28,2026-03-02
2228,2081,Checking,380.24,2026-03-19
2229,2082,CD,18842.43,2025-08-29
2230,2082,Savings,10154.19,2025-10-22
2231,2083,CD,15882.98,2023-09-24
2232,2083,Checking,1112.23,2022-08-13
2233,2085,CD,30477.42,2026-06-23
2234,2086,CD,2003.85,2026-05-19
2235,2087,Checking,4915.35,2025-11-19
2236,2088,Savings,48169.56,2025-06-20
2237,2089,Savings,35849.36,2025-12-28
2238,2089,Checking,5446.05,2025-11-01
2239,2092,Savings,16241.99,2025-02-11
2240,2092,CD,38152.23,2026-01-23
2241,2095,CD,7856.64,2025-06-26
2242,2095,Savings,33958.13,2025-09-29
2243,2096,Checking,4253.95,2026-04-12
2244,2097,CD,14367.31,2026-03-18
2245,2098,Checking,13898.05,2018-05-28
2246,2099,Checking,8176.86,2026-02-25
2247,2099,CD,9719.81,2026-01-21
2248,2100,Savings,20781.71,2025-03-04
2249,2100,CD,37709.83,2025-09-19
2250,2101,Checking,13313.82,2016-04-08
2251,2101,CD,70031.98,2017-06-06
2252,2104,CD,14595.24,2026-03-13
2253,2104,Savings,15153.66,2023-12-21
2254,2106,Checking,8387.0,2023-05-13
2255,2106,CD,43858.68,2024-09-08
2256,2106,Savings,34352.77,2026-06-15
2257,2109,Checking,14931.03,2022-05-21
2258,2109,CD,109485.17,2022-06-18
2259,2111,Savings,14633.83,2025-01-01
2260,2111,Checking,2168.72,2024-08-09
2261,2112,CD,6591.73,2025-09-27
2262,2112,Savings,7698.79,2025-08-28
2263,2113,Checking,8852.57,2024-01-25
2264,2114,Checking,19703.18,2023-02-07
2265,2114,CD,44835.85,2022-01-27
2266,2115,CD,64443.41,2007-12-16
2267,2116,Checking,2546.17,2022-11-09
2268,2117,Savings,15180.73,2020-03-31
2269,2119,Checking,3234.71,2017-04-17
2270,2123,CD,19591.61,2025-10-31
2271,2123,Savings,591.49,2025-01-06
2272,2124,Checking,10922.29,2024-02-21
2273,2124,CD,36446.28,2023-02-27
2274,2124,Savings,16434.87,2022-08-14
2275,2126,CD,27534.64,2024-11-07
2276,2126,Checking,2872.5,2020-05-28
2277,2127,CD,24967.01,2025-11-30
2278,2127,Savings,3423.98,2026-04-18
2279,2128,Savings,17716.98,2026-05-06
2280,2128,Checking,12077.99,2026-01-30
2281,2130,Savings,6759.93,2025-06-11
2282,2131,Savings,12095.67,2024-04-22
2283,2131,CD,17213.51,2024-05-03
2284,2132,Checking,13981.51,2020-11-23
2285,2135,Savings,27479.51,2025-06-05
2286,2138,CD,30757.5,2025-11-23
2287,2138,Savings,27931.86,2026-05-21
2288,2139,CD,13504.6,2025-12-28
2289,2140,CD,11086.19,2026-04-08
2290,2143,CD,11081.36,2024-08-19
2291,2143,Checking,1900.67,2024-03-31
2292,2144,CD,19862.84,2024-09-12
2293,2144,Checking,4613.65,2024-07-14
2294,2144,Savings,17747.19,2025-01-31
2295,2146,Savings,6191.2,2026-03-18
2296,2146,CD,14536.91,2026-06-23
2297,2148,Checking,4542.05,2023-03-22
2298,2148,Savings,9783.87,2022-08-03
2299,2150,CD,37515.75,2026-06-29
2300,2153,CD,7155.87,2026-01-12
2301,2153,Savings,24055.68,2026-06-06
2302,2156,CD,9964.92,2024-08-20
2303,2157,CD,29168.78,2024-07-21
2304,2157,Savings,5572.78,2026-02-16
2305,2158,Savings,8118.81,2025-07-16
2306,2159,Savings,6410.29,2026-01-12
2307,2160,CD,37013.29,2025-09-14
2308,2161,Checking,1076.85,2023-02-20
2309,2162,CD,42484.35,2026-06-08
2310,2164,CD,28313.62,2024-11-24
2311,2166,Checking,3285.78,2025-10-31
2312,2167,Savings,28694.21,2020-06-18
2313,2167,Checking,7394.49,2020-05-04
2314,2169,CD,11050.0,2024-09-20
2315,2170,Checking,402.01,2025-11-05
2316,2171,Savings,7128.7,2023-12-07
2317,2172,Checking,246.76,2023-02-27
2318,2176,Checking,21758.17,2025-05-20
2319,2176,CD,106997.04,2025-05-31
2320,2177,Savings,42257.84,2026-05-05
2321,2178,CD,52786.96,2025-07-19
2322,2178,Savings,17840.22,2025-12-25
2323,2178,Checking,17337.8,2026-02-06
2324,2179,Checking,15351.8,2026-04-25
2325,2179,CD,62735.32,2026-04-08
2326,2179,Savings,19312.49,2026-02-06
2327,2180,CD,35787.06,2025-05-30
2328,2181,Savings,20035.02,2022-05-26
2329,2184,CD,126725.72,2025-07-31
2330,2185,CD,20805.84,2025-11-20
2331,2185,Savings,21475.08,2025-05-13
2332,2186,Savings,2649.86,2025-12-24
2333,2187,Savings,3284.87,2025-11-19
2334,2188,Savings,35250.75,2026-01-11
2335,2188,CD,57022.11,2024-06-25
2336,2188,Checking,3447.31,2023-09-10
2337,2192,Checking,5489.99,2026-05-29
2338,2193,Savings,44904.66,2025-10-18
2339,2193,Checking,16855.33,2025-07-06
2340,2194,CD,22785.67,2023-03-17
2341,2194,Checking,1464.1,2020-12-16
2342,2194,Savings,5690.65,2019-06-11
2343,2196,Savings,9576.92,2024-04-30
2344,2197,Checking,11923.87,2022-06-13
2345,2199,CD,76800.16,2024-11-27
2346,2200,CD,14864.2,2023-09-24
2347,2200,Savings,17451.38,2023-12-10
2348,2202,Savings,33554.94,2021-02-07
2349,2203,Savings,5413.83,2022-08-10
2350,2204,CD,15430.57,2023-12-25
2351,2204,Savings,11230.77,2021-11-18
2352,2206,Savings,25581.26,2025-06-01
2353,2206,Checking,4429.97,2023-01-26
2354,2206,CD,44702.75,2024-04-01
2355,2208,CD,58398.5,2025-12-06
2356,2208,Checking,1168.49,2025-12-04
2357,2209,CD,10583.35,2023-11-19
2358,2209,Checking,705.94,2025-03-04
2359,2210,Checking,3997.4,2026-02-12
2360,2210,Savings,3058.61,2026-05-24
2361,2214,Savings,13882.16,2018-07-15
2362,2214,CD,5921.06,2022-09-20
2363,2214,Checking,1510.72,2018-01-31
2364,2216,Checking,4030.05,2012-08-28
2365,2217,CD,62303.36,2025-10-14
2366,2217,Savings,2123.69,2026-03-21
2367,2217,Checking,5389.95,2025-07-04
2368,2218,CD,17512.21,2025-09-04
2369,2218,Checking,2536.46,2021-11-30
2370,2219,Checking,12124.42,2024-09-14
2371,2219,CD,20086.52,2025-10-12
2372,2220,CD,30581.46,2025-09-16
2373,2221,CD,33784.83,2026-06-05
2374,2222,Checking,3446.1,2023-04-08
2375,2222,CD,27839.47,2023-04-18
2376,2224,Checking,7949.91,2023-05-06
2377,2225,Savings,25770.94,2012-06-27
2378,2227,CD,27062.85,2025-05-14
2379,2228,CD,2334.53,2025-10-25
2380,2229,CD,40906.44,2026-04-20
2381,2231,Savings,11474.52,2026-03-31
2382,2231,CD,111986.24,2026-03-23
2383,2232,Savings,14100.62,2022-08-26
2384,2232,Checking,3460.7,2021-12-17
2385,2233,CD,140947.69,2024-07-31
2386,2234,Savings,5589.87,2026-06-12
2387,2234,Checking,9995.72,2026-06-05
2388,2238,Checking,3499.44,2023-08-21
2389,2238,CD,2663.24,2019-09-05
2390,2239,Checking,5169.19,2026-05-21
2391,2239,Savings,17941.04,2026-04-01
2392,2240,CD,25322.34,2022-08-24
2393,2240,Checking,2872.61,2024-08-17
2394,2241,CD,125788.33,2025-02-11
2395,2242,Checking,5645.01,2026-01-16
2396,2242,Savings,29040.21,2025-11-28
2397,2243,CD,20560.14,2024-03-06
2398,2243,Checking,5898.75,2026-03-10
2399,2244,CD,9016.66,2026-05-19
2400,2246,Savings,4620.18,2026-05-21
2401,2251,Savings,24216.72,2025-01-09
2402,2251,CD,22245.54,2025-08-22
2403,2252,Savings,16171.62,2025-01-13
2404,2253,CD,43249.75,2020-03-13
2405,2253,Checking,26855.06,2026-06-11
2406,2254,Checking,18883.22,2023-07-23
2407,2256,Savings,24392.64,2026-04-29
2408,2257,Savings,9546.99,2024-10-14
2409,2259,Savings,16512.92,2025-09-06
2410,2259,Checking,2215.47,2025-12-30
2411,2259,CD,11148.78,2026-05-13
2412,2261,CD,3740.74,2017-10-21
2413,2261,Checking,9562.18,2021-06-14
2414,2263,Savings,4467.7,2026-03-25
2415,2263,CD,58291.02,2026-04-01
2416,2263,Checking,14344.0,2025-10-02
2417,2264,Checking,1370.75,2026-03-01
2418,2264,Savings,9929.99,2026-04-21
2419,2267,Savings,6432.44,2025-01-22
2420,2270,Checking,899.38,2025-11-11
2421,2270,CD,16714.66,2026-04-24
2422,2271,Savings,21690.28,2021-07-05
2423,2271,CD,9123.57,2021-04-23
2424,2272,Savings,11503.22,2018-06-27
2425,2272,CD,25254.72,2019-07-01
2426,2273,CD,55836.6,2025-03-28
2427,2273,Savings,8380.92,2025-07-25
2428,2275,Checking,1837.89,2026-01-28
2429,2276,CD,28355.68,2025-03-20
2430,2276,Savings,11283.16,2021-11-03
2431,2278,Checking,64436.67,2020-06-02
2432,2281,CD,15735.57,2021-08-29
2433,2281,Savings,11513.53,2020-08-23
2434,2281,Checking,3093.61,2022-05-27
2435,2282,Checking,1518.53,2026-03-12
2436,2282,CD,17534.0,2025-12-23
2437,2282,Savings,2744.56,2025-10-13
2438,2283,Checking,2056.98,2024-09-08
2439,2283,Savings,5322.3,2023-09-24
2440,2286,Savings,11811.15,2026-06-21
2441,2290,CD,25200.74,2024-08-30
2442,2290,Checking,12325.91,2025-09-16
2443,2292,Savings,3026.92,2024-11-15
2444,2292,CD,92501.35,2026-06-14
2445,2293,Checking,23776.72,2026-06-17
2446,2294,CD,15195.79,2020-04-15
2447,2294,Checking,3227.61,2017-09-19
2448,2295,Savings,7491.12,2024-11-29
2449,2295,CD,22861.92,2018-06-29
2450,2296,CD,21144.47,2025-11-21
2451,2297,CD,6936.89,2025-12-18
2452,2298,Savings,23758.15,2026-05-24
2453,2298,CD,11868.47,2026-05-29
2454,2301,Savings,3930.12,2026-02-27
2455,2302,CD,13998.57,2012-06-20
2456,2303,Savings,12679.95,2026-05-09
2457,2303,CD,38731.07,2023-12-31
2458,2306,CD,7543.74,2025-11-09
2459,2306,Savings,3494.36,2019-09-27
2460,2308,Savings,12068.82,2025-07-06
2461,2309,CD,64005.57,2025-06-03
2462,2310,Checking,421.03,2025-07-05
2463,2311,Checking,3070.99,2025-01-21
2464,2311,CD,20294.57,2022-09-10
2465,2313,CD,28800.66,2026-04-06
2466,2313,Savings,10425.68,2023-12-28
2467,2313,Checking,4316.34,2025-09-24
2468,2314,CD,25260.73,2024-02-18
2469,2316,Checking,5783.7,2019-11-07
2470,2317,Checking,1287.83,2025-03-01
2471,2318,Checking,6489.67,2024-10-09
2472,2320,Checking,7306.81,2017-05-10
2473,2320,CD,18747.86,2025-12-08
2474,2321,Savings,39621.16,2025-06-09
2475,2325,Savings,2280.6,2019-07-17
2476,2326,Checking,2535.91,2025-09-18
2477,2326,CD,19522.02,2026-01-15
2478,2326,Savings,7331.5,2026-03-07
2479,2327,CD,55686.61,2025-06-11
2480,2327,Checking,7667.06,2025-09-11
2481,2332,CD,51345.74,2023-09-25
2482,2332,Checking,4111.34,2018-12-14
2483,2333,Checking,8716.42,2025-11-27
2484,2333,CD,14082.25,2024-12-03
2485,2333,Savings,18204.14,2025-05-21
2486,2335,Checking,1767.48,2023-09-14
2487,2335,Savings,42932.13,2023-06-29
2488,2336,Savings,7020.0,2025-04-08
2489,2336,Checking,3053.47,2025-08-02
2490,2338,Checking,6548.34,2026-06-09
2491,2338,CD,4949.48,2026-05-07
2492,2339,Savings,19885.79,2018-07-23
2493,2339,Checking,5310.8,2019-04-03
2494,2340,CD,13279.29,2019-11-15
2495,2340,Checking,7441.68,2019-01-12
2496,2340,Savings,11663.69,2024-10-18
2497,2341,Savings,38077.72,2025-11-23
2498,2342,Savings,21219.1,2024-11-06
2499,2342,Checking,4484.59,2024-11-20
2500,2343,CD,16038.64,2026-04-25
2501,2343,Savings,14344.78,2025-11-24
2502,2344,CD,35033.0,2018-12-23
2503,2344,Checking,4825.03,2022-08-01
2504,2347,Checking,246.93,2024-07-28
2505,2347,Savings,13098.88,2021-10-06
2506,2348,Checking,5648.75,2026-03-10
2507,2348,CD,35936.6,2026-02-13
2508,2349,Checking,13493.32,2023-10-02
2509,2349,Savings,53662.72,2024-04-22
2510,2351,Savings,11695.87,2024-02-12
2511,2351,Checking,7790.79,2024-04-29
2512,2353,Savings,16950.0,2022-12-30
2513,2354,Checking,29364.06,2026-06-06
2514,2355,Savings,13893.3,2020-04-04
2515,2358,Savings,23359.73,2026-02-28
2516,2359,Checking,1160.12,2023-02-19
2517,2360,CD,24127.99,2024-12-06
2518,2360,Savings,14789.75,2026-01-01
2519,2360,Checking,843.68,2026-04-23
2520,2362,Checking,10722.25,2020-05-22
2521,2362,Savings,29413.84,2021-10-29
2522,2363,Savings,10248.27,2022-09-27
2523,2364,Checking,1718.04,2026-05-15
2524,2364,CD,77594.12,2026-06-27
2525,2365,Checking,641.58,2024-09-11
2526,2366,CD,21718.7,2026-05-13
2527,2367,CD,28265.27,2026-02-23
2528,2368,Checking,9047.54,2023-12-09
2529,2370,Savings,12292.29,2026-05-07
2530,2370,Checking,6338.75,2025-11-16
2531,2370,CD,3416.96,2025-05-26
2532,2371,CD,20971.8,2025-04-10
2533,2371,Savings,5146.53,2025-09-15
2534,2372,Checking,4771.77,2023-10-15
2535,2372,Savings,10616.32,2024-12-18
2536,2373,Checking,14275.37,2025-10-13
2537,2373,Savings,26889.12,2025-12-27
2538,2376,CD,31245.08,2023-10-30
2539,2377,Savings,32799.53,2026-02-19
2540,2379,CD,31474.74,2022-08-05
2541,2379,Checking,3890.41,2022-12-26
2542,2381,Savings,11212.04,2022-07-06
2543,2381,Checking,16199.37,2023-08-20
2544,2382,Checking,6514.17,2025-01-10
2545,2383,CD,142015.12,2026-03-01
2546,2384,Savings,1875.2,2024-08-18
2547,2385,Checking,1502.82,2025-07-07
2548,2385,CD,9058.37,2025-02-01
2549,2389,Savings,26058.67,2025-11-24
2550,2390,Savings,12584.97,2024-11-14
2551,2392,CD,20918.15,2024-01-10
2552,2393,Checking,728.54,2025-03-17
2553,2394,Savings,47688.99,2021-04-24
2554,2395,Checking,2234.66,2026-04-17
2555,2398,Checking,2567.97,2026-01-25
2556,2398,CD,26158.4,2026-03-08
2557,2399,CD,13193.43,2024-08-04
2558,2400,Savings,37964.18,2026-03-08
2559,2401,Checking,3965.02,2025-07-01
2560,2402,CD,6834.5,2022-08-14
2561,2403,CD,13986.48,2026-02-18
2562,2404,Checking,2007.26,2026-06-08
2563,2404,Savings,5628.37,2026-02-10
2564,2404,CD,20476.75,2026-05-29
2565,2405,Checking,7499.7,2018-07-09
2566,2405,CD,13289.41,2020-03-16
2567,2406,Checking,7416.96,2025-09-18
2568,2406,CD,17200.16,2025-07-11
2569,2409,Savings,6244.77,2026-01-09
2570,2409,CD,8042.85,2024-10-12
2571,2410,CD,27851.79,2025-03-02
2572,2410,Savings,12700.59,2022-08-14
2573,2411,CD,115656.32,2024-05-07
2574,2413,Checking,3404.15,2024-05-13
2575,2413,CD,11955.61,2022-04-06
2576,2414,Checking,549.58,2024-11-16
2577,2415,Checking,7531.18,2025-01-28
2578,2415,CD,18743.83,2023-03-16
2579,2416,Checking,6760.28,2025-11-25
2580,2417,Checking,4101.89,2023-06-14
2581,2417,Savings,8860.44,2022-07-31
2582,2417,CD,10193.1,2025-02-14
2583,2419,CD,75881.31,2017-05-27
2584,2421,Savings,11524.56,2025-11-06
2585,2422,Checking,4486.04,2026-04-03
2586,2424,CD,30042.15,2026-05-30
2587,2424,Checking,13805.12,2023-05-31
2588,2425,CD,3316.34,2026-06-25
2589,2426,Checking,8264.24,2023-10-09
2590,2427,Checking,2215.83,2026-06-29
2591,2430,Checking,3761.82,2024-04-24
2592,2430,CD,20954.69,2019-05-28
2593,2431,CD,56014.93,2025-02-23
2594,2431,Checking,3316.82,2024-04-27
2595,2431,Savings,76745.11,2025-07-09
2596,2432,CD,3932.21,2026-02-05
2597,2432,Savings,3760.34,2025-11-11
2598,2437,Checking,10863.51,2025-09-06
2599,2437,Savings,98995.61,2025-10-02
2600,2440,Savings,7167.7,2026-02-18
2601,2440,Checking,465.95,2026-02-17
2602,2441,Checking,5433.2,2023-12-16
2603,2441,CD,21824.65,2024-10-07
2604,2442,Checking,1717.26,2025-12-18
2605,2442,CD,86816.16,2023-12-24
2606,2442,Savings,55590.08,2026-05-31
2607,2443,CD,26785.03,2018-03-09
2608,2443,Savings,1638.22,2006-12-05
2609,2443,Checking,1947.84,2025-03-11
2610,2445,Savings,4503.56,2026-04-21
2611,2446,Savings,2638.27,2024-06-24
2612,2446,Checking,6538.9,2025-02-22
2613,2447,CD,9728.6,2026-01-19
2614,2447,Savings,25061.22,2024-01-26
2615,2449,CD,35772.86,2024-12-27
2616,2449,Savings,5462.05,2026-01-26
2617,2451,CD,30889.75,2024-02-07
2618,2451,Savings,9661.03,2022-12-11
2619,2452,CD,11202.46,2025-07-05
2620,2453,Savings,10342.33,2023-04-27
2621,2454,CD,10409.29,2024-07-31
2622,2454,Checking,10392.09,2025-11-14
2623,2455,CD,121384.47,2025-12-14
2624,2455,Savings,4514.13,2023-01-10
2625,2455,Checking,4732.31,2025-06-28
2626,2456,Savings,16215.82,2025-06-20
2627,2456,CD,92785.99,2022-03-24
2628,2457,CD,96531.22,2023-11-02
2629,2458,CD,22844.57,2018-03-11
2630,2458,Savings,15131.78,2024-05-22
2631,2460,Checking,368.07,2026-06-29
2632,2460,CD,18885.16,2026-05-13
2633,2461,CD,36004.98,2026-05-22
2634,2461,Savings,10166.8,2025-01-29
2635,2461,Checking,3723.65,2025-09-01
2636,2463,CD,52493.14,2018-05-30
2637,2463,Checking,4325.39,2024-09-15
2638,2464,CD,18041.57,2023-10-12
2639,2464,Savings,9720.21,2021-05-03
2640,2466,Savings,22652.57,2024-10-06
2641,2466,Checking,12153.93,2022-11-12
2642,2467,Savings,3252.79,2024-01-21
2643,2468,CD,42213.7,2025-06-02
2644,2470,Savings,10581.3,2026-05-25
2645,2470,Checking,11889.54,2025-09-11
2646,2472,Savings,6104.21,2025-08-11
2647,2472,Checking,4070.77,2025-06-05
2648,2474,Checking,9132.09,2026-03-01
2649,2475,CD,165944.26,2018-12-09
2650,2475,Savings,4677.6,2022-03-17
2651,2476,Checking,313.65,2026-03-10
2652,2478,Checking,2611.46,2026-02-14
2653,2479,Checking,5514.68,2025-12-28
2654,2480,Savings,16280.03,2023-10-10
2655,2481,CD,9172.49,2025-03-20
2656,2482,Savings,11762.02,2024-06-20
2657,2483,Savings,5508.07,2019-09-06
2658,2483,Checking,1866.21,2024-07-24
2659,2485,Savings,13938.37,2025-08-22
2660,2487,Savings,10250.72,2024-11-21
2661,2487,CD,36346.59,2025-09-15
2662,2487,Checking,5382.97,2024-03-26
2663,2488,Checking,12955.18,2026-05-01
2664,2488,CD,15622.09,2025-02-23
2665,2489,CD,34557.4,2021-11-30
2666,2490,CD,31576.51,2025-07-16
2667,2490,Savings,21827.65,2026-03-31
2668,2492,CD,12779.13,2023-01-31
2669,2493,Checking,5040.25,2024-03-11
2670,2494,CD,29227.1,2025-09-09
2671,2494,Savings,2777.33,2026-01-26
2672,2495,Savings,24480.51,2026-03-15
2673,2495,CD,45093.97,2023-04-04
2674,2495,Checking,1938.04,2025-04-02
2675,2496,Checking,8046.85,2024-04-17
2676,2500,Checking,460.73,2026-05-11
2677,2500,CD,12966.97,2025-01-26
2678,2501,Savings,11517.62,2022-08-03
2679,2503,Savings,14977.9,2026-05-24
2680,2505,Savings,12129.91,2021-11-10
2681,2506,Checking,615.9,2026-01-16
2682,2507,Checking,7904.98,2026-04-29
2683,2508,Checking,4057.61,2019-08-12
2684,2508,CD,24924.88,2021-03-26
2685,2509,Savings,5904.7,2024-06-05
2686,2510,Checking,1812.87,2025-12-02
2687,2511,Savings,25636.24,2018-10-12
2688,2511,Checking,31366.86,2016-08-23
2689,2512,Savings,17103.49,2020-10-28
2690,2512,Checking,7390.33,2026-04-13
2691,2512,CD,31173.5,2022-09-02
2692,2513,Checking,2041.58,2022-04-10
2693,2514,Checking,11804.61,2025-09-21
2694,2515,Checking,2358.68,2024-07-27
2695,2516,Savings,10617.39,2024-08-22
2696,2520,Savings,17211.9,2025-02-05
2697,2521,CD,35120.78,2025-06-11
2698,2522,Checking,4838.98,2026-05-03
2699,2523,CD,22700.35,2024-01-31
2700,2523,Checking,6096.75,2025-10-21
2701,2523,Savings,2390.05,2023-08-19
2702,2524,CD,30988.74,2026-04-19
2703,2526,CD,39908.21,2026-02-02
2704,2529,Savings,32498.37,2023-12-24
2705,2529,CD,23093.47,2024-11-15
2706,2531,Savings,4552.52,2010-07-23
2707,2531,CD,25999.92,2012-09-05
2708,2531,Checking,6875.19,2012-02-22
2709,2533,CD,322502.61,2026-04-08
2710,2534,CD,12967.79,2026-06-02
2711,2535,CD,25468.64,2020-10-13
2712,2535,Savings,23942.11,2024-06-26
2713,2537,Savings,9703.4,2024-03-03
2714,2537,Checking,3583.82,2024-10-19
2715,2539,Savings,16151.2,2025-03-31
2716,2542,Savings,7217.18,2021-04-19
2717,2546,Checking,658.71,2023-09-19
2718,2546,CD,32697.14,2023-03-18
2719,2546,Savings,10028.34,2021-05-05
2720,2550,Checking,3758.4,2026-06-20
2721,2550,Savings,17998.61,2026-04-13
2722,2551,Checking,1280.86,2022-02-28
2723,2553,CD,8916.36,2025-10-03
2724,2553,Savings,34065.51,2025-11-16
2725,2553,Checking,3322.17,2025-05-30
2726,2556,Savings,10519.94,2026-03-23
2727,2558,Savings,7532.05,2023-08-16
2728,2559,Checking,2962.66,2023-02-28
2729,2561,Savings,4484.04,2022-01-22
2730,2561,Checking,2805.33,2022-02-26
2731,2562,CD,9242.43,2024-10-31
2732,2562,Savings,7369.35,2025-12-18
2733,2563,Savings,5832.37,2026-05-19
2734,2563,CD,2631.16,2026-05-18
2735,2565,Checking,2333.02,2023-12-19
2736,2566,Savings,2573.83,2024-11-22
2737,2566,Checking,4329.59,2024-10-10
2738,2566,CD,20232.94,2023-07-22
2739,2567,Checking,5205.64,2024-07-31
2740,2567,Savings,4307.17,2025-05-02
2741,2568,CD,119386.13,2025-10-22
2742,2570,Savings,10422.87,2019-07-04
2743,2570,Checking,10031.03,2013-03-03
2744,2571,Checking,3852.34,2021-09-18
2745,2572,Savings,4970.46,2021-10-05
2746,2575,Checking,2656.02,2020-08-04
2747,2575,Savings,18822.43,2024-03-27
2748,2575,CD,29929.65,2024-07-21
2749,2576,Savings,48403.91,2026-04-17
2750,2576,CD,119802.18,2025-09-08
2751,2577,Checking,9761.16,2026-06-03
2752,2578,CD,47766.27,2020-11-09
2753,2579,Checking,6018.37,2024-08-03
2754,2580,CD,60626.01,2025-04-20
2755,2582,Savings,11577.17,2026-02-25
2756,2582,Checking,4726.22,2026-03-12
2757,2582,CD,16239.29,2026-01-25
2758,2583,CD,11094.02,2024-05-24
2759,2583,Checking,2005.9,2024-07-30
2760,2584,Checking,11852.95,2021-07-14
2761,2584,Savings,1332.37,2024-01-08
2762,2585,CD,33194.3,2013-03-16
2763,2585,Checking,5936.69,2021-01-19
2764,2587,CD,6081.26,2021-07-09
2765,2587,Savings,9152.1,2020-04-25
2766,2589,CD,42787.64,2023-12-08
2767,2589,Savings,24049.77,2018-12-30
2768,2589,Checking,20841.27,2024-01-22
2769,2590,Checking,1404.39,2021-01-25
2770,2591,Checking,4549.32,2025-06-14
2771,2594,CD,21617.15,2024-08-28
2772,2594,Savings,17881.07,2026-04-20
2773,2595,Checking,4125.57,2020-07-12
2774,2596,CD,4638.42,2025-10-25
2775,2597,CD,20128.18,2023-02-14
2776,2598,Checking,3218.33,2025-11-02
2777,2599,Savings,15425.08,2019-04-27
2778,2599,Checking,5135.36,2026-05-27
2779,2601,Checking,115.43,2025-03-01
2780,2602,CD,97358.15,2024-02-23
2781,2604,Savings,10569.89,2022-11-16
2782,2605,Checking,138.3,2025-12-31
2783,2606,Checking,5702.24,2026-02-04
2784,2606,Savings,13229.72,2025-11-15
2785,2608,CD,25216.57,2026-01-30
2786,2609,Checking,3110.48,2025-01-11
2787,2609,CD,10802.96,2026-03-25
2788,2612,Checking,13753.63,2025-05-21
2789,2614,CD,33305.01,2025-08-27
2790,2614,Savings,6466.98,2024-09-30
2791,2615,Savings,11399.17,2025-12-30
2792,2615,CD,10436.65,2026-02-13
2793,2616,CD,9596.93,2023-04-15
2794,2620,Savings,20335.38,2024-08-26
2795,2620,CD,8577.09,2026-05-12
2796,2622,Checking,7132.68,2026-04-17
2797,2623,CD,16502.51,2025-08-01
2798,2623,Savings,17754.99,2021-01-17
2799,2624,Savings,5647.38,2021-01-18
2800,2624,Checking,5736.56,2023-06-23
2801,2624,CD,23957.13,2023-05-28
2802,2625,Checking,7240.71,2026-06-13
2803,2627,CD,7439.81,2025-04-28
2804,2627,Savings,14218.49,2025-08-16
2805,2629,Savings,19262.76,2009-10-11
2806,2629,CD,69499.24,2012-04-28
2807,2629,Checking,10520.39,2019-09-28
2808,2630,Savings,1652.35,2020-08-18
2809,2630,CD,32232.38,2022-02-25
2810,2632,Checking,1615.94,2023-01-21
2811,2632,CD,12267.5,2024-02-18
2812,2633,Savings,6056.12,2025-08-24
2813,2633,Checking,4909.26,2022-08-21
2814,2634,CD,24057.15,2023-12-22
2815,2636,CD,34244.78,2025-01-27
2816,2636,Checking,6517.65,2025-07-01
2817,2637,Savings,78713.25,2026-04-05
2818,2638,Savings,4837.88,2022-01-20
2819,2638,CD,43014.86,2025-10-10
2820,2639,CD,26890.29,2025-11-06
2821,2639,Savings,123225.56,2016-09-17
2822,2642,Checking,1395.37,2024-12-16
2823,2642,Savings,9431.05,2026-03-24
2824,2642,CD,10245.88,2025-12-04
2825,2643,Savings,2937.26,2008-06-07
2826,2643,CD,17717.95,2012-02-03
2827,2643,Checking,1536.77,2025-05-01
2828,2644,Savings,3942.26,2026-05-12
2829,2644,CD,46298.45,2025-10-07
2830,2646,Checking,945.96,2025-04-03
2831,2647,CD,6215.19,2025-09-08
2832,2649,CD,24514.22,2023-09-15
2833,2649,Savings,5611.9,2025-09-17
2834,2650,Savings,14034.82,2026-06-12
2835,2650,CD,3886.14,2026-04-28
2836,2652,Savings,8396.02,2026-06-18
2837,2654,Checking,13113.42,2026-06-17
2838,2654,Savings,29863.36,2026-05-04
2839,2655,Savings,12453.98,2016-08-02
2840,2658,Checking,1231.38,2007-09-30
2841,2658,Savings,6102.58,2001-09-09
2842,2660,CD,28177.17,2025-12-17
2843,2661,Savings,12567.52,2026-06-21
2844,2662,Checking,6409.21,2024-03-28
2845,2662,Savings,9377.15,2025-08-18
2846,2663,Checking,723.86,2014-06-26
2847,2663,CD,5294.94,2020-01-21
2848,2664,CD,12939.92,2026-05-25
2849,2664,Savings,26833.33,2026-02-02
2850,2665,Savings,27495.96,2026-02-20
2851,2665,CD,60567.61,2026-01-15
2852,2666,CD,26604.31,2026-05-23
2853,2666,Savings,1570.25,2026-06-22
2854,2668,CD,164606.3,2025-06-22
2855,2669,Savings,14462.63,2026-01-07
2856,2671,CD,49177.19,2025-09-03
2857,2671,Savings,21315.8,2025-09-15
2858,2672,Checking,2000.26,2018-07-14
2859,2672,CD,22523.25,2016-09-17
2860,2673,Checking,3372.65,2021-06-23
2861,2673,CD,4994.53,2025-11-19
2862,2674,Savings,20662.52,2026-04-30
2863,2674,CD,21920.48,2026-02-19
2864,2675,CD,33075.79,2021-03-31
2865,2677,Checking,906.73,2026-06-08
2866,2677,CD,20849.77,2026-01-19
2867,2679,CD,40252.09,2026-03-14
2868,2679,Checking,8141.04,2026-04-26
2869,2679,Savings,6599.44,2026-06-27
2870,2681,CD,7023.43,2025-09-13
2871,2682,CD,48877.56,2020-09-13
2872,2682,Savings,34451.52,2017-10-02
2873,2683,CD,12589.15,2025-07-26
2874,2683,Checking,3180.59,2024-11-03
2875,2686,CD,10960.27,2022-03-17
2876,2686,Checking,3634.91,2019-03-08
2877,2688,Savings,14036.51,2025-05-26
2878,2689,Checking,4263.25,2024-12-02
2879,2691,CD,2401.75,2022-12-25
2880,2691,Savings,27814.83,2020-05-04
2881,2693,CD,15859.84,2026-03-22
2882,2694,Checking,51571.3,2025-11-21
2883,2694,Savings,139308.28,2025-05-17
2884,2695,Checking,194.21,2025-11-27
2885,2697,Checking,2233.68,2025-02-08
2886,2697,Savings,18754.39,2025-08-24
2887,2697,CD,50132.73,2024-08-29
2888,2698,Savings,21933.39,2026-04-09
2889,2698,Checking,4423.19,2026-06-14
2890,2698,CD,41737.18,2026-02-07
2891,2699,Checking,3547.06,2025-09-03
2892,2700,Checking,3958.35,2025-08-10
2893,2703,CD,18658.31,2024-01-31
2894,2704,Checking,18863.32,2023-06-19
2895,2704,CD,72207.65,2024-08-30
2896,2704,Savings,104878.3,2024-10-17
2897,2705,Checking,1245.19,2021-07-05
2898,2707,Checking,20712.38,2025-12-24
2899,2708,CD,23932.17,2024-02-21
2900,2708,Checking,1594.3,2025-03-19
2901,2709,CD,25286.12,2026-02-02
2902,2709,Checking,7171.81,2026-04-06
2903,2709,Savings,21109.91,2026-06-01
2904,2711,CD,41575.17,2025-04-06
2905,2712,Checking,6665.65,2023-09-28
2906,2712,CD,39652.57,2024-11-26
2907,2713,Checking,5181.96,2024-06-18
2908,2716,CD,8931.66,2015-11-29
2909,2716,Checking,1497.17,2024-02-15
2910,2717,Checking,4738.72,2025-08-28
2911,2718,CD,23989.86,2014-03-30
2912,2720,Checking,2575.78,2020-06-09
2913,2721,Checking,26882.15,2021-02-07
2914,2725,Savings,16587.99,2019-01-30
2915,2726,CD,3241.65,2019-07-14
2916,2726,Checking,2123.37,2010-04-22
2917,2728,CD,118959.8,2025-03-24
2918,2728,Checking,14487.34,2025-06-15
2919,2729,CD,52541.11,2022-08-08
2920,2729,Checking,4966.27,2019-05-03
2921,2730,Checking,8518.89,2025-03-12
2922,2730,Savings,17719.86,2023-10-16
2923,2730,CD,51917.02,2023-10-22
2924,2731,Checking,10138.07,2026-01-31
2925,2731,Savings,16629.29,2026-03-31
2926,2732,Checking,3274.52,2023-12-06
2927,2733,Checking,11921.28,2009-09-29
2928,2735,CD,2160.18,2017-06-18
2929,2736,Savings,9018.93,2025-12-23
2930,2737,CD,54230.35,2025-05-25
2931,2739,Savings,23432.55,2026-04-22
2932,2741,Savings,17603.12,2023-02-27
2933,2743,Checking,2987.11,2026-06-26
2934,2743,Savings,7766.55,2024-11-03
2935,2744,Savings,5807.19,2024-05-09
2936,2746,Checking,6038.37,2025-07-09
2937,2748,Checking,2217.16,2026-02-13
2938,2748,CD,15390.89,2025-08-14
2939,2749,Savings,3774.58,2022-04-18
2940,2750,Checking,9416.39,2024-12-04
2941,2750,Savings,14203.81,2025-11-11
2942,2752,Savings,5675.26,2024-12-11
2943,2752,CD,10090.46,2024-08-10
2944,2753,Savings,23725.03,2026-06-21
2945,2756,CD,108204.91,2019-09-01
2946,2756,Savings,96829.04,2025-07-16
2947,2757,Savings,15769.81,2026-05-10
2948,2757,Checking,3299.2,2026-03-23
2949,2758,Savings,33921.25,2025-03-01
2950,2758,CD,105137.11,2025-07-18
2951,2761,Savings,8739.78,2023-01-26
2952,2763,Checking,25888.62,2024-10-04
2953,2763,CD,109553.95,2023-11-05
2954,2763,Savings,5066.17,2023-11-25
2955,2765,Checking,4422.62,2024-09-08
2956,2766,Checking,4441.83,2025-06-03
2957,2767,CD,41658.92,2026-06-26
2958,2767,Savings,5193.14,2026-04-17
2959,2767,Checking,2159.11,2026-04-04
2960,2771,Checking,2799.09,2024-09-18
2961,2772,CD,20972.16,2023-06-09
2962,2774,Checking,7366.95,2013-07-10
2963,2775,CD,22474.13,2018-11-26
2964,2776,Savings,66909.68,2024-10-21
2965,2778,CD,184830.27,2026-05-07
2966,2780,CD,28119.16,2024-12-03
2967,2780,Checking,12702.89,2024-10-08
2968,2780,Savings,53567.93,2023-03-10
2969,2781,CD,46820.7,2026-06-17
2970,2782,Checking,2813.62,2026-05-26
2971,2783,Checking,13151.37,2025-02-06
2972,2784,CD,28556.1,2024-08-03
2973,2784,Savings,13859.5,2025-09-30
2974,2785,Savings,10875.86,2024-07-12
2975,2785,CD,24293.73,2025-01-09
2976,2786,CD,31359.04,2024-10-11
2977,2787,Checking,2370.39,2024-09-17
2978,2787,CD,13506.11,2025-07-18
2979,2787,Savings,7768.57,2024-02-15
2980,2789,Savings,9406.09,2025-06-21
2981,2789,Checking,2887.07,2025-06-15
2982,2789,CD,6372.32,2025-08-28
2983,2790,Checking,4314.88,2024-07-10
2984,2790,Savings,7534.91,2025-03-09
2985,2790,CD,12640.11,2022-08-18
2986,2791,Savings,45317.23,2025-09-13
2987,2793,Savings,33773.67,2022-05-28
2988,2793,CD,96972.81,2026-03-17
2989,2793,Checking,11970.33,2021-11-28
2990,2794,Savings,13123.42,2024-09-03
2991,2794,CD,16756.71,2025-08-26
2992,2795,Checking,20092.08,2020-06-16
2993,2795,Savings,60143.13,2021-05-10
2994,2797,CD,3302.49,2026-06-15
2995,2799,Checking,14072.75,2026-01-15
2996,2803,CD,5230.49,2026-01-30
2997,2803,Savings,26906.24,2025-09-22
2998,2804,CD,31632.93,2026-02-13
2999,2804,Savings,17593.03,2026-01-16
3000,2804,Checking,1647.13,2026-04-07
3001,2806,Checking,16467.24,2020-10-10
3002,2807,Savings,47086.36,2019-02-15
3003,2808,Checking,4286.97,2024-10-24
3004,2809,Savings,13211.18,2024-08-12
3005,2810,Savings,3619.9,2024-06-26
3006,2810,CD,21934.73,2025-02-07
3007,2813,Checking,1854.59,2026-01-29
3008,2813,CD,36381.73,2026-06-27
3009,2816,CD,14567.11,2024-12-28
3010,2818,Savings,12989.81,2026-04-23
3011,2818,CD,11325.7,2025-10-04
3012,2818,Checking,8068.76,2025-05-17
3013,2819,Checking,27469.34,2019-08-07
3014,2819,CD,120509.88,2017-05-26
3015,2821,CD,13312.6,2023-07-28
3016,2822,Savings,40060.32,2025-02-05
3017,2822,CD,54223.99,2022-08-07
3018,2823,CD,17399.92,2026-02-06
3019,2826,Checking,8285.67,2023-12-21
3020,2827,CD,86065.97,2025-07-07
3021,2828,Savings,36286.47,2025-01-23
3022,2829,Checking,3060.48,2018-07-25
3023,2829,CD,8510.73,2014-05-18
3024,2830,Checking,721.07,2026-05-18
3025,2831,Checking,1615.51,2023-12-31
3026,2831,Savings,20194.47,2024-12-28
3027,2831,CD,29035.26,2026-06-05
3028,2832,CD,13978.47,2025-11-29
3029,2834,CD,10751.95,2024-09-29
3030,2834,Checking,1030.34,2026-06-24
3031,2835,Savings,5860.09,2025-07-08
3032,2835,Checking,3647.07,2024-11-30
3033,2839,Checking,5243.05,2025-09-06
3034,2841,Checking,6641.85,2017-01-20
3035,2841,CD,38860.54,2018-07-14
3036,2842,CD,48562.94,2024-08-24
3037,2842,Checking,5828.27,2016-02-09
3038,2843,Savings,27884.71,2013-12-14
3039,2844,CD,20036.14,2022-07-28
3040,2846,Checking,14873.51,2026-04-03
3041,2850,CD,69469.74,2025-08-30
3042,2851,Checking,11941.22,2022-03-28
3043,2852,Savings,26497.39,2021-12-27
3044,2852,CD,4783.12,2019-11-20
3045,2853,Savings,29973.86,2018-01-02
3046,2855,CD,53102.6,2026-06-13
3047,2855,Checking,1704.81,2025-10-17
3048,2855,Savings,12648.5,2025-08-11
3049,2856,CD,43307.11,2023-07-19
3050,2856,Savings,17889.82,2026-05-28
3051,2856,Checking,5163.67,2023-10-22
3052,2858,CD,8089.14,2021-11-02
3053,2858,Savings,1138.0,2020-05-02
3054,2859,Savings,7071.57,2023-07-26
3055,2860,Checking,34494.19,2022-05-04
3056,2860,CD,235345.2,2025-09-27
3057,2860,Savings,34150.96,2022-03-14
3058,2861,Savings,12323.51,2025-09-09
3059,2861,CD,8976.49,2025-07-04
3060,2863,Checking,18060.91,2022-09-23
3061,2865,Checking,13461.48,2026-04-22
3062,2865,Savings,60118.55,2026-06-02
3063,2866,Savings,8643.25,2025-09-11
3064,2867,Savings,10806.6,2026-06-14
3065,2868,Checking,3141.03,2026-01-30
3066,2868,CD,14971.14,2024-05-26
3067,2868,Savings,8101.55,2024-11-25
3068,2869,Savings,94796.87,2025-06-28
3069,2869,Checking,4181.54,2026-05-18
3070,2870,Savings,29111.33,2026-02-23
3071,2871,CD,10864.01,2018-04-09
3072,2871,Savings,4132.79,2018-05-17
3073,2873,Checking,6793.6,2024-10-03
3074,2875,Savings,10402.43,2025-04-01
3075,2876,Savings,10285.26,2026-03-15
3076,2877,CD,18047.72,2024-09-06
3077,2878,Checking,9053.87,2023-11-17
3078,2880,CD,31075.98,2026-03-09
3079,2880,Checking,3283.69,2025-02-20
3080,2881,Savings,6518.05,2024-11-21
3081,2883,Checking,5591.92,2025-12-16
3082,2884,CD,18108.19,2024-07-20
3083,2885,Checking,1450.47,2022-02-02
3084,2886,Checking,2877.96,2026-06-17
3085,2886,Savings,14325.95,2026-03-14
3086,2887,Checking,1383.28,2023-01-23
3087,2888,Savings,8307.8,2026-03-06
3088,2889,CD,5866.15,2025-10-13
3089,2890,Checking,2221.63,2023-08-23
3090,2891,CD,24544.08,2022-10-29
3091,2892,CD,241313.75,2026-01-09
3092,2892,Checking,62124.38,2025-12-25
3093,2893,Checking,3371.1,2026-02-06
3094,2894,CD,48767.3,2025-08-01
3095,2896,Savings,12467.13,2026-05-09
3096,2896,Checking,12368.91,2026-05-17
3097,2896,CD,29124.05,2026-01-27
3098,2898,Checking,9372.76,2023-08-23
3099,2899,Savings,25741.58,2024-07-15
3100,2900,Checking,1376.18,2022-06-16
3101,2902,Checking,5333.78,2026-05-12
3102,2902,Savings,41033.16,2026-04-20
3103,2903,Checking,49076.69,2021-11-23
3104,2903,CD,120564.98,2023-06-10
3105,2904,Savings,2471.93,2023-11-08
3106,2904,Checking,4736.17,2024-02-17
3107,2905,Savings,25614.89,2025-02-02
3108,2905,Checking,3898.11,2023-11-09
3109,2905,CD,169089.61,2025-02-25
3110,2907,Savings,3148.92,2023-10-29
3111,2907,Checking,2764.52,2025-04-27
3112,2909,Checking,1449.73,2025-12-03
3113,2910,CD,19462.5,2020-07-24
3114,2912,Savings,56543.63,2024-02-22
3115,2913,Checking,1730.71,2026-03-19
3116,2914,Checking,2446.0,2026-01-23
3117,2915,CD,58794.31,2026-06-30
3118,2917,Checking,2607.8,2026-05-05
3119,2917,Savings,21555.49,2025-05-05
3120,2920,CD,54657.09,2020-09-08
3121,2921,CD,12348.47,2026-01-05
3122,2922,Savings,10730.25,2010-07-07
3123,2922,CD,50638.35,2021-07-15
3124,2923,Checking,645.88,2023-04-29
3125,2924,Savings,607.62,2022-11-24
3126,2925,CD,21295.27,2020-05-27
3127,2926,Savings,29265.16,2023-04-13
3128,2929,CD,36743.11,2026-06-28
3129,2929,Checking,702.57,2026-02-15
3130,2931,Checking,1461.65,2022-09-22
3131,2931,Savings,32346.78,2022-12-07
3132,2932,Savings,9911.46,2025-05-23
3133,2932,Checking,6650.92,2024-10-15
3134,2933,CD,20469.13,2025-04-18
3135,2935,Checking,6690.59,2020-05-25
3136,2935,CD,49464.36,2022-10-02
3137,2935,Savings,40946.0,2022-02-15
3138,2937,Savings,31691.11,2025-01-28
3139,2938,CD,28387.09,2016-04-24
3140,2939,CD,23921.35,2025-08-18
3141,2940,Checking,7375.83,2024-01-26
3142,2940,CD,57710.77,2025-04-15
3143,2940,Savings,84657.45,2022-05-22
3144,2941,Savings,19438.23,2025-04-03
3145,2941,Checking,6384.32,2025-06-01
3146,2944,Savings,5660.4,2026-06-02
3147,2945,CD,24315.55,2025-07-31
3148,2946,CD,90277.15,2026-02-09
3149,2947,Checking,6744.3,2026-02-12
3150,2947,Savings,17674.04,2026-03-28
3151,2949,Checking,7288.41,2026-05-06
3152,2949,CD,8161.48,2025-04-25
3153,2950,Savings,3684.0,2026-03-11
3154,2951,Checking,14532.71,2026-04-30
3155,2952,Savings,12152.2,2025-10-16
3156,2952,Checking,8839.34,2025-08-23
3157,2955,Checking,3434.03,2020-12-19
3158,2955,Savings,4451.41,2020-09-16
3159,2957,Savings,2994.32,2026-03-19
3160,2957,CD,34232.09,2026-03-30
3161,2958,Savings,7309.56,2026-06-04
3162,2959,Savings,38145.74,2025-04-02
3163,2960,Checking,2963.42,2024-06-08
3164,2961,CD,10732.39,2018-04-16
3165,2961,Checking,8171.24,2015-06-22
3166,2961,Savings,10236.69,2013-02-10
3167,2962,CD,29744.08,2024-04-07
3168,2963,Checking,6932.34,2023-04-21
3169,2963,CD,50814.21,2014-01-23
3170,2963,Savings,5916.78,2015-07-06
3171,2965,Savings,11212.07,2024-01-15
3172,2966,CD,70847.01,2025-02-27
3173,2966,Savings,8636.36,2020-12-19
3174,2966,Checking,3543.16,2022-01-29
3175,2967,Checking,7375.59,2022-01-30
3176,2967,Savings,91533.7,2026-02-07
3177,2967,CD,140672.1,2013-09-12
3178,2968,Checking,10939.84,2021-08-26
3179,2969,CD,19077.29,2024-10-11
3180,2969,Checking,2524.51,2026-01-21
3181,2970,Savings,15909.31,2025-09-28
3182,2970,CD,6371.21,2025-11-12
3183,2971,Savings,15259.0,2025-11-13
3184,2971,CD,10376.75,2025-12-01
3185,2971,Checking,1739.75,2026-05-11
3186,2972,Savings,24780.71,2025-02-08
3187,2973,CD,31225.71,2024-09-02
3188,2973,Savings,13760.38,2024-03-16
3189,2976,Savings,16222.23,2026-06-20
3190,2977,Savings,20355.43,2024-11-26
3191,2979,Checking,474.46,2026-05-20
3192,2979,CD,33862.47,2026-04-26
3193,2981,Savings,34886.44,2016-05-27
3194,2988,Savings,14950.87,2023-10-20
3195,2988,CD,4838.16,2021-09-09
3196,2988,Checking,11796.54,2024-07-01
3197,2991,CD,11888.42,2025-06-05
3198,2992,Checking,6593.0,2026-06-07
3199,2994,Checking,3274.35,2022-06-09
3200,2996,Savings,10137.99,2023-12-21
3201,2996,CD,10175.75,2026-03-12
3202,2996,Checking,1634.75,2026-04-25
3203,2998,Checking,852.49,2026-04-02
3204,2999,Checking,689.28,2006-12-05
3205,2999,CD,11734.58,2011-04-29
3206,2999,Savings,2184.68,2019-05-21
3207,3000,Checking,6666.53,2024-08-19
3208,3001,Savings,55334.83,2025-08-13
3209,3001,Checking,25791.56,2026-04-21
3210,3002,CD,53894.1,2020-08-23
3211,3007,Checking,520.05,2026-04-08
3212,3009,Savings,11864.27,2024-08-08
3213,3009,CD,7365.35,2025-05-05
3214,3011,CD,9036.93,2025-12-04
3215,3011,Savings,9793.57,2025-10-10
3216,3012,CD,38671.11,2025-09-18
3217,3013,Checking,15087.9,2024-04-16
3218,3014,CD,3423.1,2023-12-29
3219,3015,Savings,13137.66,2022-06-22
3220,3015,Checking,9673.9,2022-06-15
3221,3016,Savings,17899.9,2025-09-12
3222,3016,CD,20709.68,2025-10-11
3223,3017,Checking,17553.79,2024-06-03
3224,3018,Checking,13565.62,2026-01-12
3225,3019,Savings,20517.92,2024-08-03
3226,3022,Checking,7752.68,2023-02-21
3227,3022,Savings,74327.69,2025-05-13
3228,3025,Checking,9223.27,2025-09-28
3229,3026,Checking,12863.9,2023-10-16
3230,3027,Checking,5178.25,2026-02-23
3231,3027,Savings,12737.6,2026-04-29
3232,3030,CD,44153.47,2023-01-20
3233,3031,Checking,2292.36,2024-06-28
3234,3033,Savings,22902.2,2026-02-19
3235,3035,Savings,4512.46,2026-02-09
3236,3035,Checking,4859.19,2026-04-29
3237,3035,CD,57506.78,2026-02-05
3238,3038,Checking,17929.22,2026-05-24
3239,3038,CD,93923.26,2026-06-14
3240,3041,Checking,3249.92,2013-02-26
3241,3042,Checking,3382.5,2022-10-21
3242,3043,CD,36907.28,2020-08-16
3243,3043,Savings,3336.61,2025-03-23
3244,3044,CD,29901.0,2024-12-16
3245,3044,Checking,3976.64,2023-11-11
3246,3044,Savings,5846.25,2020-04-23
3247,3045,CD,30369.54,2026-04-23
3248,3045,Savings,14199.4,2026-05-12
3249,3045,Checking,12977.69,2024-01-03
3250,3046,Savings,17562.27,2023-06-13
3251,3047,CD,10656.68,2023-11-14
3252,3049,Savings,21486.4,2026-06-10
3253,3049,Checking,3877.77,2026-05-29
3254,3049,CD,39635.15,2026-05-14
3255,3051,Checking,1992.83,2025-11-28
3256,3054,Savings,22189.66,2024-07-01
3257,3054,Checking,16098.18,2026-04-24
3258,3055,Checking,7853.67,2020-01-17
3259,3058,Savings,10755.12,2025-12-13
3260,3058,Checking,3893.72,2025-12-12
3261,3060,Savings,7508.56,2026-03-17
3262,3060,Checking,8216.15,2023-08-25
3263,3060,CD,51194.99,2024-02-24
3264,3064,Checking,1250.55,2000-02-06
3265,3064,Savings,2661.53,2006-05-16
3266,3065,Savings,25041.29,2026-06-23
3267,3067,CD,7418.41,2026-04-13
3268,3069,Checking,7922.37,2026-05-14
3269,3069,CD,8071.61,2026-06-24
3270,3069,Savings,10435.01,2024-08-12
3271,3072,Checking,1371.78,2024-09-06
3272,3072,CD,13710.49,2020-02-02
3273,3072,Savings,3980.87,2023-06-22
3274,3075,Checking,3440.82,2025-11-30
3275,3077,CD,5667.42,2026-06-29
3276,3077,Checking,4706.77,2026-05-13
3277,3078,Checking,3285.39,2025-10-18
3278,3078,CD,15200.47,2026-02-14
3279,3079,Checking,4369.04,2026-02-26
3280,3080,Savings,21837.86,2026-01-28
3281,3080,Checking,2151.24,2026-02-08
3282,3081,Savings,21667.43,2024-02-05
3283,3081,CD,28326.28,2020-10-26
3284,3082,Savings,6084.51,2026-03-03
3285,3083,CD,211597.14,2026-06-14
3286,3083,Checking,44305.81,2026-03-09
3287,3084,Checking,5845.17,2024-09-26
3288,3086,Savings,6001.29,2025-10-12
3289,3088,Savings,14228.66,2025-06-22
3290,3088,Checking,6178.24,2025-04-23
3291,3088,CD,11472.88,2021-10-05
3292,3090,Savings,8117.83,2025-02-14
3293,3091,Savings,17722.58,2025-10-30
3294,3091,Checking,1421.51,2026-04-01
3295,3091,CD,15187.34,2026-01-04
3296,3093,Savings,16166.96,2021-04-13
3297,3094,Checking,11103.64,2025-10-02
3298,3095,Checking,879.86,2025-11-25
3299,3095,CD,11215.8,2026-02-11
3300,3099,Savings,10874.94,2026-05-24
3301,3100,CD,82156.51,2025-10-27
3302,3100,Savings,23451.03,2025-06-01
3303,3100,Checking,5201.6,2025-11-18
3304,3101,CD,8887.19,2016-03-05
3305,3102,CD,192956.85,2026-03-27
3306,3103,Checking,2008.53,2025-12-05
3307,3103,Savings,5973.88,2020-10-12
3308,3104,Savings,4201.33,2026-04-02
3309,3104,Checking,2169.94,2025-10-17
3310,3104,CD,25607.86,2025-05-17
3311,3105,Checking,1660.01,2023-08-08
3312,3106,Savings,15190.77,2025-10-18
3313,3106,Checking,22412.37,2026-03-17
3314,3106,CD,146253.38,2025-12-01
3315,3107,Savings,11868.83,2025-03-06
3316,3107,Checking,9821.1,2024-10-24
3317,3111,Checking,2088.84,2026-06-10
3318,3113,Checking,5092.45,2025-06-24
3319,3114,Savings,5182.1,2025-04-01
3320,3115,CD,2054.96,2026-03-11
3321,3116,Checking,3480.46,2025-05-28
3322,3118,Checking,3250.97,2025-11-25
3323,3119,Savings,22640.16,2025-10-06
3324,3120,Savings,10445.98,2016-02-17
3325,3122,CD,4422.05,2014-03-27
3326,3124,CD,26755.33,2026-05-14
3327,3124,Checking,874.15,2026-01-04
3328,3125,Checking,9516.46,2019-12-21
3329,3125,CD,12847.56,2024-06-18
3330,3126,CD,107550.18,2019-06-01
3331,3127,CD,24581.78,2024-10-03
3332,3127,Savings,10560.32,2026-03-17
3333,3128,Savings,13278.29,2025-07-07
3334,3129,Checking,4748.76,2025-11-17
3335,3129,Savings,18369.49,2025-11-18
3336,3133,Checking,5389.8,2023-07-03
3337,3135,Checking,1016.91,2025-07-27
3338,3135,Savings,14193.35,2025-11-01
3339,3137,CD,20563.23,2026-06-08
3340,3139,CD,50991.15,2025-12-12
3341,3140,Savings,64000.15,2025-08-03
3342,3141,CD,13253.49,2023-05-30
3343,3141,Checking,1460.42,2024-03-03
3344,3141,Savings,21358.53,2026-01-06
3345,3142,Savings,5618.4,2025-07-11
3346,3143,Savings,22135.05,2025-02-11
3347,3145,Savings,12565.02,2024-12-26
3348,3145,CD,49338.95,2025-09-19
3349,3147,Savings,24991.7,2025-03-06
3350,3147,Checking,5072.01,2021-10-26
3351,3148,Checking,9939.22,2023-01-28
3352,3149,CD,8618.22,2026-04-07
3353,3149,Savings,2181.91,2024-09-02
3354,3151,Checking,3248.8,2026-02-17
3355,3151,CD,42058.78,2025-06-11
3356,3152,CD,429634.75,2023-12-18
3357,3152,Savings,59122.63,2025-06-26
3358,3152,Checking,33208.19,2024-09-23
3359,3154,CD,48439.97,2021-03-12
3360,3155,Checking,24799.63,2025-07-11
3361,3157,Checking,12617.46,2025-08-01
3362,3157,Savings,28612.95,2025-05-19
3363,3158,Savings,7133.56,2026-01-01
3364,3159,Checking,3308.75,2025-07-05
3365,3159,Savings,5394.96,2025-01-11
3366,3161,Checking,7955.58,2023-06-19
3367,3163,CD,18004.33,2021-04-07
3368,3164,Checking,3545.55,2025-12-06
3369,3164,CD,46798.25,2026-03-17
3370,3167,CD,19931.27,2024-12-18
3371,3172,CD,183262.61,2025-06-16
3372,3172,Savings,40246.56,2025-03-11
3373,3172,Checking,42249.11,2026-04-03
3374,3173,Checking,2996.82,2026-03-13
3375,3174,Savings,5546.02,2010-09-06
3376,3174,Checking,3020.17,2009-09-03
3377,3175,Checking,4144.02,2023-11-02
3378,3175,Savings,9261.04,2016-05-24
3379,3177,CD,34540.85,2024-05-22
3380,3178,CD,11060.06,2025-05-20
3381,3179,CD,18312.28,2023-03-12
3382,3179,Savings,13280.73,2026-04-17
3383,3180,Checking,6334.01,2025-07-09
3384,3180,CD,9287.82,2025-06-05
3385,3181,Savings,5993.48,2016-05-01
3386,3181,CD,59992.17,2024-12-14
3387,3183,Checking,2072.15,2021-06-07
3388,3183,Savings,29641.04,2020-06-04
3389,3183,CD,11680.18,2026-06-04
3390,3185,Checking,7499.26,2023-09-02
3391,3187,CD,23538.08,2019-02-18
3392,3188,CD,38441.04,2021-02-02
3393,3191,Checking,4785.4,2023-08-24
3394,3191,CD,15844.8,2023-10-15
3395,3192,Savings,5425.02,2026-05-29
3396,3192,Checking,10698.21,2026-04-27
3397,3194,Checking,4563.66,2026-06-20
3398,3195,Checking,5854.73,2024-08-27
3399,3196,Savings,5523.73,2023-03-12
3400,3196,Checking,4120.1,2025-01-21
3401,3197,Checking,7159.97,2025-03-04
3402,3198,Savings,4529.08,2025-09-09
3403,3198,CD,5776.95,2025-01-24
3404,3198,Checking,5052.7,2022-03-31
3405,3199,CD,26352.43,2023-11-09
3406,3200,CD,46472.22,2019-06-25
3407,3201,Savings,11017.35,2022-04-17
3408,3202,CD,9065.23,2026-01-12
3409,3202,Savings,7567.49,2025-12-30
3410,3203,Savings,21541.0,2017-07-16
3411,3204,CD,11033.12,2025-06-30
3412,3205,CD,14456.5,2005-06-07
3413,3206,CD,12739.8,2022-02-28
3414,3206,Checking,1210.97,2015-07-11
3415,3207,Savings,11182.23,2022-04-05
3416,3208,Savings,9385.47,2026-04-29
3417,3208,CD,13147.99,2026-05-24
3418,3209,Savings,22750.6,2025-09-05
3419,3211,Checking,2853.56,2025-08-19
3420,3211,CD,10634.48,2024-11-10
3421,3213,Checking,13678.6,2026-02-21
3422,3214,Checking,3363.23,2026-03-04
3423,3214,Savings,13916.03,2022-11-11
3424,3215,Savings,14396.6,2025-08-10
3425,3216,Checking,3869.53,2025-08-27
3426,3218,CD,13547.04,2025-06-23
3427,3219,Savings,107821.0,2014-10-10
3428,3221,CD,26032.26,2026-01-20
3429,3221,Savings,3166.42,2025-11-27
3430,3223,CD,11764.82,2021-03-07
3431,3227,Checking,3551.0,2023-09-19
3432,3228,Savings,17441.84,2018-12-21
3433,3228,CD,26390.57,2023-06-23
3434,3230,Savings,1859.68,2025-08-24
3435,3232,CD,24018.14,2026-05-18
3436,3232,Savings,11510.64,2026-05-18
3437,3233,Checking,7472.16,2026-05-14
3438,3233,CD,33248.82,2024-03-01
3439,3235,CD,29043.09,2026-05-13
3440,3235,Checking,14383.4,2026-04-15
3441,3236,Savings,27682.02,2023-08-10
3442,3237,CD,12493.51,2020-04-18
3443,3238,Savings,14650.36,2026-05-05
3444,3239,Checking,6468.68,2022-01-02
3445,3240,CD,13301.38,2025-02-04
3446,3241,CD,32469.78,2012-01-27
3447,3242,CD,31595.54,2022-08-22
3448,3242,Checking,4755.35,2026-05-29
3449,3243,Savings,25858.83,2019-09-12
3450,3243,Checking,11219.15,2016-07-16
3451,3244,CD,41849.61,2023-09-01
3452,3245,Savings,11024.66,2023-01-20
3453,3246,CD,8196.41,2024-06-26
3454,3248,CD,27053.94,2026-05-12
3455,3248,Savings,14299.69,2026-02-22
3456,3249,CD,73790.54,2022-10-01
3457,3250,Savings,12874.17,2018-10-01
3458,3253,Checking,4097.93,2025-09-01
3459,3253,CD,36928.58,2024-01-11
3460,3256,Savings,12427.78,2026-04-20
3461,3256,Checking,16380.86,2026-04-09
3462,3257,Savings,9561.79,2026-03-23
3463,3257,Checking,17380.34,2025-10-09
3464,3258,CD,12692.4,2026-04-30
3465,3260,Checking,8738.07,2026-02-18
3466,3261,CD,43314.05,2026-01-26
3467,3261,Savings,5858.92,2024-07-10
3468,3262,Checking,3949.16,2016-08-02
3469,3262,CD,27278.33,2019-09-26
3470,3263,CD,21359.34,2019-06-20
3471,3263,Checking,2116.78,2023-06-25
3472,3263,Savings,7166.01,2015-07-25
3473,3264,Checking,6949.14,2022-12-28
3474,3265,Savings,33318.72,2021-08-12
3475,3266,Checking,4626.83,2025-10-23
3476,3266,CD,24998.17,2025-11-22
3477,3268,Checking,11674.31,2024-11-04
3478,3269,CD,81143.55,2026-04-21
3479,3269,Savings,24920.99,2026-05-10
3480,3271,CD,7241.69,2014-11-04
3481,3272,Savings,12661.4,2019-10-10
3482,3273,CD,20365.98,2026-03-19
3483,3274,CD,198389.13,2019-08-05
3484,3275,CD,115954.28,2020-03-01
3485,3276,CD,13577.32,2014-11-14
3486,3276,Savings,14467.5,2018-10-14
3487,3278,Savings,8775.18,2023-11-12
3488,3278,Checking,3953.02,2022-12-23
3489,3281,Savings,22382.55,2026-05-03
3490,3281,CD,12713.0,2026-06-11
3491,3281,Checking,2586.73,2026-06-17
3492,3283,Checking,6626.39,2017-10-16
3493,3283,Savings,88929.76,2025-05-10
3494,3284,Savings,4858.6,2023-08-13
3495,3284,CD,14075.26,2026-04-23
3496,3286,CD,12979.93,2022-10-28
3497,3287,CD,32027.48,2026-02-28
3498,3291,Savings,7057.31,2024-05-22
3499,3291,CD,33061.5,2022-12-16
3500,3292,CD,14187.07,2025-02-26
3501,3292,Checking,2744.69,2021-12-03
3502,3293,Checking,8884.62,2022-04-14
3503,3294,CD,16409.82,2025-08-26
3504,3294,Checking,5061.42,2025-07-02
3505,3295,Savings,15921.75,2018-10-02
3506,3295,CD,25060.18,2020-10-29
3507,3297,CD,19447.15,2026-01-15
3508,3299,Savings,58404.25,2026-05-24
3509,3299,Checking,2496.23,2026-02-12
3510,3301,Checking,11082.81,2023-07-12
3511,3302,Checking,3059.71,2025-02-08
3512,3302,Savings,25215.47,2025-02-14
3513,3302,CD,34797.53,2025-06-18
3514,3304,Checking,4851.48,2026-03-23
3515,3306,CD,16942.06,2026-05-14
3516,3307,Checking,3312.65,2025-01-29
3517,3308,Checking,8890.75,2025-06-01
3518,3313,CD,46235.03,2026-01-18
3519,3314,CD,17592.02,2025-09-10
3520,3314,Checking,7125.16,2025-08-13
3521,3317,Savings,12880.14,2026-05-23
3522,3317,CD,6218.68,2026-06-20
3523,3318,CD,11777.16,2021-03-06
3524,3318,Savings,3953.85,2023-04-10
3525,3322,Savings,13780.97,2026-04-05
3526,3322,Checking,5373.66,2026-03-11
3527,3323,CD,11185.29,2025-12-07
3528,3323,Checking,6245.32,2025-11-24
3529,3323,Savings,19350.02,2025-04-18
3530,3325,Savings,19530.31,2017-04-26
3531,3325,CD,6572.56,2011-08-15
3532,3325,Checking,1986.22,2012-11-16
3533,3326,Savings,10201.92,2026-06-23
3534,3326,Checking,5329.75,2025-09-22
3535,3327,Checking,12754.64,2023-03-11
3536,3328,CD,53778.2,2026-05-29
3537,3329,Savings,96571.36,2019-07-06
3538,3332,Checking,6659.02,2023-01-27
3539,3333,Savings,3636.59,2010-06-18
3540,3334,Checking,4646.61,2026-01-23
3541,3334,Savings,10192.64,2026-06-17
3542,3335,Checking,12577.24,2025-07-01
3543,3338,Checking,8948.91,2024-04-23
3544,3338,CD,27714.4,2022-03-18
3545,3341,Checking,1237.69,2022-08-27
3546,3341,Savings,5941.6,2026-05-21
3547,3342,CD,19664.31,2012-07-10
3548,3344,CD,74359.64,2025-12-22
3549,3346,Savings,2972.34,2026-01-14
3550,3348,Checking,14052.25,2025-09-14
3551,3349,Checking,9952.1,2026-03-27
3552,3351,CD,94138.08,2025-11-18
3553,3354,Checking,2838.56,2023-09-23
3554,3355,Checking,4305.75,2025-10-21
3555,3355,Savings,15205.11,2025-12-04
3556,3356,CD,28816.43,2024-12-28
3557,3356,Checking,2252.64,2024-01-26
3558,3356,Savings,9895.8,2023-08-02
3559,3358,CD,10685.3,2014-07-10
3560,3358,Checking,724.55,2015-11-26
3561,3359,Savings,36603.4,2023-11-14
3562,3360,Checking,13147.39,2025-01-15
3563,3362,Checking,4947.92,2021-03-05
3564,3362,CD,40181.54,2023-12-03
3565,3363,Savings,79959.79,2026-05-15
3566,3364,Savings,26871.31,2026-03-27
3567,3367,CD,30007.35,2026-04-26
3568,3367,Checking,2523.96,2026-05-05
3569,3370,Savings,20100.25,2013-02-03
3570,3370,CD,13855.58,2018-01-08
3571,3371,Savings,27707.97,2019-05-15
3572,3373,Savings,8767.17,2022-02-22
3573,3375,Savings,7154.04,2026-02-18
3574,3376,Savings,13612.3,2024-10-15
3575,3376,CD,15516.5,2025-11-16
3576,3377,Checking,8181.21,2026-04-20
3577,3379,Savings,38932.02,2025-08-04
3578,3380,Checking,7287.1,2024-02-28
3579,3380,CD,22679.2,2020-09-07
3580,3381,CD,13503.28,2024-01-15
3581,3381,Checking,5581.5,2026-01-07
3582,3381,Savings,16078.98,2023-01-15
3583,3382,Checking,29534.48,2023-05-05
3584,3382,CD,67688.64,2017-12-07
3585,3383,Savings,26639.43,2025-10-24
3586,3384,Checking,4399.05,2024-05-04
3587,3385,CD,1798.8,2024-11-14
3588,3386,Savings,11656.55,2025-12-29
3589,3387,Savings,27977.32,2026-04-13
3590,3387,CD,113674.37,2025-06-27
3591,3388,Checking,7898.71,2018-10-11
3592,3391,CD,35511.86,2018-06-19
3593,3391,Savings,21094.83,2016-12-31
3594,3398,CD,49122.08,2025-12-01
3595,3401,CD,36229.02,2026-06-18
3596,3401,Checking,6508.65,2026-06-25
3597,3401,Savings,7772.06,2026-06-28
3598,3404,CD,88098.91,2024-01-19
3599,3404,Checking,14021.76,2021-12-14
3600,3406,Checking,18648.16,2024-09-09
3601,3408,Checking,1392.07,2022-12-02
3602,3408,Savings,8739.73,2024-11-22
3603,3409,Savings,12827.87,2024-12-18
3604,3411,Savings,9863.27,2026-01-04
3605,3412,Checking,926.33,2017-05-08
3606,3412,Savings,27073.72,2019-06-20
3607,3413,Savings,4653.6,2020-11-11
3608,3414,Checking,5535.43,2024-12-12
3609,3415,Checking,6122.42,2026-04-29
3610,3417,Savings,15103.85,2025-08-20
3611,3417,CD,14659.26,2026-05-27
3612,3418,CD,25593.39,2022-11-02
3613,3421,Checking,5605.77,2022-04-06
3614,3423,Checking,6233.13,2025-12-31
3615,3423,CD,42917.07,2026-02-04
3616,3423,Savings,23898.08,2026-06-23
3617,3424,Savings,7958.99,2026-06-19
3618,3424,Checking,3048.78,2026-06-12
3619,3424,CD,25914.38,2026-06-15
3620,3425,CD,39528.37,2025-10-29
3621,3425,Checking,2678.16,2026-06-25
3622,3426,Checking,8260.81,2024-06-10
3623,3427,CD,17752.81,2025-11-06
3624,3427,Checking,1150.54,2025-04-24
3625,3428,Checking,2242.6,2022-04-09
3626,3429,Savings,5290.27,2025-04-15
3627,3430,Checking,2602.55,2023-12-04
3628,3431,Checking,6251.84,2022-09-01
3629,3432,Savings,25998.19,2022-09-09
3630,3432,Checking,11744.71,2026-06-24
3631,3434,CD,60282.05,2024-01-04
3632,3435,CD,13794.71,2025-04-08
3633,3436,Savings,11390.25,2020-06-16
3634,3436,Checking,3712.6,2019-09-07
3635,3437,CD,4503.55,2025-12-31
3636,3439,CD,4478.25,2026-04-25
3637,3439,Savings,4961.72,2025-12-02
3638,3439,Checking,4286.71,2025-06-13
3639,3440,Checking,2937.99,2025-07-07
3640,3440,Savings,101036.65,2025-04-16
3641,3442,Checking,84789.18,2026-03-24
3642,3446,Savings,6533.01,2025-12-19
3643,3446,CD,50493.39,2025-11-18
3644,3447,CD,146267.48,2026-06-15
3645,3447,Savings,57045.54,2026-04-25
3646,3448,CD,43066.86,2022-06-19
3647,3449,CD,35648.7,2025-09-27
3648,3452,CD,56025.19,2026-04-17
3649,3454,CD,80661.64,2024-11-03
3650,3455,Savings,12315.46,2025-03-29
3651,3456,Checking,1329.02,2026-06-15
3652,3456,CD,63093.09,2025-11-03
3653,3457,Savings,26556.85,2022-10-30
3654,3458,Checking,7629.22,2022-10-02
3655,3458,Savings,9728.19,2020-11-03
3656,3460,Checking,3392.26,2025-08-26
3657,3463,Savings,1818.7,2012-08-03
3658,3465,CD,33286.38,2026-03-12
3659,3465,Savings,14376.46,2024-11-28
3660,3466,Checking,32693.85,2026-05-13
3661,3466,CD,80080.94,2026-04-25
3662,3466,Savings,92553.94,2026-05-18
3663,3467,Checking,9365.34,2017-12-19
3664,3468,CD,61329.69,2026-03-30
3665,3469,CD,21668.97,2026-04-19
3666,3470,Savings,48223.08,2023-01-13
3667,3470,Checking,13451.82,2024-06-25
3668,3471,Savings,2614.94,2015-08-24
3669,3471,Checking,2520.77,2019-05-03
3670,3472,Checking,11198.74,2025-05-31
3671,3473,Checking,6172.58,2026-01-16
3672,3473,CD,24451.68,2025-09-30
3673,3473,Savings,5605.76,2026-04-22
3674,3474,Checking,29973.78,2026-04-10
3675,3478,CD,21921.76,2020-04-06
3676,3482,Savings,21100.09,2026-06-25
3677,3483,CD,48461.35,2024-08-08
3678,3483,Savings,6196.65,2022-07-28
3679,3484,Checking,21639.29,2025-03-09
3680,3485,CD,17172.99,2026-02-01
3681,3486,Savings,9042.05,2026-06-16
3682,3488,CD,82689.07,2015-09-15
3683,3488,Checking,6276.8,2013-07-01
3684,3489,Savings,15345.01,2026-02-22
3685,3489,Checking,2286.86,2026-05-10
3686,3489,CD,43068.05,2026-06-17
3687,3490,Checking,40620.79,2022-02-10
3688,3491,Checking,2633.21,2022-05-08
3689,3492,CD,72426.46,2025-01-25
3690,3492,Savings,23749.1,2025-10-09
3691,3493,CD,28272.3,2024-01-13
3692,3494,Checking,54757.22,2024-12-22
3693,3494,Savings,79906.44,2025-10-15
3694,3494,CD,13884.02,2025-04-09
3695,3495,Checking,3585.11,2025-11-08
3696,3496,CD,12079.51,2026-02-03
3697,3497,CD,17651.77,2026-05-11
3698,3497,Savings,17358.06,2024-12-28
3699,3498,Savings,3729.65,2026-05-31
3700,3500,Checking,2466.43,2020-02-13
3701,3500,CD,58248.11,2022-03-11
3702,3501,Checking,5594.19,2016-03-10
3703,3502,Checking,1411.68,2025-10-25
3704,3502,Savings,19336.22,2025-04-14
3705,3503,Savings,13070.9,2022-12-21
3706,3504,Checking,1848.38,2026-05-25
3707,3505,Savings,8000.13,2023-12-17
3708,3505,Checking,9786.99,2023-10-20
3709,3506,Savings,16937.57,2016-01-04
3710,3506,CD,67422.32,2015-11-24
3711,3507,CD,65283.34,2025-09-08
3712,3507,Savings,16047.98,2025-11-10
3713,3509,CD,35649.12,2026-04-23
3714,3509,Checking,1998.91,2025-10-27
3715,3511,Checking,2879.44,2025-03-31
3716,3511,Savings,11284.89,2024-05-15
3717,3511,CD,17594.7,2024-10-25
3718,3513,CD,261582.69,2025-07-27
3719,3514,CD,23688.41,2026-03-21
3720,3514,Checking,3092.79,2024-05-07
3721,3515,CD,7176.77,2024-10-26
3722,3516,CD,29907.93,2026-06-16
3723,3516,Savings,11726.96,2024-11-25
3724,3517,CD,20914.89,2026-04-26
3725,3518,Savings,12987.46,2025-07-20
3726,3520,CD,51514.05,2024-11-11
3727,3521,CD,85677.91,2023-08-15
3728,3522,CD,22383.29,2022-06-08
3729,3522,Savings,6169.96,2026-06-17
3730,3525,CD,98422.06,2026-06-15
3731,3525,Savings,43396.78,2020-04-05
3732,3526,CD,74300.45,2026-01-12
3733,3526,Checking,4836.63,2025-09-21
3734,3528,Savings,13010.45,2026-06-16
3735,3528,Checking,4811.18,2026-06-18
3736,3528,CD,9654.24,2026-04-12
3737,3529,CD,3720.84,2025-07-12
3738,3529,Checking,3582.13,2025-08-09
3739,3530,Checking,13729.1,2024-08-21
3740,3530,CD,82070.38,2024-08-16
3741,3530,Savings,74041.2,2025-02-25
3742,3531,Savings,9739.66,2025-12-21
3743,3531,CD,16091.39,2026-04-06
3744,3532,Checking,7863.73,2025-08-28
3745,3532,CD,86021.89,2025-01-23
3746,3533,CD,14388.84,2025-02-13
3747,3533,Checking,12667.18,2026-04-04
3748,3537,Savings,6636.01,2026-06-05
3749,3537,Checking,6069.8,2026-05-27
3750,3540,CD,26669.97,2026-04-21
3751,3541,Savings,2774.33,2024-01-19
3752,3541,CD,80596.5,2025-07-01
3753,3542,CD,9527.32,2020-12-28
3754,3542,Savings,21280.06,2021-12-20
3755,3542,Checking,4633.43,2026-06-12
3756,3544,Savings,12063.62,2019-07-01
3757,3544,CD,9189.85,2025-07-06
3758,3545,Checking,4709.42,2025-07-25
3759,3545,CD,35637.05,2025-06-21
3760,3546,CD,26193.2,2025-03-03
3761,3547,CD,25038.19,2025-06-20
3762,3549,CD,31909.66,2026-01-01
3763,3550,CD,89818.32,2024-03-18
3764,3551,Savings,4764.0,2026-05-10
3765,3553,Checking,339.05,2025-11-25
3766,3554,Savings,6388.38,2025-01-09
3767,3554,CD,7383.88,2023-09-06
3768,3555,CD,15422.94,2018-07-13
3769,3556,CD,48805.46,2024-10-28
3770,3557,CD,72112.57,2025-08-31
3771,3557,Savings,5048.26,2022-02-22
3772,3558,Savings,63246.21,2023-04-16
3773,3558,Checking,4661.04,2024-08-25
3774,3559,Savings,14274.84,2026-04-16
3775,3559,CD,10876.36,2026-05-25
3776,3560,Checking,5268.31,2025-11-14
3777,3560,CD,12020.8,2024-02-23
3778,3563,CD,14375.71,2024-10-02
3779,3567,CD,15075.25,2022-04-26
3780,3567,Checking,1820.28,2017-08-01
3781,3567,Savings,4172.19,2023-03-23
3782,3568,Checking,5218.2,2025-04-26
3783,3569,Savings,39563.65,2025-05-19
3784,3573,Savings,6658.18,2025-01-31
3785,3574,Checking,4969.35,2024-06-13
3786,3578,Checking,5208.96,2025-12-02
3787,3579,Checking,3326.58,2022-02-08
3788,3579,Savings,1704.17,2024-03-15
3789,3580,Savings,24262.21,2026-05-06
3790,3581,CD,32246.48,2024-11-26
3791,3582,Savings,1015.33,2020-10-13
3792,3583,Savings,10036.39,2026-05-10
3793,3584,Checking,8546.13,2024-10-17
3794,3584,Savings,30153.58,2024-03-13
3795,3586,Savings,10194.14,2020-12-14
3796,3591,CD,21057.31,2023-01-23
3797,3593,CD,59888.03,2010-07-16
3798,3594,Savings,12016.96,2025-01-08
3799,3595,CD,25934.1,2026-06-10
3800,3595,Checking,2221.98,2026-06-12
3801,3596,CD,1462.21,2022-02-10
3802,3598,Checking,4324.79,2026-06-16
3803,3599,Savings,15039.97,2024-02-10
3804,3599,Checking,9606.48,2022-07-11
3805,3600,CD,31623.36,2024-02-10
3806,3603,Savings,4573.84,2019-07-27
3807,3603,Checking,5166.43,2023-03-04
3808,3605,Savings,20665.18,2014-09-29
3809,3607,Checking,28385.38,2024-11-30
3810,3608,CD,18569.66,2025-11-13
3811,3609,Savings,46808.32,2025-07-05
3812,3611,Savings,11765.4,2026-03-05
3813,3612,Savings,18069.16,2025-12-07
3814,3614,Checking,548.29,2026-05-10
3815,3614,Savings,3292.28,2024-12-21
3816,3615,CD,9274.74,2026-05-11
3817,3615,Savings,4403.56,2025-10-19
3818,3616,Checking,6084.4,2023-11-21
3819,3617,Savings,7442.08,2024-06-15
3820,3617,Checking,8913.65,2024-12-10
3821,3618,CD,6281.24,2026-05-20
3822,3618,Savings,54353.54,2026-05-31
3823,3618,Checking,3416.21,2026-03-16
3824,3620,Checking,18937.62,2026-06-08
3825,3620,CD,71433.42,2026-06-17
3826,3621,Checking,4706.68,2025-10-28
3827,3621,CD,30359.45,2025-11-24
3828,3623,CD,46441.52,2024-05-24
3829,3623,Checking,3243.19,2024-10-02
3830,3624,Savings,5829.7,2025-04-20
3831,3624,Checking,5326.32,2026-05-28
3832,3626,Checking,2138.67,2019-01-30
3833,3627,Savings,5774.38,2024-04-14
3834,3627,CD,10976.59,2023-07-30
3835,3629,Savings,10247.4,2025-07-29
3836,3629,CD,50819.42,2025-12-11
3837,3630,Checking,4515.64,2016-12-17
3838,3630,CD,35471.39,2020-04-12
3839,3632,CD,21898.53,2023-05-24
3840,3632,Savings,10029.4,2024-06-06
3841,3633,CD,13778.99,2024-01-15
3842,3634,Checking,8105.09,2025-08-02
3843,3634,CD,26165.97,2025-03-29
3844,3637,Checking,7323.44,2026-02-19
3845,3637,CD,160092.19,2026-04-08
3846,3637,Savings,178652.86,2025-12-11
3847,3639,Checking,6546.2,2016-01-26
3848,3640,Savings,6077.58,2025-10-16
3849,3643,Savings,15998.48,2026-01-11
3850,3645,Checking,10867.31,2024-07-07
3851,3645,Savings,31837.08,2024-07-30
3852,3647,CD,57157.78,2025-07-06
3853,3647,Savings,54287.8,2023-06-01
3854,3648,CD,10263.52,2024-12-05
3855,3648,Savings,9951.5,2026-05-09
3856,3649,Savings,8154.45,2026-05-14
3857,3651,CD,80420.88,2017-07-01
3858,3653,Savings,7515.48,2024-05-19
3859,3654,CD,60695.84,2025-03-23
3860,3655,Checking,2218.44,2025-09-02
3861,3655,CD,27362.26,2024-03-14
3862,3655,Savings,10733.09,2024-09-17
3863,3657,CD,53634.93,2026-01-30
3864,3659,Savings,19599.53,2024-05-10
3865,3660,CD,17306.71,2026-06-12
3866,3662,Savings,23888.32,2026-02-13
3867,3663,CD,45067.24,2025-03-21
3868,3663,Savings,20434.0,2022-03-04
3869,3664,CD,6356.4,2010-01-11
3870,3666,CD,8823.13,2026-05-14
3871,3668,Checking,4201.1,2025-08-07
3872,3669,CD,30052.05,2026-05-24
3873,3669,Savings,9167.89,2026-01-14
3874,3671,Checking,4060.14,2023-10-20
3875,3673,CD,26391.58,2024-11-23
3876,3674,CD,47056.76,2026-06-16
3877,3677,CD,89994.94,2025-12-03
3878,3680,Checking,8285.05,2025-05-12
3879,3681,Checking,1651.1,2023-11-10
3880,3682,Savings,42279.26,2021-06-10
3881,3682,Checking,1231.95,2023-10-13
3882,3686,CD,23429.11,2024-01-08
3883,3686,Savings,2296.78,2024-12-06
3884,3686,Checking,2981.53,2023-09-28
3885,3687,Checking,27446.19,2025-05-01
3886,3689,CD,12305.15,2022-04-18
3887,3690,Savings,12526.18,2019-10-16
3888,3690,Checking,6782.96,2014-10-20
3889,3691,CD,17631.19,2020-08-11
3890,3691,Savings,7955.57,2024-11-19
3891,3694,Savings,52491.72,2025-07-20
3892,3694,CD,94001.85,2024-12-23
3893,3695,Checking,2723.76,2020-12-03
3894,3696,Checking,4210.44,2022-04-21
3895,3696,Savings,21128.31,2022-08-24
3896,3697,CD,8844.67,2023-05-13
3897,3697,Checking,3283.32,2023-10-08
3898,3700,Savings,7697.29,2021-01-29
3899,3702,CD,52006.59,2025-04-13
3900,3702,Checking,5601.5,2016-09-11
3901,3703,Savings,7466.95,2025-12-23
3902,3703,Checking,10154.7,2025-08-20
3903,3703,CD,10822.5,2026-01-18
3904,3704,CD,12170.14,2025-12-25
3905,3705,Savings,26155.82,2026-02-22
3906,3706,CD,40940.86,2013-02-22
3907,3706,Checking,1470.02,2019-03-04
3908,3706,Savings,8960.64,2006-10-23
3909,3708,CD,15444.15,2023-01-17
3910,3708,Savings,16413.48,2023-10-03
3911,3709,Checking,1752.36,2021-11-27
3912,3710,Savings,25430.51,2026-05-08
3913,3711,Savings,10499.02,2023-02-11
3914,3713,Savings,20865.59,2017-09-24
3915,3715,Checking,7208.85,2025-12-08
3916,3715,Savings,10065.42,2025-12-01
3917,3719,CD,4418.98,2026-05-01
3918,3720,Savings,75873.3,2017-01-29
3919,3721,Savings,6343.43,2023-04-06
3920,3722,Checking,4280.98,2018-10-13
3921,3725,CD,16180.8,2012-04-04
3922,3727,CD,29820.7,2026-03-12
3923,3728,Savings,8544.77,2026-05-12
3924,3728,CD,45598.04,2025-12-14
3925,3728,Checking,1590.78,2026-03-12
3926,3729,Savings,22833.17,2026-05-17
3927,3730,Savings,10842.8,2025-02-01
3928,3730,Checking,1460.69,2026-03-25
3929,3732,Checking,23074.44,2023-03-28
3930,3732,CD,62705.98,2025-03-04
3931,3732,Savings,54249.3,2026-05-08
3932,3733,CD,7737.22,2025-08-13
3933,3733,Savings,3408.54,2022-08-05
3934,3734,Checking,2077.26,2019-05-29
3935,3735,CD,21491.02,2026-05-14
3936,3735,Checking,11840.25,2025-05-17
3937,3735,Savings,19152.64,2025-11-03
3938,3738,Savings,5335.97,2025-12-16
3939,3738,Checking,4869.23,2026-03-08
3940,3739,Checking,12913.35,2024-02-21
3941,3739,Savings,11372.67,2026-02-13
3942,3739,CD,141075.42,2025-10-05
3943,3740,Checking,6221.83,2025-01-06
3944,3741,Savings,12015.43,2025-12-05
3945,3743,Checking,4444.05,2023-06-20
3946,3744,Savings,21655.47,2018-11-24
3947,3744,CD,72838.36,2024-05-16
3948,3748,Savings,9268.22,2023-10-03
3949,3749,Savings,5209.75,2023-01-02
3950,3750,CD,31895.01,2013-08-17
3951,3750,Checking,1391.86,2017-11-05
3952,3751,CD,9741.61,2025-10-09
3953,3751,Checking,3592.69,2019-10-03
3954,3752,Checking,1040.52,2025-04-30
3955,3752,Savings,26274.67,2024-07-26
3956,3754,Checking,5808.31,2025-11-06
3957,3754,Savings,38119.18,2025-08-18
3958,3756,Checking,17826.87,2023-06-30
3959,3757,Savings,1421.96,2024-07-22
3960,3758,Checking,5567.67,2013-03-22
3961,3758,Savings,9879.75,2013-07-28
3962,3758,CD,62607.83,2017-12-19
3963,3760,CD,66033.47,2026-06-21
3964,3762,Checking,3751.91,2025-07-03
3965,3762,CD,16163.85,2021-10-28
3966,3763,Checking,3319.66,2025-06-18
3967,3763,CD,37581.62,2024-07-06
3968,3764,Savings,4597.91,2025-10-03
3969,3765,Savings,2969.41,2015-07-01
3970,3765,CD,19709.81,2015-07-29
3971,3766,Savings,9504.78,2024-08-31
3972,3767,CD,48653.31,2024-12-09
3973,3767,Savings,14815.9,2025-09-24
3974,3768,Savings,46494.54,2026-03-29
3975,3768,CD,24706.77,2026-05-06
3976,3768,Checking,12425.65,2026-04-16
3977,3769,CD,26427.22,2025-10-03
3978,3770,Savings,14897.0,2026-05-03
3979,3770,Checking,3538.78,2018-01-02
3980,3771,Checking,21303.79,2024-08-14
3981,3771,Savings,51518.22,2021-08-16
3982,3771,CD,72254.05,2024-07-01
3983,3773,Checking,5637.2,2025-10-02
3984,3773,Savings,5993.55,2026-05-10
3985,3774,CD,33879.86,2026-01-19
3986,3775,Checking,6705.79,2025-02-08
3987,3777,Checking,1521.97,2025-09-10
3988,3778,Checking,30405.3,2026-01-15
3989,3779,Checking,5172.14,2025-06-13
3990,3780,Checking,19305.95,2024-11-18
3991,3781,Savings,17195.98,2024-03-29
3992,3781,CD,20335.09,2025-04-26
3993,3784,Checking,11161.62,2025-11-18
3994,3785,CD,20732.34,2023-11-28
3995,3787,Checking,14235.6,2026-06-17
3996,3788,Savings,16472.53,2024-12-17
3997,3789,Checking,4025.32,2025-06-24
3998,3790,Savings,18644.02,2026-04-30
3999,3790,Checking,7224.91,2026-06-24
4000,3790,CD,22061.75,2026-06-14
4001,3791,CD,21512.71,2023-10-20
4002,3792,Savings,4396.53,2026-03-17
4003,3792,CD,27887.36,2023-03-26
4004,3792,Checking,10487.91,2012-12-09
4005,3793,CD,12038.9,2021-06-22
4006,3794,Savings,9911.41,2026-06-11
4007,3795,Checking,9906.18,2026-05-08
4008,3795,Savings,21989.83,2026-06-09
4009,3797,CD,108335.22,2025-10-02
4010,3798,Savings,100498.47,2025-07-12
4011,3798,CD,50053.84,2017-11-19
4012,3798,Checking,4574.0,2026-06-26
4013,3799,Savings,20723.16,2021-11-14
4014,3799,Checking,41778.15,2021-09-12
4015,3800,Savings,20875.02,2026-02-06
4016,3801,Checking,7257.35,2019-11-06
4017,3802,CD,21628.35,2023-05-11
4018,3803,Checking,18031.59,2025-12-30
4019,3805,Checking,1717.89,2025-10-14
4020,3807,Checking,3933.08,2018-07-15
4021,3808,Savings,34507.9,2026-01-07
4022,3808,Checking,1540.25,2026-06-14
4023,3809,Checking,3823.38,2023-01-24
4024,3809,Savings,20927.49,2025-05-05
4025,3810,Checking,4700.35,2026-01-15
4026,3810,Savings,12437.67,2021-03-22
4027,3811,CD,59788.78,2026-01-30
4028,3811,Checking,5242.96,2017-12-08
4029,3811,Savings,13406.23,2019-09-22
4030,3813,Savings,74121.88,2026-02-20
4031,3815,Checking,9488.62,2024-11-02
4032,3815,CD,25328.94,2023-06-26
4033,3816,CD,28621.79,2024-05-16
4034,3816,Checking,8285.36,2022-09-25
4035,3817,Checking,171.05,2023-01-10
4036,3818,Checking,1277.69,2021-03-14
4037,3819,Savings,29527.08,2024-12-20
4038,3819,Checking,25177.51,2025-06-16
4039,3821,Checking,5923.38,2019-06-07
4040,3824,Savings,8058.26,2025-11-15
4041,3825,Savings,15165.11,2025-12-24
4042,3825,CD,9536.04,2025-09-14
4043,3826,Checking,6359.36,2026-03-31
4044,3827,CD,64259.56,2024-10-09
4045,3827,Checking,14830.7,2026-02-01
4046,3828,Savings,23613.44,2026-03-29
4047,3830,CD,21522.32,2019-02-27
4048,3830,Checking,8626.64,2022-01-22
4049,3830,Savings,41636.66,2022-09-10
4050,3831,CD,25502.88,2024-12-10
4051,3833,CD,14195.61,2026-01-20
4052,3835,Checking,6342.2,2022-12-06
4053,3836,Savings,31859.44,2026-01-07
4054,3837,Checking,4870.66,2024-03-27
4055,3837,Savings,6704.54,2022-09-20
4056,3838,Savings,17019.15,2025-11-23
4057,3838,Checking,11387.4,2025-02-07
4058,3839,CD,9367.47,2026-06-21
4059,3839,Savings,11745.11,2023-12-14
4060,3840,Checking,13980.51,2025-01-23
4061,3841,CD,25008.94,2024-11-04
4062,3841,Checking,4896.52,2024-01-07
4063,3842,Savings,4818.44,2021-05-01
4064,3843,Checking,1663.14,2024-05-05
4065,3844,Savings,9258.94,2026-06-03
4066,3845,CD,17497.79,2026-04-19
4067,3845,Savings,18765.05,2025-07-10
4068,3845,Checking,2568.82,2025-07-21
4069,3846,Savings,20004.27,2026-05-08
4070,3846,CD,20897.05,2026-04-09
4071,3847,Savings,2168.67,2025-06-22
4072,3848,Savings,5006.79,2018-04-22
4073,3848,Checking,875.26,2023-09-02
4074,3851,Checking,2396.77,2024-05-25
4075,3851,Savings,21761.98,2016-01-16
4076,3851,CD,10289.17,2018-11-19
4077,3852,Savings,5767.13,2024-12-01
4078,3856,Savings,30965.67,2026-05-18
4079,3858,Checking,2740.96,2021-05-01
4080,3858,CD,3294.24,2024-02-02
4081,3858,Savings,14823.81,2023-06-12
4082,3860,CD,28823.28,2026-05-20
4083,3861,Checking,14245.63,2025-07-12
4084,3861,CD,31178.72,2025-09-15
4085,3862,Checking,9978.25,2025-05-07
4086,3862,Savings,13035.29,2025-03-01
4087,3862,CD,32312.49,2024-01-25
4088,3863,CD,13344.06,2025-10-13
4089,3863,Checking,7087.67,2025-04-02
4090,3863,Savings,15471.88,2025-07-17
4091,3864,CD,8877.33,2025-12-25
4092,3868,Checking,5704.69,2021-02-15
4093,3871,CD,15310.76,2026-04-13
4094,3875,Checking,14316.99,2026-02-18
4095,3876,Checking,2055.11,2025-02-03
4096,3877,Savings,42598.64,2026-02-13
4097,3877,Checking,12596.19,2024-07-16
4098,3878,CD,14196.52,2025-01-14
4099,3878,Checking,3501.56,2023-11-25
4100,3879,Savings,48407.17,2016-03-04
4101,3879,Checking,6429.03,2020-02-10
4102,3879,CD,29307.12,2021-08-17
4103,3880,Savings,11719.0,2026-05-30
4104,3880,CD,47870.0,2026-05-30
4105,3882,CD,16769.27,2025-10-15
4106,3882,Checking,7230.11,2026-06-06
4107,3882,Savings,6495.8,2025-06-22
4108,3883,Savings,12599.6,2023-01-08
4109,3883,CD,12960.53,2024-01-04
4110,3884,Checking,8405.19,2019-07-06
4111,3884,CD,29382.0,2025-03-05
4112,3886,CD,19052.42,2025-01-13
4113,3888,CD,16263.1,2025-03-20
4114,3888,Checking,3360.64,2024-10-25
4115,3888,Savings,16492.05,2026-03-20
4116,3889,Savings,76470.97,2021-10-06
4117,3890,Savings,4724.59,2023-04-10
4118,3890,CD,27051.83,2024-05-04
4119,3890,Checking,11433.86,2023-01-05
4120,3891,Savings,1257.65,2025-05-20
4121,3893,Checking,14768.27,2012-04-06
4122,3893,Savings,15192.46,2025-09-09
4123,3893,CD,18853.79,2014-07-17
4124,3894,Checking,581.81,2022-07-30
4125,3895,CD,28789.4,2026-03-26
4126,3896,CD,27616.47,2025-01-25
4127,3897,CD,12609.47,2026-03-12
4128,3897,Checking,5694.68,2026-01-18
4129,3898,Savings,20928.47,2024-09-11
4130,3898,Checking,897.71,2025-08-27
4131,3899,Checking,1387.07,2025-12-23
4132,3899,Savings,36390.64,2026-06-20
4133,3899,CD,109090.22,2026-01-01
4134,3900,CD,74751.35,2018-01-17
4135,3902,Savings,31566.78,2026-06-26
4136,3903,Savings,27667.34,2020-03-03
4137,3903,CD,13466.53,2020-07-21
4138,3904,CD,5830.02,2017-06-19
4139,3906,CD,50172.25,2026-01-29
4140,3907,Savings,14813.37,2026-03-29
4141,3907,CD,18067.73,2026-05-20
4142,3908,Checking,9147.18,2022-09-13
4143,3909,Savings,205605.05,2025-04-13
4144,3910,Savings,21182.21,2020-01-03
4145,3911,Savings,4788.14,2020-11-19
4146,3912,Checking,3989.63,2025-05-16
4147,3912,CD,21476.1,2023-09-01
4148,3912,Savings,25442.96,2024-03-18
4149,3913,Savings,5706.58,2026-06-24
4150,3913,Checking,267.22,2026-01-07
4151,3914,Checking,2882.51,2021-03-24
4152,3914,Savings,2235.55,2018-12-28
4153,3915,Savings,16922.26,2025-01-25
4154,3916,Savings,49536.65,2026-06-02
4155,3916,CD,83995.41,2026-04-21
4156,3917,CD,22548.81,2025-09-16
4157,3917,Savings,4795.38,2025-04-10
4158,3919,Checking,2532.82,2026-05-21
4159,3919,CD,10854.0,2024-08-19
4160,3919,Savings,15605.04,2026-05-24
4161,3920,Checking,4277.09,2026-05-31
4162,3921,CD,24398.38,2025-07-18
4163,3924,Checking,7456.21,2021-01-10
4164,3926,Checking,1167.94,2026-03-07
4165,3928,CD,35369.15,2023-03-17
4166,3928,Checking,2365.35,2023-09-15
4167,3928,Savings,17626.04,2026-03-01
4168,3929,Checking,8595.46,2025-10-23
4169,3930,Savings,11873.82,2020-04-03
4170,3931,CD,15874.7,2026-03-28
4171,3931,Checking,9866.94,2024-08-30
4172,3931,Savings,23015.29,2025-05-02
4173,3932,Checking,19890.58,2025-11-21
4174,3933,Checking,1818.24,2026-03-27
4175,3935,Checking,4215.54,2026-06-01
4176,3936,CD,19435.37,2026-02-04
4177,3936,Savings,41587.86,2024-01-10
4178,3938,Checking,8292.76,2022-03-28
4179,3938,Savings,16240.62,2022-01-10
4180,3941,Checking,4749.65,2017-09-06
4181,3942,CD,23905.99,2025-08-16
4182,3942,Savings,33342.4,2026-04-30
4183,3943,CD,13027.03,2021-10-06
4184,3943,Checking,3651.44,2021-09-02
4185,3943,Savings,18621.25,2026-02-20
4186,3946,Savings,15114.75,2026-05-07
4187,3947,Savings,21283.1,2026-02-16
4188,3949,CD,12294.7,2019-02-25
4189,3949,Checking,1339.61,2026-04-01
4190,3950,Savings,8107.17,2023-09-26
4191,3950,CD,12880.87,2022-06-04
4192,3950,Checking,6355.11,2022-08-15
4193,3951,Checking,3075.89,2021-09-11
4194,3952,Checking,12767.95,2024-09-04
4195,3954,Checking,4711.59,2024-12-21
4196,3955,Checking,9090.14,2026-04-22
4197,3955,Savings,7544.74,2026-05-19
4198,3957,Savings,8135.04,2026-03-30
4199,3961,Checking,3461.99,2025-09-22
4200,3961,Savings,6858.12,2023-09-28
4201,3962,Savings,872.89,2025-08-17
4202,3962,CD,20486.88,2023-09-14
4203,3962,Checking,6627.17,2025-11-23
4204,3964,CD,53264.42,2022-10-26
4205,3964,Checking,15249.94,2015-08-03
4206,3965,Checking,6180.63,2024-02-29
4207,3965,CD,12518.06,2023-10-24
4208,3968,Savings,16586.12,2026-05-06
4209,3968,Checking,8903.61,2026-05-25
4210,3969,Checking,3009.78,2025-04-18
4211,3969,Savings,7296.95,2025-01-30
4212,3970,Savings,5070.07,2026-05-17
4213,3970,CD,40242.24,2026-03-26
4214,3970,Checking,3245.53,2026-03-12
4215,3971,CD,12930.03,2019-12-22
4216,3973,Checking,15300.18,2016-12-14
4217,3975,Savings,8990.29,2017-05-15
4218,3976,Checking,3776.96,2022-07-24
4219,3978,CD,63877.06,2023-09-16
4220,3978,Savings,10465.22,2022-03-04
4221,3978,Checking,1063.9,2024-07-23
4222,3979,Checking,4145.92,2023-05-25
4223,3979,CD,25705.85,2022-05-24
4224,3980,CD,16434.27,2017-04-14
4225,3981,Savings,15486.36,2024-08-04
4226,3982,Savings,4016.27,2023-03-24
4227,3982,CD,27631.88,2021-01-13
4228,3983,Savings,10291.38,2020-11-22
4229,3985,Checking,9966.68,2023-06-06
4230,3987,Checking,4592.77,2017-05-08
4231,3988,CD,70693.92,2020-12-17
4232,3988,Checking,8274.16,2024-10-24
4233,3988,Savings,53595.93,2026-01-05
4234,3990,Checking,1751.89,2024-07-09
4235,3990,CD,37010.16,2025-06-15
4236,3990,Savings,16448.17,2025-11-29
4237,3993,Checking,4644.5,2025-05-31
4238,3994,CD,50606.61,2020-11-16
4239,3994,Savings,7490.85,2025-06-06
4240,3994,Checking,11085.09,2021-02-08
4241,3995,Savings,4634.25,2024-11-14
4242,3996,CD,19052.62,2024-10-29
4243,3996,Checking,945.6,2025-02-17
4244,3996,Savings,20771.94,2024-06-14
4245,3997,Checking,4433.95,2026-05-06
4246,3999,Checking,1690.24,2022-01-04
4247,4000,CD,9137.27,2021-01-13
4248,4001,Savings,4660.29,2026-05-12
4249,4004,Savings,3108.7,2026-04-19
4250,4006,Checking,3036.34,2025-04-21
4251,4007,Savings,5424.39,2025-09-09
4252,4008,Savings,19252.24,2025-02-14
4253,4008,CD,21181.0,2016-10-05
4254,4009,Checking,5985.31,2023-05-07
4255,4009,CD,47186.26,2025-08-01
4256,4010,Savings,1900.29,2021-08-27
4257,4010,CD,21853.34,2020-03-01
4258,4011,Savings,9236.02,2024-10-25
4259,4013,Checking,2228.52,2025-10-03
4260,4014,Checking,4198.76,2025-08-22
4261,4015,CD,75158.6,2025-05-23
4262,4015,Checking,38723.55,2025-10-16
4263,4016,Savings,25520.59,2025-06-05
4264,4017,Checking,2175.19,2023-09-25
4265,4019,CD,18345.87,2022-11-19
4266,4022,Checking,1577.54,2020-04-28
4267,4022,CD,19053.13,2025-04-25
4268,4024,CD,17010.35,2024-05-12
4269,4025,CD,15476.52,2006-02-25
4270,4027,Checking,12075.39,2024-03-14
4271,4027,CD,51395.17,2023-08-20
4272,4030,Savings,32628.51,2024-04-11
4273,4033,Checking,13979.29,2023-12-30
4274,4033,Savings,25175.54,2026-05-06
4275,4034,Checking,4489.56,2020-06-08
4276,4035,Savings,15568.68,2025-03-10
4277,4035,Checking,3134.04,2026-05-10
4278,4036,CD,51402.77,2025-08-16
4279,4038,CD,52574.2,2026-01-12
4280,4038,Checking,15128.31,2026-06-12
4281,4039,CD,75403.05,2026-01-20
4282,4039,Checking,4423.26,2026-05-31
4283,4040,Checking,1094.96,2024-06-19
4284,4040,CD,82649.53,2020-02-22
4285,4040,Savings,37141.95,2019-04-16
4286,4041,Checking,776.78,2025-07-12
4287,4041,CD,37716.65,2025-12-23
4288,4041,Savings,2721.38,2024-06-13
4289,4042,CD,34618.49,2025-11-09
4290,4042,Savings,15416.28,2025-07-29
4291,4046,Savings,26838.45,2025-08-13
4292,4046,Checking,8861.03,2026-01-01
4293,4049,Savings,13745.03,2026-06-05
4294,4049,CD,1403.75,2026-05-25
4295,4052,Checking,9672.98,2026-03-05
4296,4052,CD,6502.64,2026-01-21
4297,4054,CD,17988.71,2023-11-05
4298,4056,Savings,20244.87,2021-11-01
4299,4058,Savings,67038.1,2025-10-01
4300,4059,Checking,1079.28,2025-10-25
4301,4060,Checking,10517.5,2024-03-21
4302,4062,CD,52491.74,2026-04-03
4303,4062,Savings,73043.72,2026-01-01
4304,4063,CD,26163.23,2009-05-31
4305,4063,Checking,10505.89,2003-11-14
4306,4063,Savings,25089.42,2004-03-02
4307,4066,Checking,951.07,2025-07-26
4308,4068,Checking,3138.34,2022-06-04
4309,4068,CD,7460.4,2025-03-18
4310,4070,Checking,4525.62,2026-03-08
4311,4070,CD,5686.51,2025-11-18
4312,4071,Checking,6347.37,2026-01-05
4313,4071,Savings,2481.82,2026-06-06
4314,4071,CD,15817.69,2024-11-03
4315,4075,CD,169990.73,2025-03-06
4316,4075,Savings,43791.35,2026-06-30
4317,4076,Savings,33234.98,2026-04-03
4318,4077,Savings,17007.56,2014-07-30
4319,4080,CD,5036.53,2022-11-16
4320,4082,Savings,15038.45,2024-08-07
4321,4082,CD,84782.52,2025-10-23
4322,4086,Savings,18164.07,2020-12-10
4323,4086,Checking,8804.08,2018-04-24
4324,4087,Savings,2611.83,2023-11-03
4325,4088,CD,31777.14,2025-06-03
4326,4088,Savings,15225.08,2024-12-17
4327,4089,Checking,11935.71,2021-06-03
4328,4089,CD,12777.97,2015-01-18
4329,4091,Savings,50496.31,2025-08-15
4330,4091,Checking,11285.36,2025-07-06
4331,4092,CD,17347.15,2026-04-06
4332,4092,Savings,8046.86,2025-12-03
4333,4094,Savings,15945.55,2026-06-05
4334,4095,CD,27760.18,2025-10-15
4335,4095,Savings,9192.03,2026-03-13
4336,4097,Savings,3456.58,2026-06-09
4337,4098,Savings,19940.46,2021-12-13
4338,4099,CD,30285.45,2024-09-13
4339,4099,Savings,25943.56,2015-07-23
4340,4100,Checking,13730.16,2023-05-09
4341,4100,Savings,50162.2,2019-12-02
4342,4100,CD,97966.9,2024-02-22
4343,4101,CD,21202.57,2024-05-13
4344,4103,Savings,5707.75,2026-01-20
4345,4105,CD,52162.23,2025-12-29
4346,4105,Checking,11973.84,2025-08-01
4347,4106,CD,34493.7,2024-11-04
4348,4109,Savings,11556.17,2016-07-21
4349,4109,CD,38774.95,2011-09-04
4350,4109,Checking,19950.19,2021-08-08
4351,4111,Checking,4021.66,2024-03-05
4352,4111,CD,14608.11,2026-01-24
4353,4112,Savings,6518.43,2025-11-09
4354,4113,CD,43105.19,2021-05-31
4355,4114,Savings,6206.14,2025-06-23
4356,4115,Checking,5389.67,2018-04-29
4357,4117,Savings,18461.52,2021-10-18
4358,4117,CD,31613.66,2021-07-09
4359,4118,Savings,7208.27,2016-12-28
4360,4118,CD,28448.76,2020-09-07
4361,4118,Checking,6428.43,2025-05-17
4362,4119,Savings,12351.92,2023-08-13
4363,4119,Checking,5962.68,2024-03-31
4364,4120,CD,39309.39,2026-06-03
4365,4122,Checking,19997.07,2025-07-30
4366,4122,Savings,9002.85,2026-05-06
4367,4124,Savings,27607.38,2024-07-16
4368,4124,Checking,10440.23,2025-08-09
4369,4128,Savings,2929.7,2022-07-26
4370,4129,Savings,16917.73,2020-09-03
4371,4129,CD,42374.41,2022-10-25
4372,4131,Checking,4132.62,2013-07-11
4373,4132,Savings,10014.24,2026-01-24
4374,4132,CD,11304.3,2025-08-31
4375,4133,Checking,10958.15,2024-10-30
4376,4134,CD,27097.48,2026-01-12
4377,4137,CD,20388.35,2026-05-23
4378,4138,Checking,1615.74,2024-03-21
4379,4139,Checking,2459.87,2025-08-19
4380,4140,Checking,14056.04,2025-04-30
4381,4140,CD,40358.24,2024-06-19
4382,4142,CD,22554.16,2026-01-06
4383,4143,CD,54861.75,2026-05-08
4384,4143,Checking,7304.96,2026-06-24
4385,4145,Savings,5331.85,2026-01-12
4386,4146,Savings,9712.52,2023-02-11
4387,4148,Savings,13244.59,2025-11-14
4388,4148,Checking,2901.94,2025-05-28
4389,4149,CD,43458.54,2020-12-10
4390,4152,Checking,7378.46,2024-08-29
4391,4154,Savings,27356.07,2023-07-17
4392,4154,CD,31146.34,2024-12-22
4393,4155,Savings,13283.63,2026-05-03
4394,4156,CD,40789.67,2026-03-26
4395,4157,Checking,7152.49,2026-05-16
4396,4157,Savings,3290.24,2026-06-12
4397,4159,Checking,4720.9,2025-02-03
4398,4159,CD,50964.93,2025-08-05
4399,4159,Savings,41700.97,2025-10-26
4400,4160,Savings,12417.66,2025-08-28
4401,4162,Checking,6641.08,2026-02-27
4402,4162,Savings,13825.17,2026-05-17
4403,4164,Checking,5782.89,2026-06-07
4404,4166,Savings,28044.08,2025-07-22
4405,4166,Checking,8615.77,2022-04-27
4406,4167,CD,46247.31,2025-02-12
4407,4168,Checking,2378.82,2014-08-03
4408,4168,Savings,28664.34,2017-11-06
4409,4169,CD,28004.61,2026-01-15
4410,4170,Checking,1625.9,2024-07-19
4411,4170,Savings,26213.44,2022-04-03
4412,4170,CD,68603.92,2024-02-08
4413,4171,CD,27787.92,2025-11-15
4414,4171,Savings,45405.05,2023-05-29
4415,4172,CD,11636.35,2023-12-23
4416,4172,Checking,3673.66,2019-11-08
4417,4175,Checking,6147.71,2018-05-28
4418,4177,Checking,12544.74,2026-04-14
4419,4179,Savings,14993.08,2020-09-19
4420,4179,Checking,11628.54,2009-06-27
4421,4180,Savings,11198.07,2025-06-19
4422,4180,Checking,5552.35,2023-11-23
4423,4183,Savings,11004.21,2026-04-24
4424,4183,Checking,10020.9,2026-05-09
4425,4184,Savings,15500.41,2026-05-14
4426,4185,Checking,4299.26,2025-08-10
4427,4186,Savings,27731.36,2011-10-24
4428,4188,CD,29353.71,2022-12-18
4429,4189,CD,46469.92,2025-09-30
4430,4191,Savings,9506.37,2026-03-04
4431,4191,CD,6413.6,2026-03-03
4432,4192,Checking,11061.43,2026-06-30
4433,4193,CD,35718.03,2024-08-15
4434,4193,Checking,9121.79,2015-09-05
4435,4194,Savings,9536.94,2026-04-30
4436,4195,CD,32262.0,2026-05-03
4437,4195,Checking,8957.02,2025-12-20
4438,4195,Savings,25556.94,2026-03-14
4439,4196,Checking,3351.31,2023-12-22
4440,4197,CD,10086.49,2019-11-10
4441,4197,Savings,4335.11,2024-06-27
4442,4197,Checking,6529.62,2012-07-31
4443,4198,Checking,11689.64,2026-03-17
4444,4198,CD,16212.99,2026-06-12
4445,4199,CD,45073.34,2021-06-19
4446,4200,CD,49662.49,2026-03-13
4447,4200,Checking,3964.26,2026-04-27
4448,4201,Savings,15560.37,2026-02-17
4449,4203,CD,16754.88,2026-04-22
4450,4204,Savings,2101.35,2026-06-22
4451,4204,Checking,3391.17,2026-05-08
4452,4205,Savings,40300.95,2025-04-24
4453,4205,Checking,848.75,2025-10-23
4454,4208,Checking,4321.01,2023-10-08
4455,4209,Checking,6138.45,2018-07-12
4456,4210,Savings,6829.25,2025-11-29
4457,4212,CD,18307.21,2025-09-07
4458,4212,Savings,6365.08,2022-08-26
4459,4212,Checking,10459.31,2022-01-24
4460,4214,Savings,9815.73,2026-03-11
4461,4214,CD,48267.87,2024-10-01
4462,4214,Checking,6087.21,2025-05-14
4463,4217,Savings,52558.08,2023-05-09
4464,4217,CD,28110.94,2022-12-29
4465,4219,Checking,1026.77,2025-10-24
4466,4221,Savings,5516.81,2020-07-07
4467,4223,CD,9256.95,2026-04-02
4468,4224,CD,16359.89,2026-03-12
4469,4224,Checking,2104.29,2026-01-07
4470,4226,CD,26415.06,2020-06-06
4471,4231,CD,63376.41,2026-02-07
4472,4232,CD,51508.81,2018-04-13
4473,4232,Savings,3863.48,2021-09-13
4474,4233,CD,42922.1,2024-04-02
4475,4234,CD,145041.48,2026-06-26
4476,4235,Checking,5832.28,2024-09-30
4477,4235,Savings,6402.56,2025-02-17
4478,4236,Savings,10389.87,2025-06-06
4479,4236,Checking,660.84,2026-01-25
4480,4237,Savings,10871.39,2016-08-03
4481,4238,Checking,4640.72,2025-11-24
4482,4238,CD,24058.71,2026-04-02
4483,4239,CD,23948.85,2026-04-26
4484,4239,Checking,4239.24,2026-05-25
4485,4240,CD,21496.13,2019-10-02
4486,4240,Savings,6883.44,2019-07-26
4487,4242,Checking,30431.62,2025-01-02
4488,4243,CD,22063.1,2017-11-11
4489,4244,CD,5306.28,2022-04-25
4490,4244,Savings,6046.12,2021-07-06
4491,4245,Savings,12077.25,2019-04-11
4492,4245,Checking,3734.26,2021-12-08
4493,4246,Checking,7459.11,2024-11-06
4494,4246,CD,26830.38,2024-06-05
4495,4246,Savings,22974.8,2026-06-04
4496,4247,Checking,2533.32,2026-06-14
4497,4248,CD,21935.77,2021-09-11
4498,4248,Savings,9588.64,2025-10-11
4499,4249,CD,23373.99,2025-09-25
4500,4249,Checking,4682.01,2026-06-19
4501,4251,CD,50586.67,2023-11-07
4502,4252,Checking,59371.35,2026-06-26
4503,4252,CD,122759.1,2026-06-29
4504,4253,CD,54572.71,2026-06-03
4505,4254,Savings,4299.89,2026-05-04
4506,4254,Checking,4471.03,2021-12-21
4507,4254,CD,20742.46,2021-03-13
4508,4255,Savings,22040.54,2025-09-25
4509,4255,Checking,7113.59,2025-11-27
4510,4257,Checking,7136.7,2025-08-21
4511,4258,Checking,24806.94,2026-06-15
4512,4259,CD,15765.07,2025-02-23
4513,4260,Savings,1015.34,2026-04-09
4514,4260,CD,22932.11,2026-01-28
4515,4261,Checking,4341.75,2023-08-22
4516,4261,Savings,14513.26,2025-07-05
4517,4261,CD,10646.86,2022-12-11
4518,4262,Savings,20082.14,2025-10-31
4519,4262,Checking,4373.29,2025-04-25
4520,4262,CD,31562.62,2025-03-21
4521,4264,Checking,10860.44,2022-05-21
4522,4267,Checking,8426.84,2022-06-04
4523,4267,CD,49807.47,2023-10-08
4524,4268,CD,58625.26,2026-06-23
4525,4269,Savings,5569.94,2024-11-12
4526,4270,Checking,5331.63,2020-01-02
4527,4270,CD,13376.06,2024-05-28
4528,4273,CD,18177.61,2023-11-15
4529,4275,CD,62899.17,2026-01-11
4530,4276,CD,14685.85,2026-06-08
4531,4276,Savings,16425.13,2024-12-16
4532,4277,CD,6879.23,2026-02-12
4533,4279,Checking,16389.73,2012-01-30
4534,4279,Savings,21755.92,2018-04-23
4535,4280,Savings,86960.59,2026-04-26
4536,4281,Checking,6395.58,2024-12-17
4537,4282,Checking,5557.56,2022-03-21
4538,4283,Savings,11848.69,2025-05-07
4539,4283,Checking,3301.96,2022-10-23
4540,4283,CD,8805.39,2024-11-17
4541,4285,CD,12968.76,2026-05-29
4542,4286,CD,5022.52,2024-07-14
4543,4286,Savings,2079.8,2019-07-07
4544,4287,Checking,6523.29,2025-05-25
4545,4288,CD,15552.69,2023-04-04
4546,4290,Checking,4678.91,2022-05-24
4547,4292,Checking,4205.1,2026-02-21
4548,4292,Savings,14358.91,2026-05-19
4549,4293,CD,21835.05,2008-03-29
4550,4294,Checking,7476.82,2026-05-11
4551,4294,CD,14439.63,2026-06-08
4552,4294,Savings,21166.39,2026-06-27
4553,4295,CD,31892.54,2020-09-22
4554,4295,Savings,8906.01,2022-10-15
4555,4295,Checking,3106.98,2024-08-27
4556,4296,CD,25062.45,2020-01-29
4557,4296,Savings,7602.83,2022-11-12
4558,4298,Savings,71588.29,2009-12-06
4559,4298,CD,70775.28,2016-07-22
4560,4298,Checking,28749.27,2009-10-04
4561,4299,Savings,38563.83,2024-10-17
4562,4300,Checking,1435.29,2026-05-02
4563,4301,Savings,14749.96,2021-02-10
4564,4301,Checking,9700.81,2019-12-19
4565,4302,Savings,53881.0,2026-06-09
4566,4302,CD,17683.35,2026-05-30
4567,4302,Checking,7486.76,2026-06-20
4568,4304,Checking,6098.43,2025-12-02
4569,4305,Savings,3569.37,2026-05-02
4570,4305,CD,61679.13,2026-06-20
4571,4305,Checking,11265.27,2026-04-29
4572,4307,CD,40742.54,2023-11-09
4573,4307,Checking,2074.61,2025-11-29
4574,4307,Savings,7620.09,2025-02-14
4575,4308,Checking,26294.54,2023-04-16
4576,4308,Savings,60819.39,2022-06-30
4577,4309,CD,25021.21,2023-04-08
4578,4311,CD,42199.73,2021-11-25
4579,4312,CD,13008.24,2019-08-30
4580,4312,Savings,6140.56,2025-09-28
4581,4312,Checking,5763.25,2021-12-27
4582,4314,Checking,8848.04,2026-06-05
4583,4316,Checking,9142.54,2026-02-01
4584,4317,Checking,3930.91,2025-12-21
4585,4319,CD,31303.74,2023-08-06
4586,4319,Checking,3168.18,2014-01-10
4587,4321,Savings,6668.7,2025-12-17
4588,4322,Checking,14219.23,2025-07-23
4589,4322,Savings,22104.42,2026-01-22
4590,4322,CD,136637.42,2025-01-31
4591,4323,CD,73306.71,2024-08-22
4592,4323,Checking,1295.27,2024-06-17
4593,4325,CD,87760.89,2026-06-18
4594,4326,CD,31360.73,2008-07-02
4595,4326,Savings,3454.32,2010-06-10
4596,4327,Checking,13930.3,2019-01-09
4597,4327,CD,33189.0,2023-08-08
4598,4328,Savings,12473.05,2025-03-02
4599,4329,Savings,5722.82,2021-12-21
4600,4330,CD,54460.83,2025-04-24
4601,4331,CD,23099.79,2025-02-18
4602,4332,CD,15791.06,2026-05-17
4603,4332,Savings,7168.49,2025-02-10
4604,4333,Checking,7408.6,2009-12-28
4605,4333,Savings,15401.12,2002-01-27
4606,4334,CD,23812.32,2020-10-31
4607,4334,Savings,9076.41,2018-03-13
4608,4334,Checking,2200.93,2013-08-17
4609,4336,Savings,10229.84,2024-10-22
4610,4336,Checking,3160.73,2025-10-10
4611,4337,Checking,14952.21,2025-06-17
4612,4338,Checking,2188.97,2025-04-16
4613,4338,Savings,2645.7,2018-08-29
4614,4339,CD,7970.71,2026-03-02
4615,4340,Checking,5247.49,2025-02-09
4616,4343,Savings,10278.55,2026-04-07
4617,4344,CD,46465.36,2026-03-01
4618,4345,CD,11031.15,2025-11-06
4619,4345,Checking,9003.41,2025-12-09
4620,4346,CD,34668.52,2025-03-10
4621,4347,CD,453662.48,2026-02-01
4622,4349,CD,58650.03,2026-05-08
4623,4350,Checking,6427.55,2026-06-12
4624,4350,Savings,4942.65,2025-12-19
4625,4350,CD,21068.85,2025-02-12
4626,4351,Checking,12295.26,2024-02-06
4627,4351,CD,10724.85,2021-03-21
4628,4351,Savings,35167.84,2024-04-11
4629,4353,Savings,25082.7,2026-04-10
4630,4354,Savings,39931.45,2018-06-14
4631,4355,Savings,16427.11,2026-01-02
4632,4355,CD,20952.11,2020-09-14
4633,4356,Savings,63785.77,2020-09-11
4634,4356,CD,18141.93,2017-07-16
4635,4357,Checking,1660.83,2025-06-09
4636,4359,CD,19553.57,2019-11-25
4637,4360,Savings,53441.89,2025-01-15
4638,4360,CD,17734.74,2025-07-02
4639,4361,CD,15189.42,2026-05-09
4640,4361,Savings,7257.98,2025-12-06
4641,4363,CD,11769.98,2025-09-03
4642,4363,Checking,4966.48,2025-04-23
4643,4363,Savings,3984.53,2023-06-17
4644,4365,Savings,5229.56,2026-06-19
4645,4365,Checking,1752.69,2026-06-26
4646,4367,CD,9867.34,2021-04-10
4647,4367,Savings,4938.07,2025-07-04
4648,4367,Checking,619.06,2022-01-06
4649,4369,Savings,35915.93,2026-05-08
4650,4369,Checking,8967.02,2026-05-11
4651,4370,CD,7058.77,2023-01-06
4652,4371,Checking,2244.5,2025-03-24
4653,4372,Checking,2801.15,2022-03-27
4654,4373,CD,20485.7,2026-02-14
4655,4373,Checking,6007.96,2025-12-14
4656,4374,Savings,2576.99,2024-01-31
4657,4374,CD,27571.65,2026-02-27
4658,4374,Checking,5681.27,2025-12-12
4659,4375,Savings,11121.77,2026-06-14
4660,4376,Savings,13453.24,2026-06-28
4661,4377,Checking,4965.09,2025-11-16
4662,4377,Savings,9616.37,2026-03-25
4663,4377,CD,20399.14,2025-05-01
4664,4378,CD,16611.07,2026-05-20
4665,4379,Checking,1024.36,2024-06-21
4666,4379,Savings,4070.53,2025-06-03
4667,4380,Checking,7874.37,2026-03-29
4668,4381,Savings,11904.51,2023-11-13
4669,4382,Savings,15613.74,2023-05-14
4670,4383,Savings,9245.44,2019-09-29
4671,4383,Checking,8263.61,2024-11-05
4672,4384,CD,21874.14,2024-06-25
4673,4385,Checking,1599.32,2025-10-24
4674,4386,CD,11434.5,2024-12-23
4675,4386,Savings,16289.06,2025-12-07
4676,4386,Checking,1224.48,2024-02-28
4677,4387,Checking,16867.07,2024-06-28
4678,4388,Checking,3515.35,2026-03-04
4679,4389,CD,15791.88,2025-09-29
4680,4389,Checking,5398.06,2025-01-23
4681,4390,Checking,7552.4,2024-10-20
4682,4393,Savings,10277.03,2025-11-24
4683,4393,Checking,3910.97,2025-03-24
4684,4394,Savings,17828.93,2023-06-07
4685,4394,CD,28341.32,2021-12-18
4686,4394,Checking,1696.57,2023-10-07
4687,4395,Savings,23926.52,2026-03-13
4688,4397,Savings,19913.55,2024-07-29
4689,4398,Checking,8918.73,2022-08-21
4690,4398,CD,10901.49,2019-09-30
4691,4400,Checking,4337.6,2025-12-26
4692,4400,Savings,23937.7,2025-07-16
4693,4402,Checking,19410.63,2023-08-07
4694,4402,Savings,64325.9,2024-08-01
4695,4402,CD,138635.56,2025-07-13
4696,4403,Savings,5830.3,2023-05-21
4697,4403,CD,12657.92,2026-05-22
4698,4404,CD,30494.95,2026-05-04
4699,4404,Checking,10473.23,2026-05-19
4700,4406,Checking,10464.89,2017-08-15
4701,4409,Checking,6318.47,2023-10-26
4702,4410,Checking,5634.88,2026-02-22
4703,4411,Savings,21133.4,2025-06-18
4704,4412,Savings,11358.38,2024-10-03
4705,4413,Checking,724.24,2025-09-12
4706,4413,CD,6185.42,2026-05-21
4707,4414,CD,21295.27,2026-03-27
4708,4416,Checking,2765.59,2024-10-08
4709,4418,Savings,9346.21,2025-06-02
4710,4418,Checking,5840.74,2025-10-09
4711,4418,CD,3965.3,2025-05-28
4712,4419,CD,100181.63,2025-07-13
4713,4420,Checking,19056.31,2024-10-04
4714,4420,CD,92916.47,2023-10-18
4715,4421,Savings,5894.24,2026-06-08
4716,4422,Checking,7598.16,2022-04-30
4717,4426,Checking,4386.73,2024-03-24
4718,4426,Savings,9448.43,2025-01-22
4719,4429,CD,5945.6,2025-06-25
4720,4429,Checking,5054.21,2023-02-04
4721,4432,CD,84556.62,2026-04-09
4722,4433,Savings,11299.91,2025-11-23
4723,4434,CD,30920.81,2023-09-12
4724,4434,Savings,6745.43,2025-11-25
4725,4438,Checking,1432.67,2025-08-31
4726,4440,Checking,9962.09,2025-08-22
4727,4440,Savings,27187.54,2024-12-13
4728,4441,CD,211337.92,2023-05-19
4729,4441,Checking,55689.76,2018-11-15
4730,4441,Savings,68194.89,2019-05-10
4731,4442,CD,49021.62,2024-02-05
4732,4442,Checking,4768.82,2024-05-20
4733,4443,CD,19343.39,2023-06-24
4734,4444,Checking,15513.58,2023-04-11
4735,4444,Savings,19323.41,2017-02-06
4736,4446,CD,84320.62,2017-05-30
4737,4447,Checking,5770.98,2024-07-07
4738,4447,Savings,4300.79,2024-10-31
4739,4448,Checking,3038.21,2024-07-10
4740,4449,CD,3077.56,2023-05-21
4741,4450,Savings,122747.17,2023-02-02
4742,4451,Checking,9317.06,2026-05-31
4743,4451,CD,28830.77,2026-02-10
4744,4452,CD,23194.81,2008-11-04
4745,4452,Savings,27101.16,2022-12-09
4746,4452,Checking,6678.23,2025-07-22
4747,4453,CD,12602.19,2024-09-18
4748,4454,Savings,13135.66,2024-10-26
4749,4454,CD,9290.82,2025-02-11
4750,4456,Savings,9190.1,2024-01-09
4751,4457,Checking,2633.46,2025-01-14
4752,4458,CD,24652.76,2025-08-29
4753,4458,Checking,5559.91,2024-11-12
4754,4459,Savings,19257.6,2025-06-10
4755,4459,Checking,1103.5,2024-07-04
4756,4461,Checking,1568.94,2025-01-21
4757,4461,Savings,6342.88,2024-09-04
4758,4462,Savings,6346.27,2022-03-09
4759,4462,Checking,6297.06,2026-04-07
4760,4462,CD,8879.98,2020-09-24
4761,4463,Savings,16303.38,2024-03-13
4762,4464,Checking,15857.05,2026-04-21
4763,4464,CD,61476.91,2026-06-25
4764,4465,Checking,12872.33,2022-08-30
4765,4465,Savings,15578.66,2022-04-27
4766,4466,CD,21130.27,2025-09-13
4767,4466,Checking,974.1,2024-04-03
4768,4467,Savings,17237.45,2024-01-01
4769,4467,Checking,47371.28,2025-08-05
4770,4468,Checking,7087.5,2024-12-26
4771,4468,CD,34500.22,2025-09-01
4772,4469,Checking,21951.4,2025-11-21
4773,4470,Savings,49150.93,2025-08-14
4774,4471,Savings,2473.75,2026-04-26
4775,4471,Checking,8365.05,2023-12-16
4776,4472,CD,190702.37,2025-06-11
4777,4473,Savings,36271.95,2019-03-20
4778,4474,Checking,4471.07,2025-12-13
4779,4475,Checking,3934.71,2021-05-26
4780,4476,Checking,6667.76,2025-08-27
4781,4477,Checking,3734.88,2016-05-23
4782,4478,CD,11678.6,2023-03-31
4783,4479,CD,7961.36,2026-02-22
4784,4481,Checking,26891.56,2024-06-28
4785,4483,Savings,78907.21,2023-08-02
4786,4483,Checking,18382.11,2025-04-24
4787,4486,Checking,6013.51,2025-05-21
4788,4486,Savings,7062.17,2025-12-05
4789,4486,CD,8419.34,2026-03-04
4790,4487,Checking,8560.77,2024-08-01
4791,4489,Checking,13158.14,2022-02-22
4792,4489,Savings,44512.72,2021-11-11
4793,4490,Checking,10815.56,2022-06-12
4794,4490,Savings,8235.53,2021-10-15
4795,4490,CD,6329.96,2026-03-15
4796,4491,Savings,16924.84,2024-10-03
4797,4492,Savings,23396.67,2025-08-28
4798,4492,CD,41384.5,2023-04-16
4799,4493,CD,6376.96,2023-08-23
4800,4493,Checking,4175.42,2023-05-05
4801,4494,CD,17888.55,2025-11-15
4802,4494,Savings,8171.39,2022-12-19
4803,4494,Checking,1031.0,2023-01-12
4804,4495,CD,87296.06,2022-09-18
4805,4498,Savings,19357.1,2016-03-07
4806,4498,Checking,6600.13,2023-04-12
4807,4499,Savings,40030.21,2026-06-20
4808,4499,CD,80826.41,2026-01-18
4809,4499,Checking,8081.66,2026-02-25
4810,4503,Checking,4164.95,2026-04-19
4811,4503,Savings,4832.25,2026-05-05
4812,4503,CD,21554.84,2026-03-30
4813,4504,Checking,3536.95,2024-08-15
4814,4505,Checking,12321.04,2025-12-29
4815,4506,Checking,14190.26,2026-05-31
4816,4508,Checking,3219.58,2025-11-02
4817,4509,Savings,38528.83,2025-08-14
4818,4509,Checking,18036.7,2023-05-27
4819,4511,Checking,799.44,2020-05-19
4820,4511,Savings,5703.14,2009-09-13
4821,4512,Checking,1419.85,2026-01-22
4822,4513,CD,39333.6,2025-11-24
4823,4513,Checking,6055.7,2026-04-18
4824,4513,Savings,29705.05,2024-04-27
4825,4514,Savings,8429.31,2026-02-12
4826,4515,CD,1811.03,2021-02-25
4827,4515,Savings,4404.81,2022-09-30
4828,4516,Checking,558.46,2026-04-29
4829,4517,Checking,30065.99,2026-06-22
4830,4517,Savings,91963.19,2026-04-08
4831,4518,Savings,2019.12,2026-05-24
4832,4522,Checking,4484.59,2017-05-28
4833,4523,Checking,10390.66,2026-06-29
4834,4524,Savings,27993.24,2022-11-27
4835,4524,Checking,23452.7,2025-06-11
4836,4524,CD,29176.37,2021-10-27
4837,4526,Checking,7840.63,2026-06-15
4838,4527,Checking,12686.12,2022-12-03
4839,4527,CD,30273.4,2026-04-12
4840,4528,Checking,5762.43,2023-12-23
4841,4528,CD,34835.17,2025-12-08
4842,4529,Savings,6303.49,2025-04-19
4843,4530,Savings,28511.18,2020-06-01
4844,4532,Savings,20452.98,2025-09-11
4845,4532,Checking,6358.03,2025-09-24
4846,4532,CD,50902.39,2025-12-13
4847,4533,Checking,16274.67,2025-09-20
4848,4534,CD,42876.86,2021-01-12
4849,4536,CD,36567.95,2026-06-01
4850,4538,Checking,7549.79,2022-03-09
4851,4539,CD,82210.57,2025-06-08
4852,4539,Savings,30466.63,2026-06-20
4853,4541,Checking,3191.15,2025-09-07
4854,4542,Checking,11450.38,2022-10-18
4855,4542,Savings,9858.64,2023-06-01
4856,4543,Checking,9288.21,2020-08-01
4857,4543,Savings,5533.13,2021-03-21
4858,4544,CD,16115.16,2022-04-05
4859,4545,Checking,16267.16,2025-01-23
4860,4545,CD,23531.64,2026-03-01
4861,4546,Savings,4754.76,2025-01-05
4862,4547,Savings,2930.77,2026-02-24
4863,4547,Checking,21375.56,2025-09-26
4864,4547,CD,53089.6,2023-08-23
4865,4548,CD,34004.67,2020-03-25
4866,4551,Savings,146943.56,2021-12-05
4867,4552,Checking,1397.74,2022-08-13
4868,4552,CD,34638.9,2011-02-07
4869,4552,Savings,1468.41,2013-06-02
4870,4555,Savings,9460.38,2025-07-31
4871,4556,CD,33143.43,2025-11-07
4872,4559,Checking,4450.41,2021-08-31
4873,4559,CD,61736.29,2021-08-22
4874,4560,Savings,17206.89,2026-05-02
4875,4570,Savings,11664.83,2019-11-11
4876,4571,CD,128195.33,2024-12-05
4877,4571,Savings,129452.3,2025-08-17
4878,4572,CD,27390.5,2025-06-16
4879,4578,Savings,7454.19,2019-12-18
4880,4578,CD,14310.79,2021-05-31
4881,4580,CD,5367.32,2022-01-08
4882,4580,Checking,8190.99,2025-04-24
4883,4581,CD,77039.13,2025-11-03
4884,4582,CD,30785.63,2020-05-10
4885,4582,Savings,30306.44,2014-11-19
4886,4583,CD,172404.04,2026-03-20
4887,4584,Checking,2066.58,2026-01-14
4888,4585,Savings,16240.16,2026-06-07
4889,4585,Checking,1135.15,2022-08-08
4890,4586,Checking,8524.52,2025-06-06
4891,4586,Savings,14709.94,2023-07-16
4892,4587,Savings,24317.06,2024-04-01
4893,4588,Checking,9413.15,2026-01-22
4894,4588,CD,60016.9,2022-04-10
4895,4589,Checking,2393.53,2025-05-06
4896,4589,Savings,7147.61,2026-05-23
4897,4590,Checking,2144.79,2021-11-11
4898,4591,CD,27218.42,2020-05-12
4899,4591,Savings,7262.65,2020-06-24
4900,4591,Checking,1110.83,2017-10-05
4901,4592,CD,100486.9,2024-12-22
4902,4594,CD,112218.99,2021-11-14
4903,4595,Savings,8309.84,2020-05-18
4904,4595,CD,36306.45,2022-10-18
4905,4596,CD,42617.43,2025-03-09
4906,4596,Checking,1111.15,2025-03-11
4907,4597,CD,39951.66,2023-02-26
4908,4597,Savings,3558.81,2015-05-30
4909,4598,CD,43412.29,2026-05-11
4910,4599,Checking,3645.97,2026-04-21
4911,4601,CD,21954.24,2022-10-07
4912,4601,Checking,5742.7,2024-02-22
4913,4603,Savings,1030.5,2017-11-21
4914,4604,Checking,4918.02,2024-11-22
4915,4604,CD,21819.32,2025-06-27
4916,4604,Savings,13857.27,2024-09-16
4917,4605,Checking,1782.45,2026-03-09
4918,4606,Checking,54495.05,2015-03-26
4919,4607,CD,27800.09,2024-10-21
4920,4607,Checking,1681.4,2025-04-21
4921,4609,Savings,4148.84,2017-08-23
4922,4610,CD,6401.95,2025-10-01
4923,4611,Checking,962.68,2013-10-25
4924,4613,CD,65532.19,2026-04-15
4925,4614,CD,94524.4,2022-06-28
4926,4614,Savings,71459.91,2023-06-19
4927,4614,Checking,617.35,2020-04-03
4928,4615,CD,49430.96,2026-06-27
4929,4615,Checking,11051.15,2026-03-25
4930,4617,CD,15047.47,2023-10-16
4931,4617,Checking,4341.98,2025-01-15
4932,4619,Savings,8677.88,2026-02-05
4933,4619,Checking,9436.14,2026-03-26
4934,4620,Savings,12085.08,2025-06-03
4935,4620,Checking,935.7,2022-01-05
4936,4621,Checking,2105.96,2025-12-24
4937,4623,Checking,7341.35,2023-11-13
4938,4623,CD,11155.57,2023-12-03
4939,4625,Checking,6222.15,2024-04-07
4940,4625,CD,30700.4,2021-02-21
4941,4626,Savings,68179.64,2026-04-22
4942,4626,Checking,16335.21,2026-05-22
4943,4626,CD,28301.06,2026-02-08
4944,4628,Savings,9521.68,2022-11-11
4945,4629,CD,5625.56,2024-01-31
4946,4629,Savings,10046.7,2025-06-02
4947,4629,Checking,3584.96,2023-08-09
4948,4630,CD,6336.7,2026-06-08
4949,4630,Checking,1473.72,2026-05-14
4950,4631,Checking,11520.11,2026-04-19
4951,4632,Savings,12504.04,2026-05-01
4952,4632,CD,19185.15,2026-03-02
4953,4632,Checking,6338.29,2026-04-10
4954,4635,Checking,2298.5,2018-12-19
4955,4636,Savings,12412.24,2025-07-23
4956,4636,Checking,7454.02,2023-08-01
4957,4638,Checking,4064.03,2022-08-11
4958,4638,Savings,27110.24,2025-09-16
4959,4639,Savings,7707.57,2023-10-15
4960,4640,Savings,6544.99,2025-09-01
4961,4641,Savings,27115.1,2024-09-14
4962,4641,CD,6961.45,2023-07-27
4963,4643,CD,29660.57,2025-08-24
4964,4644,CD,21930.0,2024-04-19
4965,4645,Savings,45639.63,2026-05-28
4966,4646,Checking,2548.87,2026-04-21
4967,4646,CD,23902.35,2026-05-25
4968,4651,Checking,12811.97,2019-05-15
4969,4651,CD,38172.13,2020-07-29
4970,4653,Savings,13556.65,2025-08-14
4971,4653,CD,9764.73,2025-06-26
4972,4654,CD,32139.3,2026-06-06
4973,4655,CD,8014.11,2017-01-21
4974,4656,CD,7509.2,2024-03-25
4975,4660,Checking,17985.07,2024-08-14
4976,4660,Savings,21411.81,2025-02-02
4977,4660,CD,40271.22,2024-01-06
4978,4661,Savings,12010.59,2024-07-03
4979,4661,Checking,5575.28,2022-01-09
4980,4662,Checking,14379.2,2020-09-23
4981,4662,CD,4562.84,2017-08-29
4982,4664,Checking,2439.34,2026-06-05
4983,4666,Checking,5019.89,2026-01-29
4984,4667,Savings,97450.76,2025-06-24
4985,4667,CD,27735.2,2026-03-19
4986,4668,CD,20007.11,2025-04-29
4987,4668,Checking,6001.27,2020-08-28
4988,4669,Savings,13664.74,2026-04-23
4989,4669,CD,55203.39,2026-06-21
4990,4671,CD,8797.75,2024-09-28
4991,4671,Savings,12115.15,2024-05-05
4992,4672,Checking,9635.86,2026-04-05
4993,4673,Checking,10706.91,2025-01-06
4994,4674,Savings,13026.55,2025-04-11
4995,4674,Checking,8194.56,2023-08-31
4996,4674,CD,65709.98,2026-05-01
4997,4676,Savings,27412.96,2023-12-28
4998,4677,Checking,2920.47,2017-03-11
4999,4679,Checking,1076.1,2022-03-01
5000,4680,Checking,16912.18,2026-01-23
5001,4681,CD,10844.88,2026-04-15
5002,4682,Checking,3031.51,2026-05-26
5003,4682,Savings,2383.68,2025-06-19
5004,4683,Savings,17729.92,2022-09-29
5005,4685,Savings,6069.91,2023-04-11
5006,4685,Checking,1705.25,2025-02-13
5007,4686,Checking,8728.69,2025-08-03
5008,4686,Savings,21712.53,2025-03-21
5009,4687,CD,33115.64,2024-08-13
5010,4689,Savings,27124.41,2026-05-04
5011,4689,CD,7144.9,2026-04-28
5012,4690,Savings,5894.89,2022-11-27
5013,4691,Checking,3684.65,2026-06-07
5014,4691,CD,29769.53,2025-01-15
5015,4692,Checking,9047.33,2025-06-05
5016,4692,Savings,13049.07,2025-11-09
5017,4695,Savings,8399.11,2025-01-11
5018,4695,CD,11221.07,2025-09-29
5019,4695,Checking,3065.8,2026-06-30
5020,4696,Savings,10540.42,2023-11-07
5021,4697,Checking,5789.65,2023-09-12
5022,4698,CD,3754.05,2025-11-21
5023,4699,Savings,2070.76,2026-03-04
5024,4700,CD,4645.56,2024-01-11
5025,4701,Checking,4898.25,2013-12-27
5026,4701,Savings,3154.86,2013-10-18
5027,4702,CD,20690.75,2025-11-13
5028,4703,Checking,9420.9,2024-04-10
5029,4703,CD,56132.65,2026-01-23
5030,4703,Savings,13808.12,2025-03-29
5031,4704,CD,13073.09,2026-05-01
5032,4705,Checking,2508.32,2023-06-23
5033,4705,CD,16985.4,2014-08-07
5034,4706,Savings,32419.3,2026-03-24
5035,4706,CD,20620.2,2026-02-04
5036,4707,Savings,2365.91,2019-12-04
5037,4707,Checking,1596.74,2021-12-04
5038,4708,CD,209502.12,2024-05-06
5039,4710,Savings,8392.92,2021-10-19
5040,4711,Checking,1257.76,2026-04-23
5041,4711,CD,14571.52,2008-04-07
5042,4711,Savings,9058.46,2012-05-26
5043,4712,CD,19965.53,2025-09-03
5044,4712,Checking,17451.66,2025-06-08
5045,4714,Checking,1571.7,2024-07-27
5046,4715,CD,34356.64,2020-06-26
5047,4717,Savings,5330.86,2025-04-25
5048,4719,Checking,3820.98,2025-04-24
5049,4724,Savings,17407.33,2021-08-15
5050,4724,Checking,3394.58,2026-04-10
5051,4726,CD,48492.79,2025-09-25
5052,4727,Savings,8325.55,2026-04-14
5053,4727,CD,8186.41,2026-03-21
5054,4727,Checking,5065.57,2026-06-10
5055,4728,CD,101674.02,2026-05-04
5056,4728,Checking,14621.24,2026-06-11
5057,4730,CD,13717.66,2021-12-19
5058,4731,CD,86284.01,2024-07-20
5059,4732,CD,13012.07,2026-04-28
5060,4737,Checking,10739.27,2019-12-30
5061,4737,Savings,9396.42,2025-05-17
5062,4739,Savings,24541.05,2025-06-10
5063,4739,Checking,14431.55,2025-09-03
5064,4740,Checking,11828.71,2026-01-09
5065,4741,Savings,13354.48,2015-06-26
5066,4742,CD,43191.09,2025-12-18
5067,4742,Checking,1638.83,2025-12-14
5068,4743,Checking,5989.29,2022-03-06
5069,4744,Checking,797.99,2019-04-19
5070,4748,CD,4361.98,2025-03-19
5071,4750,Savings,184635.55,2025-07-13
5072,4751,Savings,6767.24,2026-06-10
5073,4752,CD,95746.82,2024-01-29
5074,4753,Checking,781.24,2020-03-26
5075,4754,Savings,9316.94,2025-06-17
5076,4755,CD,48223.86,2025-11-27
5077,4756,Checking,6129.48,2026-06-26
5078,4757,Savings,17517.64,2018-08-24
5079,4757,Checking,14705.5,2026-05-19
5080,4760,Savings,13137.89,2024-05-17
5081,4760,Checking,10770.02,2024-08-24
5082,4761,Checking,4667.88,2025-08-12
5083,4762,Checking,27702.75,2025-05-21
5084,4762,Savings,41807.12,2021-12-17
5085,4763,Checking,9729.93,2026-02-01
5086,4766,Checking,19890.19,2026-04-12
5087,4767,Savings,10811.24,2006-02-25
5088,4767,Checking,4520.19,2023-10-12
5089,4771,CD,48912.24,2021-10-11
5090,4773,CD,11632.28,2024-06-18
5091,4773,Savings,11813.83,2024-01-05
5092,4774,CD,3042.06,2026-05-15
5093,4774,Checking,1473.53,2026-06-13
5094,4775,Checking,12050.96,2026-01-13
5095,4775,CD,52307.64,2025-11-03
5096,4776,Checking,5311.38,2024-12-26
5097,4777,CD,17993.69,2026-04-14
5098,4777,Checking,1952.03,2025-07-25
5099,4778,Savings,3650.54,2026-04-21
5100,4778,CD,49971.25,2026-05-01
5101,4779,CD,23587.69,2026-06-14
5102,4781,Checking,7694.06,2022-07-23
5103,4781,Savings,8918.88,2024-01-22
5104,4782,Checking,1597.24,2023-01-02
5105,4785,Savings,26198.2,2021-12-14
5106,4785,CD,78198.59,2025-03-05
5107,4787,CD,12328.94,2021-01-08
5108,4789,Savings,2849.08,2025-10-30
5109,4790,Savings,20285.51,2026-04-19
5110,4790,Checking,13326.22,2026-05-28
5111,4790,CD,26355.77,2026-06-20
5112,4791,CD,118969.53,2022-12-05
5113,4791,Savings,24780.54,2021-05-09
5114,4792,Checking,1503.05,2026-02-21
5115,4792,CD,30427.37,2025-04-20
5116,4793,Savings,19316.79,2024-08-07
5117,4794,CD,46550.67,2020-10-27
5118,4794,Checking,3670.4,2020-01-12
5119,4796,Savings,7002.46,2012-12-30
5120,4797,CD,15981.16,2024-07-11
5121,4798,Checking,11254.32,2025-12-26
5122,4803,Savings,17344.1,2025-05-07
5123,4804,CD,35150.58,2026-06-24
5124,4808,CD,5666.5,2026-05-13
5125,4812,Checking,2904.52,2023-03-15
5126,4813,Checking,1843.21,2022-07-01
5127,4813,CD,10257.7,2017-11-17
5128,4814,Checking,5270.67,2023-10-10
5129,4815,CD,17037.65,2024-08-29
5130,4815,Savings,9933.44,2024-04-28
5131,4816,Savings,3588.14,2026-04-23
5132,4816,CD,20143.37,2026-03-25
5133,4818,CD,27570.68,2022-08-02
5134,4821,Checking,4872.65,2025-05-09
5135,4822,CD,23299.1,2023-05-10
5136,4822,Checking,12366.42,2021-07-09
5137,4822,Savings,9678.7,2025-11-18
5138,4823,CD,37303.96,2026-06-20
5139,4823,Checking,4285.34,2026-06-18
5140,4824,Savings,3736.41,2023-02-22
5141,4826,CD,15967.74,2025-10-26
5142,4827,Checking,1893.67,2026-02-09
5143,4827,CD,16081.66,2026-03-15
5144,4828,CD,23028.8,2025-11-25
5145,4829,CD,52280.3,2024-05-19
5146,4830,CD,37061.82,2025-10-14
5147,4831,CD,4293.35,2026-06-30
5148,4832,CD,16249.46,2022-09-13
5149,4833,Savings,9416.14,2021-07-02
5150,4834,Checking,5930.07,2025-08-13
5151,4835,CD,42356.92,2022-03-26
5152,4836,Checking,7926.86,2023-08-29
5153,4836,Savings,9601.93,2026-03-03
5154,4837,Savings,18977.84,2025-06-07
5155,4837,Checking,11119.04,2023-02-20
5156,4839,Savings,4453.3,2025-10-23
5157,4840,CD,73697.24,2019-07-05
5158,4840,Checking,5127.75,2019-09-08
5159,4842,Savings,12903.45,2024-03-20
5160,4842,Checking,6735.33,2024-12-08
5161,4843,Savings,14693.81,2020-04-17
5162,4843,Checking,3561.04,2021-10-29
5163,4845,Savings,8226.85,2026-01-03
5164,4845,Checking,11883.96,2026-05-14
5165,4846,CD,2754.34,2026-06-22
5166,4848,Savings,22827.71,2025-12-15
5167,4849,Checking,4827.94,2026-03-31
5168,4849,Savings,12067.84,2026-01-19
5169,4849,CD,52896.84,2026-05-29
5170,4850,Checking,2997.12,2017-10-18
5171,4851,Checking,2142.14,2026-06-28
5172,4852,CD,25889.46,2018-01-16
5173,4853,Checking,1740.62,2025-03-16
5174,4855,Checking,13331.87,2024-10-26
5175,4855,CD,75722.39,2024-12-05
5176,4857,CD,11836.17,2025-08-20
5177,4857,Savings,10665.67,2023-01-26
5178,4859,Checking,25622.09,2016-10-21
5179,4861,Savings,7034.05,2025-07-13
5180,4862,Checking,4770.86,2022-04-08
5181,4862,CD,21728.35,2023-12-08
5182,4863,Checking,4918.51,2024-11-15
5183,4863,CD,17182.76,2025-01-31
5184,4864,CD,110194.98,2026-06-25
5185,4864,Savings,34603.23,2023-01-17
5186,4865,Savings,16848.84,2025-01-24
5187,4867,Savings,34373.47,2022-06-27
5188,4867,CD,22406.33,2020-10-22
5189,4868,Checking,2328.62,2024-02-05
5190,4868,Savings,2453.64,2021-08-12
5191,4869,CD,11317.43,2026-03-27
5192,4870,Checking,11474.47,2024-09-07
5193,4872,CD,22770.25,2026-05-05
5194,4873,CD,98224.9,2026-01-28
5195,4873,Checking,11652.44,2026-04-25
5196,4873,Savings,30319.91,2026-04-21
5197,4874,Checking,5074.06,2026-04-09
5198,4875,CD,12038.87,2023-12-29
5199,4875,Savings,8018.68,2025-09-11
5200,4875,Checking,6431.72,2024-08-04
5201,4876,Savings,2928.47,2026-04-27
5202,4878,Checking,2021.07,2026-04-28
5203,4878,CD,14713.94,2026-05-17
5204,4879,Checking,11550.7,2025-06-28
5205,4879,CD,149049.47,2016-03-18
5206,4880,CD,20925.33,2020-06-24
5207,4880,Savings,6334.48,2025-12-09
5208,4880,Checking,7623.36,2022-10-13
5209,4881,Checking,2576.02,2025-02-18
5210,4882,Savings,2142.7,2020-11-05
5211,4882,CD,5725.65,2022-06-12
5212,4883,Checking,1931.99,2025-05-07
5213,4883,CD,13383.78,2022-04-27
5214,4884,CD,4680.15,2026-05-05
5215,4884,Checking,8182.68,2026-01-04
5216,4884,Savings,9580.86,2025-07-18
5217,4886,CD,22351.55,2018-04-18
5218,4888,CD,29478.16,2025-08-08
5219,4888,Savings,22210.04,2025-07-11
5220,4890,Savings,2445.72,2026-05-15
5221,4891,Checking,14988.86,2026-05-08
5222,4891,Savings,8652.45,2024-02-07
5223,4892,Checking,7791.66,2023-12-16
5224,4893,CD,19421.83,2026-04-24
5225,4896,Savings,10487.42,2026-05-22
5226,4896,CD,22789.74,2026-02-15
5227,4896,Checking,1844.07,2026-05-19
5228,4897,Savings,37975.52,2025-10-18
5229,4897,Checking,3180.03,2024-06-29
5230,4898,Checking,5135.47,2025-01-02
5231,4899,Checking,4996.23,2022-12-04
5232,4900,Checking,14149.98,2026-04-10
5233,4901,Savings,27123.13,2020-11-30
5234,4901,Checking,21537.2,2025-08-13
5235,4901,CD,10600.98,2024-11-17
5236,4903,Checking,3599.07,2026-06-09
5237,4904,Checking,7875.98,2025-03-06
5238,4904,CD,32799.57,2025-08-01
5239,4907,Savings,7960.99,2026-03-14
5240,4908,Savings,40878.6,2025-08-19
5241,4908,CD,21125.48,2025-08-13
5242,4908,Checking,6524.22,2026-02-19
5243,4909,Checking,14181.78,2025-05-14
5244,4911,CD,6747.08,2024-06-06
5245,4911,Checking,6338.2,2024-07-17
5246,4911,Savings,19162.04,2024-01-12
5247,4912,CD,47413.84,2025-11-06
5248,4914,Checking,24974.59,2026-06-01
5249,4915,CD,20146.65,2026-03-27
5250,4916,Savings,13412.52,2026-05-24
5251,4917,CD,26511.2,2025-02-10
5252,4917,Savings,9410.56,2025-08-24
5253,4918,Checking,10562.16,2024-06-11
5254,4918,Savings,7434.65,2023-07-14
5255,4919,Savings,6437.58,2020-03-03
5256,4922,CD,68486.0,2019-06-28
5257,4923,CD,22977.65,2017-04-20
5258,4923,Savings,12917.59,2016-11-28
5259,4924,Savings,6741.87,2009-06-30
5260,4924,Checking,2429.84,2008-04-02
5261,4925,Checking,8275.0,2025-12-30
5262,4925,CD,44056.26,2025-12-25
5263,4926,Checking,5535.09,2024-05-19
5264,4929,CD,8541.56,2026-03-27
5265,4931,Savings,21671.03,2025-12-07
5266,4933,CD,20784.1,2026-04-30
5267,4935,Checking,586.18,2025-03-14
5268,4936,Checking,9511.1,2025-03-08
5269,4938,CD,25115.79,2025-10-22
5270,4938,Savings,8326.46,2025-06-03
5271,4939,CD,32677.06,2026-06-30
5272,4940,Checking,2465.64,2024-03-10
5273,4940,Savings,60790.6,2023-05-22
5274,4944,Savings,65082.04,2025-10-06
5275,4944,Checking,20088.56,2024-12-04
5276,4944,CD,48575.55,2025-10-08
5277,4945,CD,7536.57,2026-03-25
5278,4945,Checking,3677.83,2026-05-11
5279,4946,Checking,5931.42,2024-10-03
5280,4948,CD,12729.44,2026-05-05
5281,4948,Savings,2610.62,2026-04-02
5282,4951,Checking,2954.52,2026-03-02
5283,4954,Checking,4172.08,2024-10-26
5284,4956,Checking,6116.33,2019-08-10
5285,4956,CD,16944.59,2020-07-01
5286,4956,Savings,4553.52,2024-09-07
5287,4957,CD,14283.0,2026-04-16
5288,4958,Checking,18522.5,2026-04-06
5289,4959,Savings,7622.79,2023-07-25
5290,4959,Checking,3953.88,2023-02-14
5291,4960,CD,20338.65,2025-04-02
5292,4961,CD,13094.22,2023-12-17
5293,4962,Savings,40610.84,2025-04-01
5294,4962,Checking,7144.87,2015-09-26
5295,4963,Checking,15291.39,2020-04-03
5296,4965,CD,246067.04,2026-03-25
5297,4966,Checking,5644.21,2026-06-23
5298,4966,Savings,29420.04,2026-04-30
5299,4967,CD,11895.24,2024-08-05
5300,4968,Savings,3102.09,2025-04-14
5301,4968,CD,17686.68,2024-05-30
5302,4968,Checking,1387.4,2024-05-28
5303,4970,CD,15525.22,2023-12-01
5304,4970,Checking,11513.82,2023-09-08
5305,4971,CD,31403.02,2025-07-25
5306,4972,Checking,2797.96,2025-05-12
5307,4972,CD,17874.38,2023-02-08
5308,4973,Checking,1329.47,2026-06-13
5309,4975,CD,24292.3,2023-05-29
5310,4975,Savings,21861.14,2021-12-31
5311,4977,Savings,41921.38,2026-04-17
5312,4977,Checking,6472.75,2020-07-12
5313,4979,Checking,5315.6,2026-03-11
5314,4980,Checking,11703.77,2026-06-02
5315,4980,CD,72591.69,2021-10-29
5316,4981,CD,39753.98,2026-04-24
5317,4981,Savings,7909.39,2026-06-05
5318,4985,Savings,105660.18,2025-12-07
5319,4986,Savings,32243.05,2026-06-02
5320,4987,Savings,11649.52,2025-09-14
5321,4989,Savings,11346.92,2022-07-06
5322,4989,Checking,2557.18,2021-09-20
5323,4989,CD,8966.84,2021-10-12
5324,4991,Checking,20284.02,2019-03-28
5325,4992,Savings,21339.46,2026-04-30
5326,4992,CD,24225.24,2026-06-05
5327,4993,CD,105281.6,2026-03-06
5328,4994,Savings,25232.35,2022-08-14
5329,4995,Savings,7314.7,2026-03-01
5330,4995,Checking,7037.97,2023-01-28
5331,4995,CD,25345.26,2025-07-16
5332,4997,CD,13082.77,2022-12-05
5333,4997,Savings,34354.67,2024-04-11
5334,4997,Checking,4046.14,2026-04-24
5335,4998,Checking,5705.51,2016-08-30
5336,4999,CD,23917.55,2022-03-19
5337,5000,Savings,12985.51,2023-10-29
