loan_id,customer_id,product_type,origination_date,principal_amount,interest_rate,term_months,risk_grade,current_balance,delinquency_bucket,status,months_on_book
1,1,Credit Card,2022-06-29,6451.71,0.2592,,B,4292.17,Current,Active,49
2,2,Personal Loan,2025-10-27,5739.4,0.1318,36.0,D,3879.09,Current,Active,9
3,3,Credit Card,2025-08-10,16401.31,0.1663,,B,5727.66,Current,Active,11
4,4,Auto Loan,2025-10-28,28437.45,0.0594,36.0,B,21897.47,Current,Active,9
5,4,Credit Card,2023-09-18,14962.28,0.1991,,A,3405.85,Current,Active,34
6,5,Personal Loan,2024-11-13,7474.27,0.1719,24.0,E,1180.68,30-59 DPD,Active,20
7,7,Mortgage,2025-06-30,596305.72,0.0668,360.0,C,522155.96,90+ DPD,Charged Off,13
8,7,Credit Card,2023-11-18,15595.81,0.2106,,C,9611.12,30-59 DPD,Active,32
9,8,Mortgage,2024-11-30,150943.78,0.0452,240.0,A,131587.78,Current,Active,20
10,9,Personal Loan,2025-10-23,19710.36,0.1636,36.0,C,14956.03,Current,Active,9
11,9,Auto Loan,2025-05-22,25089.39,0.089,36.0,C,15485.19,Current,Active,14
12,11,Auto Loan,2023-01-22,41755.0,0.0553,60.0,A,12329.71,Current,Active,42
13,12,Personal Loan,2024-07-14,11544.2,0.1116,48.0,C,5239.24,Current,Active,24
14,13,Auto Loan,2024-07-09,37894.15,0.0526,60.0,D,23310.69,Current,Active,24
15,13,Mortgage,2025-07-12,551903.42,0.048,180.0,A,509179.69,Current,Active,12
16,14,Personal Loan,2026-01-15,7588.37,0.1111,24.0,A,5816.38,Current,Active,6
17,14,Personal Loan,2024-04-30,24758.22,0.0964,24.0,A,0.0,Current,Paid Off,27
18,15,Credit Card,2024-09-04,8062.57,0.2302,,A,1960.67,Current,Active,22
19,15,Auto Loan,2023-07-19,22413.74,0.0929,36.0,A,0.0,Current,Paid Off,36
20,16,Auto Loan,2023-12-18,29184.66,0.0612,48.0,C,11935.72,90+ DPD,Charged Off,31
21,17,Mortgage,2022-11-10,124094.57,0.0592,360.0,B,108515.13,Current,Active,44
22,19,Auto Loan,2022-10-16,36437.85,0.0702,48.0,E,21068.33,90+ DPD,Charged Off,45
23,20,Credit Card,2026-04-06,12413.23,0.2573,,C,5160.95,Current,Active,3
24,20,Credit Card,2026-02-02,3121.37,0.2035,,B,2293.13,Current,Active,5
25,20,Credit Card,2022-09-30,17054.61,0.1701,,C,4852.31,Current,Active,46
26,22,Auto Loan,2022-10-17,15878.36,0.1087,60.0,C,15078.81,90+ DPD,Charged Off,45
27,23,Mortgage,2026-01-07,579935.64,0.0667,180.0,C,511089.2,Current,Active,6
28,23,Credit Card,2026-02-27,10412.55,0.1967,,A,1624.92,Current,Active,5
29,24,Personal Loan,2024-03-23,5811.22,0.1867,48.0,D,2481.29,Current,Active,28
30,25,Credit Card,2022-07-01,5943.55,0.2535,,D,1958.59,Current,Active,48
31,26,Credit Card,2026-05-15,6738.91,0.2288,,D,1438.09,30-59 DPD,Active,2
32,27,Personal Loan,2022-12-22,6212.42,0.1002,24.0,A,0.0,Current,Paid Off,43
33,29,Mortgage,2024-06-03,273560.34,0.0508,240.0,A,222555.34,Current,Active,25
34,29,Personal Loan,2022-04-13,4988.2,0.1436,48.0,B,0.0,Current,Paid Off,51
35,31,Auto Loan,2022-02-05,25342.53,0.0744,60.0,B,2978.93,Current,Active,53
36,32,Credit Card,2022-07-19,6845.98,0.1782,,D,5670.07,Current,Active,48
37,32,Auto Loan,2024-08-09,12540.6,0.0798,60.0,E,5840.65,90+ DPD,Charged Off,23
38,35,Credit Card,2022-03-01,19788.74,0.2431,,C,14773.27,Current,Active,52
39,35,Auto Loan,2022-02-15,28790.64,0.0683,72.0,C,7247.34,Current,Active,53
40,35,Mortgage,2022-10-01,371789.67,0.0653,180.0,B,291187.55,Current,Active,45
41,36,Credit Card,2024-01-09,12485.99,0.2133,,C,3256.3,Current,Active,30
42,36,Personal Loan,2024-07-27,5747.0,0.1038,36.0,C,3851.39,90+ DPD,Charged Off,24
43,37,Auto Loan,2024-01-21,8381.36,0.0588,48.0,D,2845.38,Current,Active,30
44,37,Credit Card,2024-11-29,4958.37,0.2501,,C,1583.79,Current,Active,20
45,38,Auto Loan,2023-05-06,15463.41,0.0678,60.0,A,5325.69,Current,Active,38
46,38,Auto Loan,2023-08-15,21784.42,0.0905,48.0,A,6097.63,Current,Active,35
47,39,Personal Loan,2025-12-15,18710.18,0.1683,48.0,E,15519.4,90+ DPD,Charged Off,7
48,39,Auto Loan,2023-03-13,13673.38,0.0713,48.0,E,2290.84,Current,Active,40
49,40,Mortgage,2024-09-24,447942.51,0.0614,360.0,B,379691.41,Current,Active,22
50,40,Personal Loan,2022-09-12,16230.33,0.1692,48.0,B,806.01,Current,Active,46
51,41,Mortgage,2026-03-04,360428.88,0.0723,360.0,D,239418.27,90+ DPD,Charged Off,4
52,42,Personal Loan,2026-03-28,24728.09,0.1461,36.0,D,8884.88,90+ DPD,Charged Off,4
53,42,Auto Loan,2024-12-17,42867.82,0.0593,48.0,B,25407.05,Current,Active,19
54,42,Credit Card,2024-02-26,3617.81,0.2265,,A,2912.04,Current,Active,29
55,44,Credit Card,2025-08-01,10096.66,0.257,,B,3299.89,Current,Active,11
56,45,Credit Card,2023-01-07,3163.88,0.2451,,C,870.4,Current,Active,42
57,45,Auto Loan,2024-03-26,20597.33,0.0744,36.0,C,4722.33,Current,Active,28
58,48,Personal Loan,2022-01-26,7402.95,0.1183,24.0,C,0.0,Current,Paid Off,54
59,49,Auto Loan,2024-04-08,15379.75,0.0652,72.0,E,10037.59,Current,Active,27
60,49,Credit Card,2025-06-06,11114.61,0.1962,,D,2235.63,30-59 DPD,Active,13
61,51,Credit Card,2022-02-03,13429.99,0.1606,,B,4555.13,Current,Active,53
62,52,Credit Card,2023-10-28,17395.4,0.1661,,C,10989.93,Current,Active,33
63,52,Auto Loan,2022-09-14,36955.77,0.069,36.0,C,0.0,Current,Paid Off,46
64,52,Credit Card,2022-05-18,19565.81,0.2456,,C,10484.2,Current,Active,50
65,53,Mortgage,2025-08-03,223827.73,0.0561,360.0,B,208266.91,60-89 DPD,Active,11
66,53,Auto Loan,2024-11-20,25588.01,0.0688,72.0,A,17395.17,Current,Active,20
67,55,Credit Card,2025-07-05,1262.62,0.2025,,B,667.79,Current,Active,12
68,56,Credit Card,2025-01-05,14126.39,0.1699,,B,3115.44,Current,Active,18
69,56,Auto Loan,2022-04-06,41376.74,0.1022,72.0,C,12471.12,30-59 DPD,Active,51
70,57,Credit Card,2024-12-26,18578.54,0.2113,,C,8911.28,90+ DPD,Charged Off,19
71,57,Mortgage,2022-05-17,619461.68,0.0518,240.0,A,453584.18,Current,Active,50
72,58,Personal Loan,2025-04-26,11904.14,0.1614,24.0,B,4581.45,Current,Active,15
73,59,Personal Loan,2024-07-15,10248.3,0.0957,48.0,B,5030.53,Current,Active,24
74,59,Personal Loan,2023-11-17,8263.55,0.1373,24.0,A,0.0,Current,Paid Off,32
75,62,Credit Card,2025-09-27,16331.15,0.197,,B,9309.51,Current,Active,10
76,63,Personal Loan,2023-03-15,24444.69,0.1625,36.0,C,0.0,Current,Paid Off,40
77,64,Auto Loan,2026-01-09,35870.89,0.1088,72.0,B,31419.73,Current,Active,6
78,65,Personal Loan,2024-02-21,16617.08,0.1864,24.0,A,0.0,Current,Paid Off,29
79,66,Auto Loan,2025-05-03,16847.69,0.0996,36.0,A,10029.41,Current,Active,14
80,66,Mortgage,2023-03-17,560196.13,0.0484,360.0,B,488990.13,30-59 DPD,Active,40
81,67,Credit Card,2022-04-24,7979.23,0.1618,,B,2387.5,Current,Active,51
82,68,Mortgage,2025-09-11,284492.26,0.0563,360.0,B,268431.25,Current,Active,10
83,69,Credit Card,2026-04-30,10235.22,0.206,,E,6056.07,60-89 DPD,Active,3
84,69,Auto Loan,2025-01-23,15615.37,0.0651,60.0,D,10198.18,Current,Active,18
85,70,Credit Card,2023-02-27,11224.73,0.1987,,C,6661.44,Current,Active,41
86,71,Credit Card,2025-12-04,10563.85,0.1752,,B,8813.62,Current,Active,7
87,71,Personal Loan,2025-10-30,18928.23,0.1753,48.0,C,16105.1,90+ DPD,Active,9
88,72,Mortgage,2023-02-16,160297.81,0.0478,180.0,E,123460.67,90+ DPD,Active,41
89,72,Auto Loan,2024-01-08,28362.44,0.0878,60.0,E,14470.45,30-59 DPD,Active,30
90,72,Auto Loan,2025-12-29,28670.62,0.0754,48.0,D,22086.08,Current,Active,7
91,73,Personal Loan,2025-02-22,8157.63,0.1527,24.0,A,2280.28,Current,Active,17
92,74,Credit Card,2023-04-26,6476.27,0.2514,,B,2238.87,Current,Active,39
93,74,Credit Card,2025-08-13,6070.81,0.1831,,A,2923.36,Current,Active,11
94,75,Mortgage,2024-05-01,213634.44,0.0563,360.0,E,186993.23,90+ DPD,Charged Off,26
95,76,Auto Loan,2024-09-22,11395.2,0.0516,72.0,A,7920.04,Current,Active,22
96,76,Credit Card,2025-03-16,15777.07,0.2431,,A,7907.51,Current,Active,16
97,76,Mortgage,2024-04-05,133467.76,0.0583,180.0,A,106589.37,Current,Active,27
98,78,Personal Loan,2025-07-10,7042.64,0.0918,48.0,D,5472.96,Current,Active,12
99,78,Auto Loan,2023-10-17,31137.28,0.0733,36.0,A,2559.74,30-59 DPD,Active,33
100,78,Auto Loan,2024-07-18,22897.0,0.077,60.0,B,14276.77,60-89 DPD,Active,24
101,80,Credit Card,2022-02-18,18355.81,0.256,,A,6413.5,Current,Active,53
102,80,Mortgage,2023-05-07,417468.27,0.0645,240.0,C,323198.34,Current,Active,38
103,80,Auto Loan,2023-01-26,31412.37,0.1058,36.0,A,0.0,Current,Paid Off,42
104,81,Credit Card,2024-02-24,2737.2,0.1687,,B,1834.03,Current,Active,29
105,83,Mortgage,2024-06-16,619891.64,0.064,240.0,C,319485.08,90+ DPD,Charged Off,25
106,84,Mortgage,2022-12-25,251872.94,0.0484,240.0,B,200162.67,30-59 DPD,Active,43
107,84,Credit Card,2025-04-26,3867.24,0.1873,,A,2730.69,30-59 DPD,Active,15
108,84,Auto Loan,2024-09-05,27730.18,0.0562,36.0,B,11192.24,Current,Active,22
109,85,Credit Card,2023-02-18,6879.31,0.1688,,D,1074.65,Current,Active,41
110,87,Credit Card,2023-06-26,16099.64,0.1946,,C,8859.9,90+ DPD,Charged Off,37
111,87,Credit Card,2024-07-21,10147.95,0.188,,D,4741.83,Current,Active,24
112,88,Personal Loan,2025-02-05,5840.4,0.1502,36.0,B,2933.67,Current,Active,17
113,89,Personal Loan,2025-11-01,5880.61,0.1075,36.0,C,4794.71,30-59 DPD,Active,8
114,90,Personal Loan,2025-09-29,13904.71,0.1366,36.0,A,9567.93,Current,Active,10
115,91,Credit Card,2022-02-02,15652.8,0.1826,,B,11581.74,90+ DPD,Charged Off,53
116,92,Credit Card,2024-04-19,2995.6,0.1795,,D,1987.21,Current,Active,27
117,93,Mortgage,2024-10-10,547460.72,0.0651,180.0,C,473761.97,Current,Active,21
118,94,Auto Loan,2023-02-04,15173.76,0.1015,36.0,C,0.0,Current,Paid Off,41
119,94,Credit Card,2025-12-28,14286.38,0.161,,A,10814.08,Current,Active,7
120,95,Mortgage,2025-06-01,543593.18,0.0483,360.0,C,533456.98,Current,Active,13
121,95,Mortgage,2024-06-13,626918.81,0.0688,180.0,C,524407.65,Current,Active,25
122,95,Credit Card,2023-04-02,15286.89,0.193,,C,12965.76,30-59 DPD,Active,39
123,96,Credit Card,2024-02-22,15279.28,0.1947,,A,12235.48,Current,Active,29
124,96,Auto Loan,2025-01-20,30236.95,0.0968,60.0,A,19309.44,Current,Active,18
125,97,Credit Card,2022-05-18,1660.1,0.2356,,C,280.88,Current,Active,50
126,97,Personal Loan,2022-09-15,17330.91,0.1627,24.0,C,0.0,Current,Paid Off,46
127,98,Personal Loan,2024-11-24,14649.84,0.1493,36.0,C,6339.65,Current,Active,20
128,99,Credit Card,2023-09-13,5440.52,0.192,,B,3335.88,Current,Active,34
129,100,Auto Loan,2025-02-04,21944.39,0.0894,72.0,C,16010.63,Current,Active,17
130,101,Auto Loan,2022-12-14,12477.97,0.0899,72.0,D,4545.15,60-89 DPD,Active,43
131,102,Credit Card,2025-04-24,8194.67,0.1907,,B,2209.26,Current,Active,15
132,102,Personal Loan,2022-12-11,9333.81,0.1326,24.0,B,0.0,Current,Paid Off,43
133,103,Auto Loan,2024-09-29,13840.16,0.0652,60.0,A,8430.63,Current,Active,22
134,103,Credit Card,2023-10-29,19899.84,0.2443,,A,16373.19,Current,Active,33
135,104,Auto Loan,2024-11-19,44554.76,0.0916,36.0,A,19477.8,Current,Active,20
136,104,Auto Loan,2023-11-24,21760.28,0.0891,48.0,C,7140.47,60-89 DPD,Active,32
137,104,Auto Loan,2022-07-12,27758.7,0.0853,72.0,B,8594.76,Current,Active,48
138,105,Personal Loan,2025-12-29,9282.08,0.1426,48.0,B,8180.94,Current,Active,7
139,106,Personal Loan,2024-05-16,18574.64,0.1509,48.0,B,7876.97,Current,Active,26
140,106,Mortgage,2025-01-23,553238.76,0.0512,180.0,B,475852.7,Current,Active,18
141,107,Mortgage,2023-04-11,387258.74,0.0601,360.0,C,336656.65,Current,Active,39
142,107,Auto Loan,2024-11-04,34687.13,0.0544,72.0,A,24491.87,Current,Active,20
143,108,Auto Loan,2022-12-10,22265.97,0.0792,72.0,D,8705.13,Current,Active,43
144,109,Auto Loan,2025-10-07,36941.31,0.0901,48.0,B,30211.86,Current,Active,9
145,110,Credit Card,2022-04-07,18145.87,0.2073,,C,4293.07,Current,Active,51
146,110,Auto Loan,2024-03-01,13823.58,0.0724,72.0,A,8443.28,Current,Active,28
147,111,Mortgage,2022-02-05,648600.91,0.0716,240.0,A,520417.29,Current,Active,53
148,111,Credit Card,2023-08-26,19420.81,0.2313,,C,4147.42,Current,Active,35
149,112,Personal Loan,2022-01-07,20245.31,0.1704,24.0,C,0.0,Current,Paid Off,54
150,115,Credit Card,2026-05-26,1659.28,0.2273,,D,780.63,Current,Active,2
151,116,Credit Card,2025-08-11,16969.03,0.2302,,A,2027.86,Current,Active,11
152,117,Personal Loan,2023-03-13,23138.52,0.1375,24.0,C,0.0,Current,Paid Off,40
153,118,Personal Loan,2023-05-09,12271.64,0.142,24.0,B,0.0,Current,Paid Off,38
154,118,Mortgage,2024-05-10,510419.06,0.0681,240.0,B,436553.46,Current,Active,26
155,119,Mortgage,2024-05-14,324522.79,0.0661,360.0,B,309431.49,Current,Active,26
156,120,Personal Loan,2024-12-09,10304.51,0.1891,48.0,C,5773.19,Current,Active,19
157,120,Credit Card,2024-01-22,15893.44,0.1649,,B,2859.47,Current,Active,30
158,121,Mortgage,2026-02-01,336695.08,0.0608,180.0,C,299547.31,Current,Active,5
159,121,Credit Card,2022-02-14,6081.56,0.2216,,A,5108.91,Current,Active,53
160,121,Personal Loan,2022-04-01,5549.45,0.1388,36.0,B,0.0,Current,Paid Off,51
161,122,Personal Loan,2022-12-08,23691.71,0.1475,48.0,A,9673.86,90+ DPD,Charged Off,43
162,125,Auto Loan,2023-11-26,12299.55,0.0757,60.0,D,5013.01,90+ DPD,Charged Off,32
163,128,Personal Loan,2023-12-19,12623.01,0.1092,36.0,A,1838.1,Current,Active,31
164,131,Personal Loan,2024-05-08,22238.68,0.1516,24.0,A,0.0,Current,Paid Off,26
165,131,Personal Loan,2023-09-14,19739.63,0.1477,48.0,A,5291.62,30-59 DPD,Active,34
166,132,Mortgage,2025-03-20,607657.34,0.0657,240.0,B,561370.36,Current,Active,16
167,133,Mortgage,2026-04-09,378352.46,0.0549,360.0,A,362658.34,Current,Active,3
168,133,Auto Loan,2022-07-16,37592.32,0.1046,72.0,A,11296.83,Current,Active,48
169,138,Mortgage,2024-09-25,418291.29,0.0714,240.0,C,393206.72,Current,Active,22
170,138,Credit Card,2022-09-20,17277.53,0.2104,,B,5069.51,Current,Active,46
171,138,Personal Loan,2023-09-25,21682.84,0.1783,24.0,A,0.0,Current,Paid Off,34
172,139,Auto Loan,2024-07-01,25552.14,0.0652,72.0,B,15770.73,30-59 DPD,Active,24
173,139,Personal Loan,2024-03-23,7742.1,0.1892,36.0,B,1665.35,Current,Active,28
174,139,Personal Loan,2024-10-07,9299.8,0.1538,36.0,B,3899.22,Current,Active,21
175,140,Auto Loan,2024-01-06,21797.48,0.0768,72.0,C,12195.72,Current,Active,30
176,141,Personal Loan,2022-06-23,16237.07,0.1443,24.0,B,0.0,Current,Paid Off,49
177,141,Auto Loan,2023-07-07,30065.58,0.0972,72.0,B,24308.61,90+ DPD,Charged Off,36
178,141,Credit Card,2025-07-04,7022.75,0.2507,,B,2309.89,Current,Active,12
179,142,Credit Card,2025-04-23,17704.79,0.1982,,B,3615.17,Current,Active,15
180,142,Credit Card,2023-09-30,4326.5,0.1689,,A,1539.68,Current,Active,34
181,143,Mortgage,2022-11-07,190356.65,0.072,240.0,C,148247.7,Current,Active,44
182,143,Mortgage,2025-08-22,228868.37,0.055,360.0,C,220932.97,Current,Active,11
183,143,Credit Card,2025-01-18,19584.51,0.1858,,C,12837.37,30-59 DPD,Active,18
184,144,Auto Loan,2023-10-21,39093.45,0.0853,72.0,D,19216.81,Current,Active,33
185,145,Mortgage,2023-11-04,418075.96,0.0553,360.0,C,183453.92,90+ DPD,Charged Off,32
186,145,Mortgage,2024-04-23,601040.1,0.0475,180.0,C,515415.07,Current,Active,27
187,146,Auto Loan,2022-08-18,17650.81,0.0623,72.0,B,13843.29,90+ DPD,Charged Off,47
188,146,Personal Loan,2023-11-19,22131.4,0.1747,24.0,B,0.0,Current,Paid Off,32
189,146,Auto Loan,2024-06-02,21819.79,0.0841,48.0,A,10767.88,Current,Active,25
190,147,Mortgage,2025-10-28,468778.83,0.0489,240.0,B,421102.62,Current,Active,9
191,147,Credit Card,2025-12-17,15079.87,0.2029,,B,9654.66,Current,Active,7
192,147,Auto Loan,2022-10-02,33323.11,0.0891,72.0,A,11975.54,Current,Active,45
193,148,Personal Loan,2025-11-01,6678.78,0.1025,36.0,B,5296.72,Current,Active,8
194,148,Personal Loan,2023-07-21,6743.16,0.1014,36.0,B,0.0,Current,Paid Off,36
195,150,Auto Loan,2023-02-13,18610.9,0.1008,72.0,B,8115.96,Current,Active,41
196,150,Personal Loan,2025-11-01,13004.4,0.1636,48.0,C,11324.63,Current,Active,8
197,150,Personal Loan,2023-07-02,16651.87,0.1218,36.0,A,0.0,Current,Paid Off,36
198,151,Auto Loan,2023-01-02,11747.31,0.0553,48.0,D,1365.73,Current,Active,42
199,151,Auto Loan,2024-10-11,31661.03,0.0864,72.0,C,23237.3,Current,Active,21
200,152,Credit Card,2025-10-07,11055.65,0.1982,,A,5929.18,Current,Active,9
201,152,Credit Card,2022-06-06,19046.74,0.2366,,A,15359.39,Current,Active,49
202,152,Personal Loan,2022-09-19,3652.31,0.1215,36.0,B,0.0,Current,Paid Off,46
203,153,Mortgage,2026-04-22,273579.6,0.0572,360.0,D,259115.69,30-59 DPD,Active,3
204,153,Auto Loan,2024-12-19,42797.44,0.1014,60.0,C,28682.65,Current,Active,19
205,154,Personal Loan,2025-02-13,8758.68,0.1424,48.0,C,5588.77,Current,Active,17
206,155,Credit Card,2022-03-28,12015.15,0.2446,,B,6304.88,Current,Active,52
207,156,Auto Loan,2022-07-12,24512.61,0.078,48.0,A,0.0,Current,Paid Off,48
208,157,Auto Loan,2023-07-28,26931.29,0.0999,60.0,C,9981.21,Current,Active,36
209,158,Mortgage,2022-08-21,343319.88,0.0664,240.0,B,263229.18,Current,Active,47
210,158,Personal Loan,2022-09-20,16619.38,0.1458,24.0,B,0.0,Current,Paid Off,46
211,158,Personal Loan,2025-11-10,8144.14,0.1327,36.0,B,5856.39,Current,Active,8
212,159,Credit Card,2022-07-15,17342.99,0.2312,,A,3251.16,Current,Active,48
213,159,Auto Loan,2023-09-08,29653.88,0.0898,72.0,B,14861.16,Current,Active,34
214,161,Auto Loan,2024-03-17,30650.29,0.0536,36.0,B,6135.41,Current,Active,28
215,161,Credit Card,2025-01-29,1004.98,0.2027,,B,240.07,Current,Active,18
216,161,Credit Card,2022-08-15,8879.93,0.1894,,C,1738.19,Current,Active,47
217,162,Personal Loan,2025-08-20,15719.91,0.097,24.0,D,7738.34,Current,Active,11
218,162,Credit Card,2023-12-17,7671.13,0.2195,,B,3194.47,Current,Active,31
219,163,Credit Card,2022-04-21,8683.71,0.1872,,B,4646.59,Current,Active,51
220,165,Personal Loan,2023-12-08,9263.17,0.1594,24.0,B,0.0,Current,Paid Off,31
221,165,Credit Card,2023-05-14,2127.67,0.2461,,D,851.07,90+ DPD,Charged Off,38
222,166,Auto Loan,2026-01-21,16108.95,0.1076,60.0,C,14389.88,Current,Active,6
223,167,Personal Loan,2022-07-13,8428.76,0.1378,36.0,A,0.0,Current,Paid Off,48
224,167,Credit Card,2025-08-08,16817.88,0.2214,,A,2385.05,Current,Active,11
225,169,Personal Loan,2025-11-20,3372.97,0.0945,36.0,A,2495.52,Current,Active,8
226,169,Personal Loan,2025-11-27,19911.52,0.162,36.0,C,15168.75,Current,Active,8
227,170,Mortgage,2023-04-28,497880.48,0.0589,240.0,A,382636.32,Current,Active,39
228,171,Auto Loan,2025-11-03,44268.37,0.0929,72.0,B,40891.99,Current,Active,8
229,172,Personal Loan,2022-09-08,14143.57,0.1635,36.0,D,0.0,Current,Paid Off,46
230,173,Personal Loan,2022-03-07,9436.97,0.1287,24.0,B,0.0,Current,Paid Off,52
231,174,Auto Loan,2023-03-30,17076.62,0.0791,36.0,A,0.0,Current,Paid Off,40
232,175,Personal Loan,2023-06-09,16343.07,0.157,48.0,A,3605.82,Current,Active,37
233,176,Personal Loan,2023-02-25,14831.9,0.1679,36.0,C,0.0,Current,Paid Off,41
234,176,Personal Loan,2022-01-16,23180.46,0.1501,48.0,C,0.0,Current,Paid Off,54
235,176,Mortgage,2026-04-09,350260.78,0.0655,360.0,C,325980.99,90+ DPD,Active,3
236,177,Mortgage,2025-01-26,331399.44,0.0638,180.0,D,279704.61,60-89 DPD,Active,18
237,177,Personal Loan,2025-08-30,7185.87,0.124,24.0,C,4019.88,Current,Active,11
238,178,Personal Loan,2026-01-03,19501.38,0.1534,48.0,C,16580.94,Current,Active,6
239,178,Auto Loan,2024-09-22,8808.56,0.0806,48.0,B,4442.03,Current,Active,22
240,179,Credit Card,2026-05-06,16951.07,0.2394,,C,7038.37,30-59 DPD,Active,2
241,179,Mortgage,2022-06-18,419287.08,0.0492,240.0,A,318370.44,Current,Active,49
242,180,Credit Card,2024-11-30,4189.11,0.2306,,A,2466.64,Current,Active,20
243,180,Credit Card,2023-04-13,10227.77,0.1621,,B,8632.22,Current,Active,39
244,181,Credit Card,2026-03-05,16786.26,0.2285,,B,3949.27,Current,Active,4
245,182,Auto Loan,2024-03-03,8938.8,0.0746,36.0,B,1810.24,Current,Active,28
246,182,Personal Loan,2024-11-03,16284.01,0.1815,36.0,D,7081.42,Current,Active,20
247,184,Credit Card,2025-04-25,4878.84,0.2428,,B,1599.41,Current,Active,15
248,186,Credit Card,2022-05-21,16491.4,0.171,,C,10429.7,Current,Active,50
249,190,Mortgage,2024-03-26,167447.35,0.0562,180.0,C,133375.27,Current,Active,28
250,191,Credit Card,2025-05-21,13089.9,0.2119,,B,2761.26,Current,Active,14
251,192,Credit Card,2023-07-06,15585.66,0.221,,E,9119.52,30-59 DPD,Active,36
252,193,Credit Card,2023-01-16,5450.63,0.2114,,E,2522.54,Current,Active,42
253,194,Auto Loan,2022-01-05,9106.73,0.075,72.0,A,2160.48,Current,Active,54
254,195,Credit Card,2024-01-29,11548.48,0.1773,,B,10483.78,90+ DPD,Charged Off,30
255,196,Auto Loan,2025-04-03,26980.92,0.0912,60.0,B,19167.24,Current,Active,15
256,197,Auto Loan,2022-10-19,30625.58,0.1074,72.0,D,10774.58,Current,Active,45
257,197,Mortgage,2026-05-13,258350.26,0.0492,240.0,C,256814.36,Current,Active,2
258,197,Auto Loan,2025-05-16,33844.77,0.1079,72.0,C,27511.66,Current,Active,14
259,200,Auto Loan,2024-10-30,25582.29,0.1073,48.0,B,13111.34,Current,Active,21
260,201,Credit Card,2022-05-04,5059.88,0.2027,,A,3177.35,60-89 DPD,Active,50
261,202,Mortgage,2025-03-25,241371.49,0.0665,180.0,D,222102.48,Current,Active,16
262,203,Mortgage,2026-03-30,205512.55,0.0672,240.0,B,188829.9,Current,Active,4
263,203,Credit Card,2024-11-10,10931.36,0.2346,,D,2126.93,Current,Active,20
264,204,Mortgage,2023-02-07,588222.63,0.0655,240.0,B,479652.61,Current,Active,41
265,205,Credit Card,2023-05-17,11193.28,0.1751,,B,6430.67,Current,Active,38
266,205,Personal Loan,2022-09-26,18271.86,0.1035,36.0,E,0.0,Current,Paid Off,46
267,205,Auto Loan,2024-01-18,18283.32,0.06,72.0,B,11147.21,Current,Active,30
268,206,Credit Card,2025-07-19,18952.09,0.2397,,D,4856.99,Current,Active,12
269,206,Auto Loan,2022-04-05,20179.76,0.0831,48.0,B,0.0,Current,Paid Off,51
270,206,Personal Loan,2024-02-07,9089.1,0.1146,48.0,C,3282.09,30-59 DPD,Active,29
271,207,Credit Card,2023-02-21,16728.92,0.2152,,E,7829.48,90+ DPD,Charged Off,41
272,207,Auto Loan,2025-06-07,14488.09,0.0823,36.0,E,5479.24,90+ DPD,Charged Off,13
273,208,Personal Loan,2023-04-30,12249.94,0.1484,48.0,B,2222.9,Current,Active,39
274,210,Mortgage,2022-08-28,438928.32,0.0581,180.0,A,315729.99,Current,Active,47
275,210,Personal Loan,2024-01-23,3758.19,0.1445,48.0,B,1299.44,Current,Active,30
276,211,Credit Card,2025-10-13,3481.93,0.212,,A,2785.13,Current,Active,9
277,211,Credit Card,2024-02-10,6685.62,0.2033,,C,1296.52,Current,Active,29
278,212,Personal Loan,2022-05-17,14760.89,0.1604,24.0,B,0.0,Current,Paid Off,50
279,212,Personal Loan,2026-04-17,16767.54,0.1158,48.0,C,14801.19,Current,Active,3
280,213,Credit Card,2022-08-21,19175.01,0.2428,,B,6869.74,Current,Active,47
281,214,Credit Card,2023-03-21,19019.83,0.2242,,D,4111.19,Current,Active,40
282,214,Auto Loan,2026-01-01,11276.73,0.0687,48.0,B,9988.89,Current,Active,6
283,215,Auto Loan,2023-01-25,10463.85,0.0849,60.0,B,2950.59,Current,Active,42
284,216,Credit Card,2025-04-24,11946.42,0.2223,,C,6677.38,Current,Active,15
285,219,Personal Loan,2023-10-01,9068.35,0.1455,24.0,C,0.0,Current,Paid Off,33
286,219,Auto Loan,2025-02-03,26451.43,0.0738,48.0,B,16220.33,Current,Active,17
287,219,Personal Loan,2026-05-06,19736.94,0.0929,36.0,A,17732.03,Current,Active,2
288,220,Mortgage,2025-12-22,381131.24,0.0619,240.0,D,347524.61,Current,Active,7
289,221,Credit Card,2022-05-26,3319.24,0.2419,,C,1393.42,Current,Active,50
290,221,Auto Loan,2025-08-28,41110.44,0.0614,36.0,C,26525.76,Current,Active,11
291,222,Personal Loan,2022-07-20,24216.58,0.1728,24.0,A,0.0,Current,Paid Off,48
292,223,Auto Loan,2025-09-24,26276.42,0.0901,60.0,B,20935.79,Current,Active,10
293,223,Credit Card,2022-11-19,1380.25,0.2363,,A,303.14,Current,Active,44
294,226,Personal Loan,2025-03-18,16318.21,0.1846,48.0,B,10017.98,Current,Active,16
295,227,Auto Loan,2026-03-23,33617.68,0.065,72.0,A,26959.6,90+ DPD,Charged Off,4
296,228,Personal Loan,2024-10-17,8342.47,0.1626,36.0,B,3447.31,Current,Active,21
297,228,Mortgage,2025-07-13,390495.27,0.067,360.0,C,355378.92,Current,Active,12
298,229,Personal Loan,2026-01-25,4095.97,0.1589,36.0,A,3430.87,Current,Active,6
299,230,Auto Loan,2025-08-30,40112.2,0.0796,48.0,C,29610.61,Current,Active,11
300,231,Personal Loan,2022-10-04,19060.16,0.1801,48.0,B,1158.1,Current,Active,45
301,232,Personal Loan,2023-02-23,14600.52,0.1456,36.0,B,0.0,Current,Paid Off,41
302,236,Auto Loan,2022-12-09,40374.61,0.1023,36.0,B,0.0,Current,Paid Off,43
303,236,Credit Card,2023-07-02,3391.68,0.2141,,C,663.05,Current,Active,36
304,237,Auto Loan,2024-06-17,12760.28,0.0856,48.0,B,5529.62,30-59 DPD,Active,25
305,237,Personal Loan,2024-03-19,7771.67,0.1082,24.0,C,0.0,Current,Paid Off,28
306,237,Auto Loan,2023-03-25,38162.77,0.0874,60.0,D,12423.19,Current,Active,40
307,239,Credit Card,2024-07-20,6833.27,0.1754,,A,2686.61,Current,Active,24
308,240,Auto Loan,2022-10-16,39336.96,0.1031,72.0,E,25342.32,90+ DPD,Charged Off,45
309,240,Personal Loan,2025-05-18,24683.29,0.1454,24.0,D,9523.44,Current,Active,14
310,241,Personal Loan,2023-04-04,3480.86,0.1255,48.0,B,597.99,Current,Active,39
311,241,Personal Loan,2022-09-19,13052.15,0.0982,24.0,B,0.0,Current,Paid Off,46
312,242,Auto Loan,2023-03-10,44257.16,0.0765,36.0,A,0.0,Current,Paid Off,40
313,243,Personal Loan,2025-09-18,15163.2,0.1268,24.0,B,8912.63,Current,Active,10
314,245,Personal Loan,2026-03-28,14520.42,0.1246,24.0,B,12357.72,30-59 DPD,Active,4
315,245,Mortgage,2026-03-13,342841.14,0.0471,240.0,B,352387.28,Current,Active,4
316,246,Personal Loan,2026-01-02,24683.83,0.1195,24.0,C,18322.72,Current,Active,6
317,251,Credit Card,2026-02-22,2040.46,0.2207,,B,303.85,Current,Active,5
318,252,Personal Loan,2025-04-28,22868.9,0.1652,36.0,B,12268.45,Current,Active,15
319,252,Personal Loan,2025-10-31,15366.46,0.0977,24.0,A,9564.01,Current,Active,9
320,252,Credit Card,2023-11-17,10036.24,0.2331,,A,7039.04,Current,Active,32
321,253,Auto Loan,2024-05-28,37628.13,0.0912,36.0,B,10240.81,Current,Active,26
322,253,Credit Card,2022-07-06,19252.01,0.236,,B,6694.78,Current,Active,48
323,255,Personal Loan,2025-12-23,20656.26,0.1114,48.0,C,18445.2,Current,Active,7
324,256,Personal Loan,2022-03-30,5138.69,0.1686,36.0,C,0.0,Current,Paid Off,52
325,257,Credit Card,2022-08-03,16657.1,0.2451,,A,12562.27,Current,Active,47
326,258,Mortgage,2024-10-24,636926.42,0.0523,360.0,D,628811.86,30-59 DPD,Active,21
327,258,Personal Loan,2023-10-28,8902.36,0.1808,48.0,E,2900.26,30-59 DPD,Active,33
328,259,Credit Card,2022-06-15,8338.73,0.1631,,D,4131.33,90+ DPD,Charged Off,49
329,259,Personal Loan,2024-04-07,15957.12,0.1041,24.0,B,0.0,Current,Paid Off,27
330,261,Credit Card,2023-05-24,14000.07,0.2583,,B,3691.61,Current,Active,38
331,261,Mortgage,2022-09-14,561277.16,0.0744,180.0,B,409232.77,Current,Active,46
332,262,Auto Loan,2025-12-06,17776.34,0.0726,60.0,A,15586.06,Current,Active,7
333,263,Personal Loan,2026-02-18,8262.85,0.0947,48.0,C,6835.16,Current,Active,5
334,264,Auto Loan,2026-03-16,40466.74,0.0602,72.0,A,34597.38,Current,Active,4
335,264,Personal Loan,2024-03-28,18981.62,0.1852,48.0,B,7364.8,Current,Active,28
336,265,Auto Loan,2023-10-20,8898.89,0.0814,72.0,A,5038.65,Current,Active,33
337,266,Auto Loan,2026-04-11,15989.04,0.0821,60.0,D,14782.26,30-59 DPD,Active,3
338,266,Credit Card,2023-11-11,7373.97,0.2542,,B,4412.36,Current,Active,32
339,268,Auto Loan,2022-01-20,22166.47,0.0701,48.0,A,0.0,Current,Paid Off,54
340,269,Personal Loan,2024-01-31,6970.65,0.1852,48.0,A,2670.51,Current,Active,30
341,270,Credit Card,2022-10-08,6072.88,0.226,,B,3500.89,90+ DPD,Charged Off,45
342,270,Credit Card,2022-10-05,5951.85,0.2492,,B,1248.59,Current,Active,45
343,272,Personal Loan,2022-11-25,12253.84,0.1254,24.0,E,0.0,Current,Paid Off,44
344,272,Auto Loan,2023-07-18,20952.46,0.0521,60.0,C,8265.96,Current,Active,36
345,272,Mortgage,2024-07-08,615370.13,0.0584,360.0,B,556550.9,Current,Active,24
346,274,Mortgage,2024-12-30,172537.51,0.0605,360.0,B,149938.79,Current,Active,19
347,276,Mortgage,2022-02-09,246689.43,0.0666,180.0,D,178718.97,Current,Active,53
348,277,Mortgage,2023-12-27,563297.22,0.0495,180.0,A,476941.26,Current,Active,31
349,277,Credit Card,2024-05-09,6676.61,0.1979,,B,4131.17,Current,Active,26
350,278,Credit Card,2025-06-15,8498.29,0.2513,,B,2089.06,Current,Active,13
351,279,Credit Card,2022-12-16,18128.71,0.2478,,A,5779.98,Current,Active,43
352,280,Mortgage,2023-08-22,253086.66,0.052,180.0,B,211751.67,Current,Active,35
353,281,Auto Loan,2024-01-16,9164.71,0.0874,60.0,A,4756.06,Current,Active,30
354,281,Credit Card,2022-08-27,18156.01,0.1823,,A,7758.76,Current,Active,47
355,282,Credit Card,2026-01-28,8883.16,0.2449,,C,2508.96,Current,Active,6
356,283,Mortgage,2025-10-19,471059.63,0.0509,360.0,B,418592.16,Current,Active,9
357,283,Auto Loan,2025-07-31,17373.59,0.1073,36.0,C,10652.33,Current,Active,12
358,284,Auto Loan,2025-06-05,36811.65,0.081,36.0,B,23391.72,30-59 DPD,Active,13
359,284,Personal Loan,2024-06-16,22622.18,0.16,36.0,C,7048.62,Current,Active,25
360,285,Personal Loan,2023-09-23,11219.02,0.1673,36.0,A,9069.48,90+ DPD,Charged Off,34
361,285,Auto Loan,2025-06-28,26842.57,0.0762,48.0,B,18920.28,Current,Active,13
362,286,Credit Card,2023-11-08,4740.67,0.234,,D,876.9,Current,Active,32
363,287,Auto Loan,2026-01-31,10775.11,0.065,48.0,B,9240.28,Current,Active,6
364,288,Personal Loan,2023-02-20,17687.01,0.158,24.0,C,0.0,Current,Paid Off,41
365,289,Credit Card,2023-11-30,13640.38,0.2042,,A,6053.6,Current,Active,32
366,290,Credit Card,2026-03-11,15049.4,0.2333,,B,5171.35,Current,Active,4
367,293,Auto Loan,2023-03-19,30639.02,0.0564,48.0,C,5262.67,Current,Active,40
368,295,Credit Card,2023-04-24,13798.17,0.1872,,A,6383.96,Current,Active,39
369,295,Personal Loan,2025-02-08,18949.57,0.1386,24.0,A,5105.49,Current,Active,17
370,296,Credit Card,2025-05-29,15682.47,0.248,,C,6389.1,Current,Active,14
371,297,Personal Loan,2022-04-09,13397.95,0.0987,36.0,C,0.0,Current,Paid Off,51
372,298,Personal Loan,2025-10-18,15061.32,0.1096,48.0,D,11283.69,30-59 DPD,Active,9
373,298,Personal Loan,2025-10-15,16507.81,0.1321,24.0,C,10232.93,Current,Active,9
374,299,Credit Card,2022-04-08,11854.81,0.2437,,D,6465.87,30-59 DPD,Active,51
375,300,Personal Loan,2024-06-26,17957.78,0.1767,36.0,C,5687.16,Current,Active,25
376,300,Mortgage,2024-04-07,217321.36,0.052,360.0,B,189719.26,Current,Active,27
377,301,Credit Card,2022-11-09,4775.38,0.2062,,E,3669.65,90+ DPD,Active,44
378,301,Personal Loan,2022-01-08,18802.71,0.1032,36.0,B,0.0,Current,Paid Off,54
379,302,Credit Card,2026-03-27,9020.49,0.2252,,A,1724.25,Current,Active,4
380,302,Mortgage,2026-05-22,335443.84,0.0497,240.0,B,342501.26,Current,Active,2
381,305,Mortgage,2025-09-25,546432.09,0.0607,180.0,C,360460.14,90+ DPD,Charged Off,10
382,306,Auto Loan,2022-01-01,10013.5,0.058,48.0,C,0.0,Current,Paid Off,54
383,307,Auto Loan,2023-07-20,9122.11,0.1058,72.0,B,4435.75,Current,Active,36
384,309,Credit Card,2022-02-11,9883.29,0.2092,,C,4025.52,90+ DPD,Charged Off,53
385,310,Personal Loan,2023-03-28,18195.1,0.1325,36.0,A,0.0,Current,Paid Off,40
386,310,Credit Card,2026-05-04,4891.62,0.2128,,A,1566.2,Current,Active,2
387,310,Auto Loan,2026-01-15,39014.67,0.0905,60.0,A,34508.55,Current,Active,6
388,312,Mortgage,2025-08-13,310255.69,0.0677,240.0,B,268285.21,60-89 DPD,Active,11
389,313,Credit Card,2025-10-26,2574.23,0.2207,,C,1019.75,Current,Active,9
390,314,Auto Loan,2023-09-12,36830.02,0.0574,72.0,B,30282.22,90+ DPD,Charged Off,34
391,315,Mortgage,2022-12-17,404615.1,0.054,360.0,A,370878.0,Current,Active,43
392,316,Personal Loan,2024-05-02,5921.24,0.1734,24.0,E,0.0,Current,Paid Off,26
393,317,Personal Loan,2025-05-18,6268.81,0.1616,24.0,B,2778.73,90+ DPD,Charged Off,14
394,317,Mortgage,2022-10-24,634164.66,0.0674,180.0,D,444370.45,Current,Active,45
395,318,Personal Loan,2023-08-14,12066.0,0.1166,48.0,B,3406.96,30-59 DPD,Active,35
396,318,Mortgage,2026-05-21,139689.2,0.0581,360.0,B,73249.1,90+ DPD,Charged Off,2
397,319,Mortgage,2023-12-07,154550.5,0.0515,360.0,C,130555.14,Current,Active,31
398,320,Personal Loan,2022-09-12,14710.93,0.0906,48.0,C,710.44,Current,Active,46
399,320,Personal Loan,2022-04-11,8262.58,0.1538,48.0,C,0.0,Current,Paid Off,51
400,321,Auto Loan,2024-03-21,17482.24,0.077,36.0,B,3545.62,Current,Active,28
401,322,Auto Loan,2025-01-23,15781.03,0.1013,48.0,C,9605.37,Current,Active,18
402,323,Auto Loan,2022-08-15,34519.43,0.0804,60.0,B,7198.33,Current,Active,47
403,324,Personal Loan,2025-05-24,11935.6,0.1664,36.0,B,6737.88,Current,Active,14
404,325,Auto Loan,2023-03-02,12145.14,0.0839,36.0,C,0.0,Current,Paid Off,40
405,326,Auto Loan,2023-08-31,18011.6,0.0825,48.0,A,4395.52,Current,Active,35
406,327,Credit Card,2024-04-21,10076.41,0.2275,,B,2568.7,Current,Active,27
407,331,Auto Loan,2026-03-12,11044.75,0.0593,60.0,A,9566.9,Current,Active,4
408,332,Personal Loan,2024-05-03,16333.11,0.1789,36.0,E,4404.67,Current,Active,26
409,333,Auto Loan,2022-09-14,12058.26,0.0723,48.0,B,587.46,60-89 DPD,Active,46
410,335,Credit Card,2024-08-04,10130.11,0.2301,,B,7126.36,Current,Active,23
411,336,Credit Card,2023-01-12,16509.08,0.2275,,A,12300.72,Current,Active,42
412,336,Credit Card,2023-01-01,4363.13,0.2518,,A,2433.44,Current,Active,42
413,338,Credit Card,2026-05-03,15112.16,0.2125,,A,7757.24,Current,Active,2
414,339,Auto Loan,2026-03-24,12327.1,0.083,48.0,D,10671.99,Current,Active,4
415,339,Auto Loan,2022-04-06,35987.74,0.0697,36.0,D,0.0,Current,Paid Off,51
416,340,Credit Card,2023-10-31,1958.73,0.1732,,C,979.08,90+ DPD,Charged Off,33
417,340,Credit Card,2024-03-22,19926.78,0.2356,,D,9871.84,Current,Active,28
418,341,Auto Loan,2024-04-18,36414.18,0.0511,48.0,C,14936.07,Current,Active,27
419,341,Credit Card,2026-03-07,4872.21,0.2379,,A,3025.11,Current,Active,4
420,342,Auto Loan,2023-09-11,33428.85,0.051,60.0,C,15128.98,Current,Active,34
421,344,Credit Card,2023-01-13,12459.42,0.1706,,C,10336.89,90+ DPD,Active,42
422,344,Auto Loan,2023-06-12,38584.19,0.0994,72.0,D,36166.02,90+ DPD,Charged Off,37
423,345,Auto Loan,2022-04-25,43000.1,0.0799,60.0,A,5913.98,Current,Active,51
424,345,Personal Loan,2025-09-13,20774.93,0.141,24.0,D,12138.15,Current,Active,10
425,346,Personal Loan,2023-11-07,23099.46,0.1877,24.0,C,0.0,Current,Paid Off,32
426,346,Personal Loan,2025-06-17,18560.26,0.1149,36.0,A,11464.73,Current,Active,13
427,348,Credit Card,2025-08-19,12820.67,0.2234,,A,6487.15,Current,Active,11
428,350,Auto Loan,2022-12-03,9372.6,0.0694,72.0,A,3619.08,Current,Active,43
429,352,Auto Loan,2025-04-22,23965.43,0.0693,48.0,C,15204.43,Current,Active,15
430,353,Personal Loan,2025-09-12,8402.8,0.1021,48.0,B,6947.26,Current,Active,10
431,354,Credit Card,2024-08-08,11484.26,0.2014,,C,3040.2,Current,Active,23
432,355,Credit Card,2022-12-12,1344.81,0.1702,,B,140.36,Current,Active,43
433,355,Credit Card,2024-10-26,1851.32,0.2467,,D,580.2,Current,Active,21
434,356,Auto Loan,2025-07-11,28114.37,0.0866,72.0,C,24177.98,Current,Active,12
435,357,Auto Loan,2025-10-17,20360.26,0.0607,48.0,D,15186.69,Current,Active,9
436,359,Mortgage,2024-07-26,263710.75,0.0736,360.0,B,255202.47,Current,Active,24
437,360,Credit Card,2023-08-31,13779.44,0.2391,,B,2619.62,Current,Active,35
438,361,Credit Card,2022-11-18,8856.35,0.1746,,A,1081.46,Current,Active,44
439,362,Personal Loan,2022-12-08,22424.99,0.0966,48.0,D,8230.76,90+ DPD,Charged Off,43
440,363,Mortgage,2025-07-28,571545.28,0.0573,360.0,C,548958.61,Current,Active,12
441,363,Personal Loan,2022-09-27,8541.44,0.1314,48.0,C,447.31,Current,Active,46
442,364,Credit Card,2023-09-02,7094.72,0.1764,,A,1776.95,Current,Active,34
443,366,Mortgage,2023-05-18,202763.78,0.0469,180.0,B,156624.95,Current,Active,38
444,367,Auto Loan,2023-01-27,36546.71,0.0704,60.0,C,11003.67,Current,Active,42
445,368,Personal Loan,2023-04-21,8829.64,0.1347,48.0,A,1634.0,Current,Active,39
446,368,Mortgage,2024-05-11,239849.76,0.0515,240.0,A,201470.56,Current,Active,26
447,369,Credit Card,2025-06-10,3002.36,0.214,,C,2478.28,90+ DPD,Charged Off,13
448,370,Personal Loan,2026-03-01,12572.27,0.0933,36.0,D,10300.94,Current,Active,4
449,371,Auto Loan,2024-03-25,28077.57,0.0624,48.0,C,11584.75,Current,Active,28
450,371,Credit Card,2025-08-26,17461.86,0.21,,A,11826.61,Current,Active,11
451,372,Personal Loan,2026-02-26,14193.35,0.1739,48.0,D,11817.83,Current,Active,5
452,372,Credit Card,2025-07-29,14310.91,0.2421,,E,11846.18,Current,Active,12
453,374,Personal Loan,2023-03-01,16322.69,0.1363,48.0,B,2530.12,Current,Active,40
454,375,Auto Loan,2022-03-10,25971.87,0.0917,48.0,D,0.0,Current,Paid Off,52
455,375,Auto Loan,2025-12-19,36853.65,0.0623,72.0,C,33773.95,Current,Active,7
456,376,Auto Loan,2024-04-29,37544.84,0.1029,48.0,B,14826.49,30-59 DPD,Active,27
457,376,Credit Card,2023-10-07,13703.79,0.2542,,C,3122.94,Current,Active,33
458,376,Mortgage,2025-12-11,178909.79,0.0669,240.0,C,166191.93,Current,Active,7
459,377,Credit Card,2025-01-31,2597.96,0.244,,A,1065.4,Current,Active,18
460,378,Credit Card,2024-12-20,8082.48,0.178,,A,5647.92,Current,Active,19
461,378,Personal Loan,2026-03-30,21715.8,0.1332,24.0,B,17671.23,Current,Active,4
462,379,Personal Loan,2022-03-16,12401.97,0.1058,36.0,B,0.0,Current,Paid Off,52
463,379,Mortgage,2025-12-16,562112.61,0.0525,180.0,C,542055.91,Current,Active,7
464,379,Personal Loan,2023-03-23,18194.77,0.1568,36.0,C,0.0,Current,Paid Off,40
465,381,Personal Loan,2025-02-22,23311.13,0.1169,36.0,B,11162.41,Current,Active,17
466,381,Auto Loan,2023-03-16,8668.54,0.0913,72.0,A,3929.7,Current,Active,40
467,381,Auto Loan,2022-07-26,36525.64,0.09,60.0,B,7428.11,Current,Active,48
468,382,Mortgage,2023-06-07,645550.13,0.058,180.0,D,491668.68,Current,Active,37
469,383,Personal Loan,2025-09-15,5562.11,0.1735,48.0,B,4529.44,Current,Active,10
470,384,Credit Card,2023-08-07,7612.98,0.2105,,E,6877.24,90+ DPD,Charged Off,35
471,384,Personal Loan,2025-10-02,8431.93,0.1239,36.0,D,5854.68,60-89 DPD,Active,9
472,384,Credit Card,2024-11-29,8662.25,0.1874,,C,5923.84,Current,Active,20
473,385,Personal Loan,2024-02-25,9023.87,0.1854,36.0,A,1669.11,Current,Active,29
474,386,Credit Card,2023-09-27,3132.19,0.237,,B,2081.04,Current,Active,34
475,387,Mortgage,2022-07-27,602744.54,0.0698,180.0,B,451190.86,Current,Active,48
476,387,Credit Card,2022-09-07,12607.44,0.1815,,B,10542.95,60-89 DPD,Active,46
477,388,Credit Card,2022-06-30,5262.88,0.2307,,A,938.8,Current,Active,49
478,389,Personal Loan,2023-11-24,9858.42,0.1479,24.0,D,0.0,Current,Paid Off,32
479,390,Credit Card,2022-03-19,11839.07,0.2577,,B,6497.08,Current,Active,52
480,391,Personal Loan,2024-11-18,13747.99,0.1127,24.0,C,2137.6,Current,Active,20
481,391,Personal Loan,2023-06-03,4828.19,0.0989,36.0,B,0.0,Current,Paid Off,37
482,391,Credit Card,2023-06-19,19474.47,0.2286,,A,8709.07,Current,Active,37
483,392,Auto Loan,2024-05-05,41043.34,0.0844,48.0,E,18855.8,30-59 DPD,Active,26
484,392,Mortgage,2023-06-25,630698.85,0.0524,360.0,B,548083.53,Current,Active,37
485,397,Auto Loan,2024-08-26,28873.43,0.0829,60.0,A,16405.63,Current,Active,23
486,397,Personal Loan,2022-08-27,12142.93,0.1117,48.0,E,578.67,Current,Active,47
487,397,Auto Loan,2022-06-27,25643.01,0.0774,36.0,A,0.0,Current,Paid Off,49
488,398,Mortgage,2025-04-02,221084.27,0.067,180.0,A,198686.22,Current,Active,15
489,398,Personal Loan,2025-04-25,10611.97,0.1254,48.0,A,7218.77,Current,Active,15
490,398,Auto Loan,2024-03-12,29154.76,0.0785,48.0,B,11630.71,Current,Active,28
491,399,Personal Loan,2025-05-01,10008.59,0.1825,24.0,A,3773.31,Current,Active,14
492,399,Credit Card,2024-08-06,18991.25,0.1742,,A,2309.55,Current,Active,23
493,400,Credit Card,2022-02-23,11136.66,0.2186,,C,6433.94,Current,Active,53
494,400,Credit Card,2025-09-22,14287.34,0.2102,,D,2083.48,Current,Active,10
495,401,Mortgage,2024-01-04,390016.45,0.0502,360.0,B,329759.55,Current,Active,30
496,401,Credit Card,2024-02-23,14312.58,0.1647,,A,9305.37,Current,Active,29
497,402,Auto Loan,2023-11-13,20062.61,0.0943,60.0,D,9797.37,Current,Active,32
498,403,Personal Loan,2022-03-19,22136.84,0.1409,48.0,A,0.0,Current,Paid Off,52
499,403,Credit Card,2022-09-29,15068.84,0.1982,,A,1605.34,Current,Active,46
500,404,Auto Loan,2022-06-15,27241.84,0.1012,72.0,B,8691.93,Current,Active,49
501,405,Auto Loan,2024-11-01,33760.97,0.1042,36.0,A,15242.04,Current,Active,20
502,406,Personal Loan,2025-03-22,22097.18,0.1751,48.0,A,13769.98,Current,Active,16
503,406,Personal Loan,2024-09-08,15569.5,0.1251,48.0,A,7955.24,Current,Active,22
504,407,Credit Card,2024-08-31,3463.3,0.217,,C,2017.0,Current,Active,23
505,407,Auto Loan,2023-05-20,9187.93,0.0684,60.0,C,3252.66,Current,Active,38
506,408,Personal Loan,2026-04-17,6900.41,0.103,24.0,B,5694.3,Current,Active,3
507,409,Mortgage,2023-02-22,169638.52,0.0533,180.0,B,125830.46,Current,Active,41
508,409,Auto Loan,2022-03-26,22243.44,0.0719,60.0,A,2762.13,Current,Active,52
509,410,Mortgage,2024-07-20,596772.72,0.0598,180.0,A,467161.83,Current,Active,24
510,411,Personal Loan,2025-06-24,23436.17,0.1014,24.0,A,10961.23,Current,Active,13
511,412,Auto Loan,2026-01-03,11654.18,0.0586,72.0,D,9890.33,Current,Active,6
512,414,Mortgage,2024-05-01,559115.05,0.0603,180.0,C,495708.35,Current,Active,26
513,415,Auto Loan,2024-07-02,16414.29,0.0563,48.0,A,7600.55,Current,Active,24
514,417,Credit Card,2025-08-04,9251.33,0.1835,,C,4001.83,Current,Active,11
515,418,Personal Loan,2025-12-27,23392.79,0.0942,48.0,A,20753.68,Current,Active,7
516,420,Credit Card,2023-05-02,3062.03,0.1942,,A,1663.8,Current,Active,38
517,422,Credit Card,2024-08-05,5033.42,0.1611,,A,1193.46,Current,Active,23
518,423,Personal Loan,2022-03-11,11644.66,0.1634,24.0,B,0.0,Current,Paid Off,52
519,424,Personal Loan,2025-11-24,11163.07,0.1414,36.0,C,7958.25,Current,Active,8
520,425,Personal Loan,2024-01-15,7163.82,0.1499,36.0,A,1207.94,Current,Active,30
521,426,Personal Loan,2023-08-31,10214.59,0.1178,36.0,C,522.76,30-59 DPD,Active,35
522,426,Credit Card,2026-04-02,12109.41,0.2003,,B,4732.56,Current,Active,3
523,427,Credit Card,2024-05-02,16629.24,0.1877,,C,11474.25,Current,Active,26
524,430,Auto Loan,2022-08-23,16328.96,0.1056,36.0,B,0.0,Current,Paid Off,47
525,430,Personal Loan,2023-04-17,22634.04,0.1421,48.0,E,10720.27,90+ DPD,Charged Off,39
526,431,Mortgage,2023-12-15,551656.36,0.0586,240.0,A,447138.78,Current,Active,31
527,431,Personal Loan,2024-05-17,5047.76,0.1068,48.0,B,2136.18,Current,Active,26
528,432,Auto Loan,2024-03-07,23184.51,0.0732,60.0,B,16691.79,90+ DPD,Charged Off,28
529,433,Auto Loan,2025-09-30,40981.43,0.0643,48.0,A,31242.49,30-59 DPD,Active,10
530,434,Personal Loan,2023-03-15,9216.56,0.163,48.0,E,1490.98,30-59 DPD,Active,40
531,435,Credit Card,2022-02-03,5143.75,0.1997,,B,2952.64,Current,Active,53
532,437,Mortgage,2025-07-09,550107.21,0.0479,240.0,B,497036.69,Current,Active,12
533,437,Auto Loan,2022-07-12,13255.83,0.0656,72.0,B,4078.24,Current,Active,48
534,437,Personal Loan,2025-12-19,15925.21,0.1883,36.0,C,11852.78,Current,Active,7
535,438,Auto Loan,2026-02-17,11874.8,0.075,60.0,B,11222.64,60-89 DPD,Active,5
536,438,Auto Loan,2024-05-17,32000.2,0.0746,36.0,A,8412.71,Current,Active,26
537,440,Mortgage,2023-10-03,513609.4,0.064,360.0,D,420843.25,Current,Active,33
538,440,Mortgage,2022-09-29,616864.35,0.0562,240.0,A,449093.61,Current,Active,46
539,442,Credit Card,2024-02-08,15114.83,0.2336,,B,3389.84,Current,Active,29
540,442,Auto Loan,2022-07-14,28631.74,0.0618,36.0,A,0.0,Current,Paid Off,48
541,442,Credit Card,2022-12-14,8896.76,0.2018,,A,3142.95,Current,Active,43
542,443,Auto Loan,2022-12-18,38320.86,0.095,72.0,C,16121.37,30-59 DPD,Active,43
543,444,Auto Loan,2026-01-15,39992.53,0.0559,72.0,A,34377.27,Current,Active,6
544,444,Auto Loan,2022-05-08,34491.96,0.0868,48.0,A,0.0,Current,Paid Off,50
545,445,Personal Loan,2025-02-21,18336.28,0.135,48.0,A,11237.45,Current,Active,17
546,445,Personal Loan,2023-01-18,20811.38,0.1757,48.0,C,2586.55,Current,Active,42
547,446,Credit Card,2025-10-12,3468.58,0.2306,,B,956.82,Current,Active,9
548,447,Auto Loan,2023-07-29,30132.13,0.056,72.0,B,15589.93,Current,Active,36
549,447,Personal Loan,2023-07-25,14820.83,0.1796,24.0,A,0.0,Current,Paid Off,36
550,447,Credit Card,2022-03-21,12295.85,0.1617,,B,8924.03,Current,Active,52
551,448,Credit Card,2025-07-13,14519.06,0.2163,,A,11522.78,Current,Active,12
552,448,Credit Card,2022-06-16,15503.09,0.2201,,D,4463.01,Current,Active,49
553,448,Mortgage,2026-04-23,562967.88,0.0679,240.0,D,537495.18,Current,Active,3
554,449,Auto Loan,2025-08-10,25830.33,0.0644,60.0,A,20743.55,Current,Active,11
555,449,Credit Card,2023-10-30,15051.4,0.2277,,A,7387.97,Current,Active,33
556,451,Auto Loan,2025-08-02,31812.22,0.1053,48.0,A,24523.27,Current,Active,11
557,452,Auto Loan,2024-04-27,18242.47,0.0671,36.0,B,9100.61,90+ DPD,Charged Off,27
558,452,Personal Loan,2023-06-29,11461.83,0.1004,36.0,A,0.0,Current,Paid Off,37
559,453,Credit Card,2022-09-06,17604.87,0.2291,,C,14296.27,Current,Active,46
560,453,Credit Card,2025-10-28,11419.86,0.1605,,A,5242.25,Current,Active,9
561,454,Credit Card,2022-08-28,5478.53,0.2032,,C,4652.94,Current,Active,47
562,454,Personal Loan,2024-04-15,11532.96,0.1287,24.0,A,0.0,Current,Paid Off,27
563,455,Auto Loan,2025-10-27,13508.03,0.0885,48.0,B,9962.3,Current,Active,9
564,457,Credit Card,2026-01-21,6402.31,0.2466,,B,1125.79,Current,Active,6
565,458,Credit Card,2024-03-26,6439.42,0.2547,,D,5306.0,Current,Active,28
566,459,Credit Card,2023-01-10,6379.76,0.2545,,A,2449.12,Current,Active,42
567,459,Credit Card,2022-09-08,17470.47,0.2007,,C,3449.8,Current,Active,46
568,460,Credit Card,2023-02-16,14067.01,0.2549,,A,6725.11,Current,Active,41
569,460,Credit Card,2024-09-06,7656.2,0.2396,,B,5581.4,30-59 DPD,Active,22
570,461,Credit Card,2026-03-04,12430.0,0.1616,,B,1340.61,Current,Active,4
571,462,Credit Card,2024-01-05,15395.71,0.2313,,D,8050.72,90+ DPD,Charged Off,30
572,463,Credit Card,2022-12-05,5928.91,0.1836,,A,2330.43,Current,Active,43
573,463,Auto Loan,2022-01-13,20689.32,0.0688,60.0,B,2146.58,Current,Active,54
574,464,Credit Card,2023-04-03,13060.07,0.2299,,B,2555.68,Current,Active,39
575,465,Credit Card,2026-01-14,14331.54,0.1883,,C,2741.36,Current,Active,6
576,466,Personal Loan,2025-02-16,6489.39,0.1005,36.0,D,3706.94,90+ DPD,Charged Off,17
577,467,Personal Loan,2024-12-29,20372.7,0.142,24.0,A,4445.26,Current,Active,19
578,469,Personal Loan,2022-08-07,15153.94,0.145,48.0,A,734.69,Current,Active,47
579,470,Credit Card,2023-06-01,5551.28,0.2325,,B,4022.53,Current,Active,37
580,470,Personal Loan,2022-02-10,7209.65,0.1861,48.0,D,0.0,Current,Paid Off,53
581,471,Credit Card,2023-05-22,15053.97,0.2556,,B,11581.2,Current,Active,38
582,472,Credit Card,2025-08-12,3375.28,0.1836,,C,1299.37,Current,Active,11
583,473,Personal Loan,2024-11-09,11882.82,0.139,48.0,C,6767.12,Current,Active,20
584,473,Personal Loan,2024-07-29,5524.08,0.1327,36.0,C,1831.4,Current,Active,24
585,475,Credit Card,2023-06-24,1187.13,0.2204,,C,512.97,Current,Active,37
586,475,Credit Card,2022-08-23,10468.19,0.1854,,B,6921.65,Current,Active,47
587,476,Personal Loan,2024-07-31,12730.21,0.164,48.0,B,5758.35,Current,Active,24
588,476,Credit Card,2024-11-20,1675.39,0.1913,,E,613.26,Current,Active,20
589,477,Credit Card,2025-05-19,18980.07,0.2068,,C,9278.28,Current,Active,14
590,478,Credit Card,2022-03-14,3834.86,0.1782,,C,2821.37,Current,Active,52
591,478,Personal Loan,2025-03-19,8240.85,0.0927,48.0,B,5303.15,Current,Active,16
592,479,Credit Card,2022-12-16,13141.09,0.2247,,D,10215.47,Current,Active,43
593,480,Mortgage,2024-05-11,558648.16,0.0587,360.0,D,492125.2,30-59 DPD,Active,26
594,481,Credit Card,2023-09-27,7027.54,0.2506,,B,989.45,Current,Active,34
595,481,Auto Loan,2022-07-19,32419.9,0.0517,48.0,D,0.0,Current,Paid Off,48
596,481,Mortgage,2026-01-27,639680.95,0.0699,240.0,C,602683.28,Current,Active,6
597,482,Credit Card,2025-02-02,12377.78,0.2282,,E,7766.16,Current,Active,17
598,482,Credit Card,2022-03-15,17693.79,0.2002,,E,3781.43,Current,Active,52
599,483,Personal Loan,2022-02-02,23786.75,0.1628,48.0,D,0.0,Current,Paid Off,53
600,484,Credit Card,2023-02-23,10986.26,0.246,,A,8353.15,Current,Active,41
601,485,Credit Card,2022-03-19,10842.44,0.2077,,C,7954.9,90+ DPD,Charged Off,52
602,485,Personal Loan,2025-08-07,20755.44,0.1011,24.0,B,10994.84,Current,Active,11
603,487,Mortgage,2022-02-05,237281.08,0.0667,180.0,B,153086.43,Current,Active,53
604,487,Personal Loan,2024-11-18,5781.51,0.1018,24.0,A,908.83,Current,Active,20
605,489,Personal Loan,2023-05-12,17631.9,0.1308,48.0,B,3606.23,Current,Active,38
606,489,Personal Loan,2024-02-03,5184.93,0.1276,48.0,B,2147.61,Current,Active,29
607,489,Personal Loan,2024-11-11,13406.26,0.0938,36.0,A,5583.69,Current,Active,20
608,490,Personal Loan,2022-09-09,21260.17,0.1295,24.0,C,0.0,Current,Paid Off,46
609,491,Auto Loan,2024-11-22,27953.24,0.065,36.0,B,12457.74,Current,Active,20
610,491,Credit Card,2023-12-26,11814.38,0.1784,,C,2016.91,Current,Active,31
611,492,Credit Card,2023-02-16,3110.23,0.2254,,C,2001.83,Current,Active,41
612,492,Auto Loan,2022-01-11,22381.47,0.0747,48.0,C,0.0,Current,Paid Off,54
613,494,Personal Loan,2024-08-12,14489.27,0.17,36.0,B,4892.55,Current,Active,23
614,495,Credit Card,2023-11-24,8601.9,0.1692,,B,1305.18,Current,Active,32
615,497,Auto Loan,2022-05-17,33393.83,0.1016,72.0,C,9900.68,Current,Active,50
616,497,Auto Loan,2024-12-18,9072.78,0.0682,48.0,D,5162.7,90+ DPD,Active,19
617,498,Auto Loan,2024-07-29,13793.11,0.0934,48.0,B,6831.01,Current,Active,24
618,499,Personal Loan,2025-09-15,16754.02,0.1346,36.0,B,11754.79,Current,Active,10
619,500,Personal Loan,2023-06-29,12071.72,0.1865,48.0,B,2802.41,Current,Active,37
620,501,Credit Card,2024-12-21,4875.88,0.1796,,B,2549.86,Current,Active,19
621,502,Credit Card,2026-04-09,3329.97,0.1924,,D,2364.82,Current,Active,3
622,503,Personal Loan,2024-08-04,18745.55,0.103,48.0,C,9736.48,90+ DPD,Active,23
623,503,Mortgage,2024-02-26,290070.82,0.0642,240.0,A,240017.23,Current,Active,29
624,503,Personal Loan,2023-05-08,6201.85,0.1667,36.0,A,0.0,Current,Paid Off,38
625,504,Credit Card,2022-08-10,14505.63,0.1685,,A,8663.18,Current,Active,47
626,504,Credit Card,2022-04-26,11931.78,0.2381,,B,7396.47,Current,Active,51
627,505,Auto Loan,2025-08-01,11991.07,0.1048,72.0,A,9288.94,Current,Active,11
628,507,Mortgage,2022-12-31,599754.09,0.0559,180.0,B,445481.15,Current,Active,43
629,507,Auto Loan,2022-06-17,44563.51,0.0791,72.0,B,14393.43,Current,Active,49
630,508,Personal Loan,2022-04-28,4665.25,0.1251,48.0,A,0.0,Current,Paid Off,51
631,508,Auto Loan,2024-02-12,19034.37,0.0576,48.0,C,6933.82,Current,Active,29
632,508,Credit Card,2026-03-18,13394.23,0.2323,,C,9629.69,Current,Active,4
633,509,Mortgage,2024-10-10,500649.18,0.0659,240.0,A,438724.8,Current,Active,21
634,509,Credit Card,2023-02-03,13027.62,0.1928,,A,7060.76,Current,Active,41
635,509,Credit Card,2022-03-23,16526.65,0.1755,,B,8842.82,Current,Active,52
636,511,Credit Card,2024-09-17,13436.0,0.2441,,B,10287.96,Current,Active,22
637,513,Mortgage,2024-10-11,540499.94,0.0623,360.0,B,503200.71,Current,Active,21
638,515,Personal Loan,2022-06-13,20321.25,0.1305,24.0,B,0.0,Current,Paid Off,49
639,515,Credit Card,2024-08-18,5769.57,0.2192,,B,4051.23,Current,Active,23
640,515,Auto Loan,2025-09-14,15023.61,0.086,48.0,D,10926.5,Current,Active,10
641,516,Credit Card,2024-03-25,12022.88,0.2502,,A,8406.52,Current,Active,28
642,516,Personal Loan,2025-01-24,7747.73,0.1338,48.0,B,6775.83,90+ DPD,Charged Off,18
643,517,Auto Loan,2022-02-26,26349.8,0.089,60.0,C,3164.64,Current,Active,53
644,518,Personal Loan,2025-07-03,12712.78,0.1536,36.0,C,5412.83,90+ DPD,Charged Off,12
645,519,Auto Loan,2025-07-16,38412.97,0.0824,36.0,E,30633.75,90+ DPD,Charged Off,12
646,522,Credit Card,2022-04-11,2456.4,0.2519,,D,835.4,Current,Active,51
647,523,Mortgage,2022-11-06,266937.73,0.0543,360.0,C,236388.18,Current,Active,44
648,524,Credit Card,2024-04-15,14901.82,0.2461,,B,2959.8,Current,Active,27
649,524,Personal Loan,2023-03-08,18719.51,0.1622,36.0,A,0.0,Current,Paid Off,40
650,524,Auto Loan,2022-02-13,19296.33,0.1046,48.0,A,0.0,Current,Paid Off,53
651,527,Mortgage,2022-03-16,272962.87,0.0684,240.0,E,149691.59,90+ DPD,Charged Off,52
652,528,Mortgage,2023-03-04,623795.59,0.0456,240.0,D,234843.8,90+ DPD,Charged Off,40
653,528,Auto Loan,2025-02-02,44081.64,0.1056,72.0,E,31085.13,Current,Active,17
654,529,Auto Loan,2022-07-19,42480.86,0.0944,60.0,B,8506.54,Current,Active,48
655,530,Personal Loan,2023-05-18,16263.95,0.1276,48.0,B,8578.8,90+ DPD,Charged Off,38
656,531,Personal Loan,2025-07-18,17890.18,0.0981,36.0,A,11087.22,Current,Active,12
657,531,Personal Loan,2022-04-08,12681.54,0.1478,24.0,B,0.0,Current,Paid Off,51
658,533,Auto Loan,2022-06-22,22923.34,0.0881,60.0,B,3822.29,Current,Active,49
659,535,Personal Loan,2025-06-30,18125.3,0.1811,36.0,A,10602.51,60-89 DPD,Active,13
660,535,Credit Card,2024-01-21,18804.73,0.2469,,A,8395.26,Current,Active,30
661,535,Personal Loan,2022-03-10,5549.34,0.1158,48.0,B,0.0,Current,Paid Off,52
662,536,Auto Loan,2022-09-30,20361.78,0.0807,36.0,C,0.0,Current,Paid Off,46
663,537,Credit Card,2022-11-10,8525.13,0.2525,,A,1642.75,Current,Active,44
664,538,Mortgage,2024-05-06,221300.43,0.0503,240.0,A,206819.6,Current,Active,26
665,539,Credit Card,2023-12-02,3905.06,0.1827,,B,2483.37,Current,Active,31
666,540,Auto Loan,2024-07-19,41122.24,0.0952,36.0,C,12880.04,Current,Active,24
667,540,Auto Loan,2024-11-08,24767.18,0.0657,36.0,E,10226.57,Current,Active,20
668,541,Auto Loan,2024-02-25,29410.11,0.0842,36.0,C,5474.17,Current,Active,29
669,542,Personal Loan,2025-08-21,17826.44,0.1448,24.0,B,9279.4,30-59 DPD,Active,11
670,542,Personal Loan,2025-12-12,12069.83,0.1085,24.0,A,8174.82,Current,Active,7
671,542,Auto Loan,2026-03-02,12774.94,0.0835,72.0,B,12303.84,Current,Active,4
672,543,Auto Loan,2022-10-24,22742.72,0.0544,36.0,C,0.0,Current,Paid Off,45
673,543,Auto Loan,2024-05-27,21017.63,0.1053,48.0,B,9469.07,Current,Active,26
674,543,Credit Card,2022-04-30,1276.06,0.2271,,B,519.19,Current,Active,51
675,545,Credit Card,2025-04-01,14012.33,0.1967,,D,7748.41,90+ DPD,Charged Off,15
676,546,Auto Loan,2025-02-28,11370.62,0.1051,48.0,C,6971.28,Current,Active,17
677,546,Mortgage,2023-06-17,437237.92,0.0471,180.0,C,320944.55,30-59 DPD,Active,37
678,547,Credit Card,2026-04-12,1439.52,0.1853,,A,876.25,Current,Active,3
679,547,Credit Card,2022-09-18,8264.69,0.251,,B,2278.34,Current,Active,46
680,547,Auto Loan,2023-06-26,30750.21,0.0582,48.0,B,6562.79,Current,Active,37
681,548,Auto Loan,2022-03-04,23718.89,0.0842,36.0,B,0.0,Current,Paid Off,52
682,548,Auto Loan,2022-04-15,24610.59,0.0525,60.0,D,3853.59,Current,Active,51
683,549,Auto Loan,2025-01-17,31507.71,0.06,48.0,C,19422.07,Current,Active,18
684,549,Mortgage,2022-09-15,403681.52,0.0725,240.0,A,330436.04,Current,Active,46
685,549,Mortgage,2026-02-11,539794.03,0.0743,180.0,B,483812.2,Current,Active,5
686,550,Auto Loan,2023-12-21,25701.15,0.0869,36.0,C,23465.14,90+ DPD,Charged Off,31
687,551,Auto Loan,2026-02-24,9486.5,0.1085,36.0,A,8501.28,Current,Active,5
688,551,Personal Loan,2023-03-06,10298.9,0.158,24.0,C,0.0,Current,Paid Off,40
689,552,Credit Card,2022-06-05,17866.14,0.214,,B,12696.16,Current,Active,49
690,552,Auto Loan,2025-06-02,32075.59,0.0845,48.0,B,23203.51,Current,Active,13
691,553,Credit Card,2024-11-16,10825.04,0.1747,,B,3250.65,Current,Active,20
692,554,Personal Loan,2024-08-22,23579.58,0.1405,36.0,E,8698.12,Current,Active,23
693,554,Personal Loan,2022-06-06,7691.5,0.1522,48.0,C,0.0,Current,Paid Off,49
694,554,Credit Card,2025-02-16,13957.9,0.2515,,E,10959.26,90+ DPD,Charged Off,17
695,557,Personal Loan,2026-01-01,13257.37,0.1377,36.0,E,11518.45,Current,Active,6
696,559,Credit Card,2023-05-15,16724.33,0.1899,,C,1778.24,Current,Active,38
697,559,Credit Card,2023-12-30,14316.14,0.241,,D,9171.08,Current,Active,31
698,560,Auto Loan,2023-04-12,21798.67,0.0519,72.0,E,9950.22,Current,Active,39
699,561,Credit Card,2022-01-09,5478.36,0.2392,,C,1881.17,Current,Active,54
700,562,Credit Card,2022-09-04,3583.96,0.2314,,C,2491.74,Current,Active,46
701,562,Credit Card,2022-12-03,18856.59,0.1708,,D,4485.77,Current,Active,43
702,562,Auto Loan,2025-05-01,8157.12,0.1052,72.0,A,6526.11,Current,Active,14
703,563,Auto Loan,2022-01-09,42823.68,0.0975,72.0,B,25573.02,90+ DPD,Charged Off,54
704,564,Mortgage,2025-05-30,208511.55,0.0477,360.0,D,207116.28,Current,Active,14
705,565,Credit Card,2025-12-10,12806.8,0.205,,A,1533.1,Current,Active,7
706,565,Auto Loan,2022-06-10,26508.21,0.1039,36.0,A,0.0,Current,Paid Off,49
707,566,Mortgage,2022-07-28,320354.58,0.0512,240.0,C,253861.0,Current,Active,48
708,567,Personal Loan,2026-01-06,4401.5,0.1466,48.0,C,3761.76,Current,Active,6
709,568,Credit Card,2023-06-11,9715.98,0.2392,,A,3709.26,Current,Active,37
710,570,Personal Loan,2022-02-26,6071.07,0.0921,36.0,E,0.0,Current,Paid Off,53
711,570,Personal Loan,2026-05-28,9139.08,0.0995,36.0,C,8171.05,Current,Active,2
712,570,Personal Loan,2024-12-05,10893.32,0.1201,24.0,B,2274.67,Current,Active,19
713,571,Credit Card,2026-01-18,1673.91,0.2456,,D,1044.12,Current,Active,6
714,572,Personal Loan,2024-12-15,22700.57,0.1434,24.0,A,4719.61,Current,Active,19
715,572,Personal Loan,2025-03-23,14586.34,0.1643,36.0,A,7740.18,Current,Active,16
716,573,Credit Card,2022-12-15,17566.5,0.2509,,B,8152.06,Current,Active,43
717,573,Credit Card,2022-11-22,4064.96,0.1874,,A,762.62,Current,Active,44
718,575,Mortgage,2026-04-16,168911.93,0.0487,360.0,C,172984.22,30-59 DPD,Active,3
719,576,Personal Loan,2025-06-29,16476.98,0.13,36.0,C,10638.56,30-59 DPD,Active,13
720,577,Auto Loan,2024-11-19,32268.45,0.0795,60.0,A,19944.42,Current,Active,20
721,577,Credit Card,2023-04-20,4165.8,0.242,,D,675.0,60-89 DPD,Active,39
722,577,Personal Loan,2026-03-16,6494.69,0.1242,24.0,D,3006.05,90+ DPD,Charged Off,4
723,578,Auto Loan,2025-06-04,33232.88,0.0695,48.0,A,23822.68,Current,Active,13
724,578,Auto Loan,2025-07-31,30232.08,0.0704,48.0,B,22624.88,30-59 DPD,Active,12
725,579,Auto Loan,2025-02-15,21331.68,0.0954,48.0,D,13980.59,Current,Active,17
726,580,Credit Card,2025-09-08,11833.62,0.211,,A,1958.06,Current,Active,10
727,581,Auto Loan,2026-01-23,11896.49,0.088,72.0,A,11194.95,Current,Active,6
728,581,Auto Loan,2024-11-14,32875.61,0.0528,60.0,A,21135.01,Current,Active,20
729,582,Credit Card,2022-04-07,8005.11,0.2101,,A,6414.25,Current,Active,51
730,583,Personal Loan,2023-06-26,17177.96,0.1367,48.0,C,3984.28,30-59 DPD,Active,37
731,583,Auto Loan,2022-08-01,20418.68,0.1098,36.0,C,0.0,Current,Paid Off,47
732,584,Personal Loan,2025-09-19,8040.88,0.1796,36.0,B,5974.48,Current,Active,10
733,584,Personal Loan,2022-04-22,21738.96,0.1756,48.0,A,0.0,Current,Paid Off,51
734,585,Personal Loan,2024-12-16,18427.16,0.1522,24.0,D,3861.47,60-89 DPD,Active,19
735,585,Auto Loan,2024-04-29,24628.39,0.057,48.0,E,11148.53,90+ DPD,Charged Off,27
736,586,Personal Loan,2023-05-13,22320.56,0.1018,24.0,A,0.0,Current,Paid Off,38
737,586,Personal Loan,2023-02-05,3828.56,0.1582,36.0,A,0.0,Current,Paid Off,41
738,587,Mortgage,2025-03-19,188721.01,0.0685,240.0,D,161811.7,Current,Active,16
739,587,Credit Card,2025-03-22,15657.99,0.2476,,B,2848.2,30-59 DPD,Active,16
740,589,Personal Loan,2025-01-14,9166.5,0.1845,36.0,B,4802.45,Current,Active,18
741,590,Credit Card,2022-10-30,14051.09,0.1671,,A,10863.48,90+ DPD,Charged Off,45
742,590,Personal Loan,2023-06-18,17275.08,0.1205,24.0,B,0.0,Current,Paid Off,37
743,591,Credit Card,2023-08-16,6273.06,0.1675,,B,1678.23,Current,Active,35
744,591,Personal Loan,2023-10-14,16023.74,0.1763,36.0,B,1275.52,Current,Active,33
745,592,Personal Loan,2022-02-22,6953.71,0.1156,24.0,D,0.0,Current,Paid Off,53
746,593,Personal Loan,2022-05-19,6252.64,0.186,48.0,C,0.0,Current,Paid Off,50
747,594,Personal Loan,2023-10-26,4978.34,0.1726,36.0,B,391.2,Current,Active,33
748,594,Credit Card,2022-08-29,9939.05,0.2075,,B,1421.59,Current,Active,47
749,595,Auto Loan,2022-11-25,19987.77,0.0873,48.0,A,1518.2,Current,Active,44
750,596,Auto Loan,2025-07-10,20640.31,0.0669,48.0,C,19532.76,90+ DPD,Charged Off,12
751,597,Mortgage,2024-07-13,609404.52,0.0621,240.0,B,570510.19,Current,Active,24
752,599,Credit Card,2023-10-30,17656.54,0.1672,,A,6590.01,Current,Active,33
753,599,Auto Loan,2023-03-25,30792.5,0.073,48.0,B,4697.42,Current,Active,40
754,600,Credit Card,2022-12-31,10841.3,0.1847,,D,9126.44,Current,Active,43
755,601,Auto Loan,2024-01-06,40573.69,0.0979,60.0,B,20431.68,Current,Active,30
756,603,Credit Card,2022-11-28,11232.21,0.227,,A,3460.55,Current,Active,44
757,604,Personal Loan,2022-01-22,12131.68,0.141,24.0,A,0.0,Current,Paid Off,54
758,605,Personal Loan,2024-01-06,14333.84,0.1762,36.0,B,2288.31,Current,Active,30
759,606,Personal Loan,2024-04-10,9270.88,0.1447,48.0,A,4200.85,Current,Active,27
760,607,Credit Card,2022-10-19,16751.74,0.2263,,B,7347.14,30-59 DPD,Active,45
761,608,Credit Card,2022-01-18,17296.77,0.1977,,A,12370.94,Current,Active,54
762,608,Auto Loan,2025-04-05,30765.54,0.0893,72.0,A,23926.52,Current,Active,15
763,609,Credit Card,2022-10-03,10244.44,0.2459,,B,4447.47,Current,Active,45
764,610,Credit Card,2024-05-03,5612.56,0.1746,,C,1335.25,Current,Active,26
765,610,Auto Loan,2026-01-23,11891.35,0.0827,72.0,B,11443.6,Current,Active,6
766,611,Credit Card,2025-07-20,4750.36,0.2478,,C,1754.91,90+ DPD,Charged Off,12
767,611,Personal Loan,2022-09-23,22726.78,0.1028,36.0,B,0.0,Current,Paid Off,46
768,613,Personal Loan,2024-09-19,14680.01,0.1809,48.0,B,8039.38,Current,Active,22
769,613,Credit Card,2022-06-19,16977.09,0.2217,,B,5693.49,Current,Active,49
770,614,Personal Loan,2026-01-04,23797.99,0.1352,24.0,A,16300.92,30-59 DPD,Active,6
771,614,Mortgage,2022-06-13,544007.97,0.0687,240.0,A,442496.0,Current,Active,49
772,616,Personal Loan,2022-07-19,19160.52,0.1509,24.0,B,0.0,Current,Paid Off,48
773,616,Mortgage,2023-04-27,342932.86,0.0505,240.0,C,270644.13,Current,Active,39
774,616,Personal Loan,2022-11-04,14610.4,0.1793,24.0,C,0.0,Current,Paid Off,44
775,617,Auto Loan,2023-09-01,13989.77,0.0867,36.0,B,766.3,Current,Active,34
776,617,Credit Card,2023-08-31,17472.93,0.2056,,A,13338.21,Current,Active,35
777,618,Credit Card,2024-07-27,3410.1,0.1614,,B,1123.66,Current,Active,24
778,618,Credit Card,2022-01-10,5392.91,0.2353,,B,2403.21,Current,Active,54
779,620,Auto Loan,2024-03-20,44770.07,0.0998,48.0,A,18393.46,Current,Active,28
780,620,Credit Card,2024-06-11,6851.81,0.2412,,B,4442.32,Current,Active,25
781,623,Auto Loan,2024-07-05,35407.09,0.0928,60.0,B,19099.36,90+ DPD,Charged Off,24
782,624,Auto Loan,2023-10-26,44707.19,0.0787,60.0,A,18731.78,Current,Active,33
783,624,Mortgage,2022-05-26,465770.85,0.0474,240.0,C,339365.15,30-59 DPD,Active,50
784,624,Auto Loan,2026-01-05,38912.8,0.0919,48.0,C,35031.13,Current,Active,6
785,625,Auto Loan,2025-11-03,19267.22,0.0553,72.0,B,16165.51,Current,Active,8
786,626,Personal Loan,2025-04-21,9956.29,0.1875,24.0,C,3835.66,Current,Active,15
787,627,Personal Loan,2024-09-02,8115.65,0.1154,48.0,D,4292.12,Current,Active,22
788,628,Personal Loan,2025-12-04,20615.6,0.1678,48.0,A,17390.55,Current,Active,7
789,629,Personal Loan,2023-08-11,7943.1,0.1649,48.0,B,2249.73,Current,Active,35
790,629,Credit Card,2025-12-15,17206.83,0.1994,,C,9139.82,90+ DPD,Active,7
791,630,Credit Card,2025-03-25,3372.37,0.2196,,B,2718.55,Current,Active,16
792,631,Credit Card,2026-04-26,2090.2,0.1975,,D,902.24,Current,Active,3
793,632,Credit Card,2024-05-08,4904.81,0.2225,,A,608.68,Current,Active,26
794,633,Personal Loan,2022-08-07,10584.71,0.1339,24.0,A,0.0,Current,Paid Off,47
795,635,Auto Loan,2022-05-25,35315.29,0.1059,72.0,A,11209.38,Current,Active,50
796,636,Personal Loan,2025-03-12,16454.91,0.1562,48.0,C,10197.21,60-89 DPD,Active,16
797,637,Personal Loan,2023-03-05,8705.59,0.1322,36.0,D,0.0,Current,Paid Off,40
798,637,Credit Card,2025-01-28,9346.49,0.2507,,A,1092.71,60-89 DPD,Active,18
799,638,Personal Loan,2022-11-28,7752.1,0.1527,36.0,A,0.0,Current,Paid Off,44
800,639,Auto Loan,2025-10-11,12887.41,0.0952,48.0,C,10518.29,Current,Active,9
801,639,Auto Loan,2025-01-31,24150.81,0.0882,48.0,C,15623.79,Current,Active,18
802,640,Personal Loan,2024-01-04,15580.84,0.0964,36.0,A,2412.81,Current,Active,30
803,640,Credit Card,2023-01-06,3919.46,0.1762,,A,489.07,Current,Active,42
804,640,Credit Card,2026-02-25,2430.9,0.1676,,A,299.27,Current,Active,5
805,641,Credit Card,2025-08-30,13473.79,0.2279,,A,3751.59,Current,Active,11
806,641,Auto Loan,2022-05-09,25482.02,0.0984,48.0,B,0.0,Current,Paid Off,50
807,642,Auto Loan,2022-06-15,27600.61,0.076,60.0,A,4591.03,60-89 DPD,Active,49
808,643,Auto Loan,2023-04-15,25065.77,0.0821,60.0,D,8803.54,Current,Active,39
809,644,Mortgage,2026-04-13,469164.04,0.0597,360.0,A,467859.68,Current,Active,3
810,645,Credit Card,2024-05-09,4022.85,0.1646,,A,921.93,Current,Active,26
811,646,Personal Loan,2025-08-16,9055.38,0.1322,36.0,C,6600.78,Current,Active,11
812,646,Auto Loan,2025-06-08,18866.87,0.0875,48.0,B,13231.41,Current,Active,13
813,647,Personal Loan,2023-05-17,12037.41,0.1022,36.0,C,0.0,Current,Paid Off,38
814,647,Personal Loan,2022-01-25,9840.42,0.1244,24.0,D,0.0,Current,Paid Off,54
815,647,Personal Loan,2025-07-06,14613.36,0.1346,36.0,C,9302.14,Current,Active,12
816,648,Personal Loan,2024-05-01,11275.34,0.1366,36.0,A,2947.34,Current,Active,26
817,648,Auto Loan,2024-12-10,16183.38,0.0872,36.0,A,7520.05,Current,Active,19
818,649,Credit Card,2023-08-29,11682.08,0.2076,,A,2324.61,Current,Active,35
819,650,Auto Loan,2024-01-26,18553.18,0.083,48.0,E,14460.34,90+ DPD,Charged Off,30
820,650,Personal Loan,2026-03-29,9385.33,0.1873,24.0,B,7287.52,Current,Active,4
821,650,Auto Loan,2025-01-29,37259.31,0.0667,48.0,E,24409.34,90+ DPD,Active,18
822,651,Personal Loan,2022-03-03,14910.33,0.0981,24.0,D,0.0,Current,Paid Off,52
823,652,Credit Card,2025-10-18,11993.67,0.2581,,D,4415.67,90+ DPD,Charged Off,9
824,652,Credit Card,2022-08-30,16956.84,0.254,,D,5977.84,30-59 DPD,Active,47
825,653,Credit Card,2025-09-20,1831.55,0.1866,,A,1484.55,Current,Active,10
826,653,Auto Loan,2026-02-14,36508.35,0.0713,72.0,A,32218.11,Current,Active,5
827,655,Auto Loan,2025-06-08,30860.16,0.062,48.0,D,22102.24,30-59 DPD,Active,13
828,655,Mortgage,2022-07-29,265146.5,0.0715,240.0,D,198330.83,Current,Active,48
829,656,Auto Loan,2022-07-03,32595.64,0.0899,48.0,C,0.0,Current,Paid Off,48
830,656,Credit Card,2023-09-05,10776.69,0.2507,,B,8791.84,Current,Active,34
831,657,Credit Card,2022-02-03,11022.49,0.2054,,B,8920.49,Current,Active,53
832,658,Credit Card,2024-01-08,3494.89,0.2013,,C,2786.01,Current,Active,30
833,659,Personal Loan,2025-09-28,9112.59,0.1511,24.0,B,5542.06,Current,Active,10
834,659,Personal Loan,2026-04-11,16371.94,0.161,36.0,B,14000.43,Current,Active,3
835,659,Mortgage,2024-11-16,173710.67,0.0532,240.0,D,152230.53,Current,Active,20
836,660,Auto Loan,2025-11-28,16335.92,0.1093,60.0,A,14320.76,Current,Active,8
837,660,Mortgage,2022-09-25,240864.28,0.0475,180.0,A,175311.82,Current,Active,46
838,661,Mortgage,2022-09-08,395110.67,0.0458,240.0,B,307090.64,Current,Active,46
839,662,Personal Loan,2024-04-08,17567.4,0.151,36.0,B,4198.15,Current,Active,27
840,663,Auto Loan,2022-06-27,36807.48,0.0545,72.0,B,12217.35,90+ DPD,Active,49
841,664,Auto Loan,2022-11-02,38373.14,0.0664,48.0,A,3283.1,Current,Active,44
842,664,Credit Card,2025-06-24,13811.53,0.1952,,C,10310.6,Current,Active,13
843,665,Mortgage,2022-08-13,264042.24,0.0742,240.0,E,185956.68,90+ DPD,Charged Off,47
844,665,Auto Loan,2023-12-28,12674.58,0.0817,72.0,D,7079.85,90+ DPD,Active,31
845,665,Auto Loan,2025-08-14,13145.01,0.0673,60.0,D,10638.51,60-89 DPD,Active,11
846,666,Auto Loan,2025-07-14,27983.21,0.0654,48.0,C,19345.44,Current,Active,12
847,667,Auto Loan,2026-03-12,14538.44,0.106,36.0,B,12071.26,Current,Active,4
848,667,Personal Loan,2024-01-30,3878.33,0.1014,24.0,B,0.0,Current,Paid Off,30
849,667,Auto Loan,2025-02-14,8661.25,0.0726,60.0,B,6228.68,Current,Active,17
850,668,Credit Card,2022-02-15,4503.56,0.2131,,C,615.58,Current,Active,53
851,668,Credit Card,2023-10-07,10968.27,0.2155,,B,2938.6,Current,Active,33
852,670,Credit Card,2022-07-24,5891.18,0.2242,,B,2464.51,Current,Active,48
853,670,Auto Loan,2022-04-23,22358.34,0.0504,36.0,B,0.0,Current,Paid Off,51
854,673,Credit Card,2026-03-31,3651.46,0.224,,D,1435.26,Current,Active,4
855,673,Personal Loan,2025-06-05,10559.23,0.1409,48.0,C,7730.37,30-59 DPD,Active,13
856,675,Personal Loan,2023-08-02,12619.97,0.1585,36.0,A,626.41,Current,Active,35
857,675,Credit Card,2022-08-29,9444.21,0.2448,,B,5033.73,Current,Active,47
858,676,Credit Card,2024-10-30,17171.97,0.2051,,A,4233.58,Current,Active,21
859,676,Auto Loan,2024-08-16,41095.7,0.1032,72.0,C,29149.77,30-59 DPD,Active,23
860,677,Personal Loan,2025-12-15,15866.95,0.1367,36.0,D,7496.45,90+ DPD,Charged Off,7
861,678,Auto Loan,2025-08-24,28086.06,0.0546,48.0,B,22380.39,Current,Active,11
862,679,Auto Loan,2024-06-30,31258.27,0.0549,36.0,C,9107.3,Current,Active,25
863,680,Mortgage,2024-07-03,399387.13,0.0497,360.0,B,360294.74,Current,Active,24
864,681,Credit Card,2025-01-26,17488.15,0.2343,,C,1979.33,Current,Active,18
865,682,Personal Loan,2023-06-10,17720.0,0.093,48.0,A,3861.7,Current,Active,37
866,683,Credit Card,2025-10-20,13688.01,0.2407,,D,3470.44,Current,Active,9
867,683,Credit Card,2023-09-20,2361.87,0.1797,,C,1823.28,Current,Active,34
868,687,Auto Loan,2022-06-04,29954.31,0.0655,48.0,C,0.0,Current,Paid Off,49
869,687,Credit Card,2025-07-16,18989.65,0.1746,,B,2391.45,Current,Active,12
870,688,Personal Loan,2022-01-28,15588.48,0.1681,48.0,A,0.0,Current,Paid Off,54
871,689,Credit Card,2025-04-15,19770.03,0.201,,A,2103.38,Current,Active,15
872,689,Personal Loan,2025-11-03,19929.38,0.1048,36.0,C,14789.89,Current,Active,8
873,690,Auto Loan,2022-04-10,15348.2,0.0502,36.0,B,0.0,Current,Paid Off,51
874,691,Auto Loan,2022-10-23,18865.34,0.0501,60.0,C,4812.14,Current,Active,45
875,692,Credit Card,2024-11-29,6587.12,0.2164,,C,5137.93,Current,Active,20
876,692,Mortgage,2026-04-21,431785.04,0.0552,360.0,C,444209.85,90+ DPD,Active,3
877,693,Credit Card,2023-02-06,12199.53,0.253,,A,6991.68,Current,Active,41
878,694,Credit Card,2025-03-24,1643.55,0.2435,,B,217.68,Current,Active,16
879,697,Mortgage,2024-01-06,349456.09,0.0703,180.0,D,292499.55,Current,Active,30
880,698,Personal Loan,2024-09-16,19303.38,0.1332,48.0,A,9653.07,Current,Active,22
881,699,Auto Loan,2023-10-08,30124.14,0.0547,72.0,B,15373.16,Current,Active,33
882,699,Credit Card,2025-06-17,18338.24,0.1717,,B,5925.92,Current,Active,13
883,700,Personal Loan,2022-03-22,17113.77,0.0996,24.0,A,0.0,Current,Paid Off,52
884,700,Credit Card,2025-06-06,1435.45,0.1675,,A,888.67,Current,Active,13
885,701,Credit Card,2022-01-03,18846.05,0.225,,D,14307.17,Current,Active,54
886,702,Mortgage,2024-03-19,378023.16,0.0501,240.0,C,308115.21,Current,Active,28
887,703,Credit Card,2022-10-31,7323.58,0.2184,,A,4778.1,Current,Active,45
888,703,Personal Loan,2024-09-09,20389.14,0.1793,48.0,D,14293.5,90+ DPD,Charged Off,22
889,704,Personal Loan,2025-01-24,13180.03,0.1222,36.0,B,6233.37,Current,Active,18
890,705,Credit Card,2023-04-04,18374.31,0.2554,,D,9965.35,90+ DPD,Charged Off,39
891,705,Credit Card,2024-08-02,2347.92,0.2562,,E,1116.88,Current,Active,23
892,706,Auto Loan,2022-11-30,13165.44,0.1022,72.0,A,5326.01,Current,Active,44
893,707,Mortgage,2026-02-05,243407.41,0.0629,240.0,A,226450.46,Current,Active,5
894,707,Auto Loan,2022-04-27,32707.72,0.0828,72.0,A,9360.16,Current,Active,51
895,707,Credit Card,2025-12-07,17328.07,0.2119,,B,14139.8,Current,Active,7
896,708,Personal Loan,2024-05-28,17662.29,0.1035,48.0,A,7815.14,Current,Active,26
897,709,Mortgage,2023-02-25,128587.49,0.0537,240.0,A,98642.1,Current,Active,41
898,710,Credit Card,2025-08-13,13478.63,0.1834,,A,5787.18,Current,Active,11
899,710,Personal Loan,2025-02-01,10459.38,0.1561,48.0,A,6356.91,Current,Active,17
900,712,Personal Loan,2023-11-11,7894.16,0.1033,24.0,B,0.0,Current,Paid Off,32
901,713,Personal Loan,2026-05-18,24319.45,0.1378,48.0,B,21648.14,Current,Active,2
902,713,Credit Card,2026-03-11,15915.94,0.2541,,C,9334.98,Current,Active,4
903,714,Credit Card,2022-03-22,12363.51,0.248,,B,9009.54,Current,Active,52
904,714,Personal Loan,2023-08-02,5808.17,0.1559,24.0,B,0.0,Current,Paid Off,35
905,715,Auto Loan,2023-07-12,41281.7,0.0933,72.0,B,20137.72,Current,Active,36
906,716,Credit Card,2022-02-07,2544.97,0.2111,,D,761.27,30-59 DPD,Active,53
907,718,Auto Loan,2023-05-27,42888.34,0.0533,60.0,A,14428.52,Current,Active,38
908,719,Personal Loan,2024-08-21,11984.61,0.1889,36.0,B,4133.28,Current,Active,23
909,720,Auto Loan,2022-11-18,30260.9,0.0749,48.0,D,2538.1,Current,Active,44
910,720,Credit Card,2023-10-26,6614.34,0.2196,,C,5135.03,Current,Active,33
911,721,Personal Loan,2022-02-22,18968.76,0.1628,24.0,C,0.0,Current,Paid Off,53
912,721,Mortgage,2024-04-30,417011.41,0.0523,240.0,B,352095.94,Current,Active,27
913,722,Credit Card,2025-11-11,16178.32,0.2432,,A,7114.08,Current,Active,8
914,723,Credit Card,2024-04-30,2049.36,0.2235,,B,1247.98,Current,Active,27
915,724,Auto Loan,2025-07-13,30690.34,0.0986,60.0,A,23286.16,Current,Active,12
916,725,Auto Loan,2022-09-16,12497.72,0.0956,36.0,A,0.0,Current,Paid Off,46
917,726,Personal Loan,2022-12-03,17540.67,0.1882,24.0,B,0.0,Current,Paid Off,43
918,726,Mortgage,2024-11-26,515194.68,0.0591,360.0,B,460572.54,30-59 DPD,Active,20
919,728,Credit Card,2025-08-27,9348.05,0.2505,,B,1838.94,Current,Active,11
920,729,Auto Loan,2023-09-22,12240.4,0.064,36.0,A,628.59,Current,Active,34
921,731,Credit Card,2025-04-23,11934.52,0.2562,,D,6102.94,30-59 DPD,Active,15
922,732,Mortgage,2025-03-10,586809.44,0.05,360.0,C,453742.52,90+ DPD,Charged Off,16
923,733,Auto Loan,2024-11-08,14892.56,0.0501,48.0,C,8204.63,Current,Active,20
924,734,Personal Loan,2025-02-26,9704.5,0.139,36.0,B,4934.83,Current,Active,17
925,735,Auto Loan,2025-11-06,23929.32,0.0839,48.0,B,20625.42,Current,Active,8
926,735,Credit Card,2023-07-18,12960.32,0.2133,,C,2377.36,Current,Active,36
927,736,Personal Loan,2025-08-01,9027.87,0.1169,48.0,A,6948.27,Current,Active,11
928,736,Mortgage,2023-07-18,284806.67,0.051,360.0,E,242773.8,90+ DPD,Charged Off,36
929,737,Credit Card,2023-11-02,16297.83,0.2292,,A,2233.91,Current,Active,32
930,738,Credit Card,2025-12-30,15865.55,0.1908,,C,2516.64,Current,Active,7
931,739,Credit Card,2023-08-29,5806.95,0.1614,,A,2183.54,Current,Active,35
932,742,Auto Loan,2022-07-25,16008.71,0.0969,60.0,E,3293.48,60-89 DPD,Active,48
933,743,Auto Loan,2025-08-02,16451.87,0.087,48.0,A,11874.63,Current,Active,11
934,744,Personal Loan,2025-09-18,5057.88,0.175,48.0,A,4019.07,Current,Active,10
935,744,Credit Card,2023-09-09,4088.44,0.1817,,C,884.23,Current,Active,34
936,745,Auto Loan,2025-03-13,38213.73,0.0913,60.0,D,15293.57,90+ DPD,Charged Off,16
937,745,Auto Loan,2023-11-09,11479.04,0.0976,72.0,D,6633.64,60-89 DPD,Active,32
938,747,Personal Loan,2022-04-29,22751.7,0.1837,48.0,A,0.0,Current,Paid Off,51
939,748,Auto Loan,2022-10-17,24006.48,0.0512,48.0,B,1355.04,Current,Active,45
940,748,Auto Loan,2023-06-20,14466.78,0.0519,36.0,C,0.0,Current,Paid Off,37
941,749,Personal Loan,2023-05-07,5792.84,0.1624,48.0,A,1254.71,Current,Active,38
942,750,Mortgage,2023-10-28,151819.17,0.0614,240.0,B,120053.65,30-59 DPD,Active,33
943,750,Credit Card,2022-05-21,13956.78,0.2504,,C,2484.22,30-59 DPD,Active,50
944,751,Credit Card,2023-06-08,5164.28,0.2279,,C,4475.25,90+ DPD,Charged Off,37
945,751,Auto Loan,2024-03-26,39500.89,0.0805,36.0,B,8844.67,Current,Active,28
946,752,Personal Loan,2022-06-09,12515.61,0.1652,48.0,B,0.0,Current,Paid Off,49
947,752,Personal Loan,2025-03-17,10458.48,0.108,24.0,B,4205.3,90+ DPD,Charged Off,16
948,753,Credit Card,2022-09-11,1284.37,0.2192,,B,820.96,Current,Active,46
949,754,Mortgage,2025-12-22,126809.6,0.0506,240.0,B,120507.64,Current,Active,7
950,756,Mortgage,2025-08-17,608126.88,0.0472,360.0,A,603709.37,Current,Active,11
951,757,Auto Loan,2023-05-04,30492.36,0.0504,60.0,D,11458.05,Current,Active,38
952,758,Personal Loan,2022-01-11,9153.73,0.1798,48.0,B,0.0,Current,Paid Off,54
953,758,Personal Loan,2024-05-17,15130.81,0.1067,48.0,A,6940.14,Current,Active,26
954,758,Credit Card,2022-07-01,15561.85,0.2091,,A,10887.81,Current,Active,48
955,760,Auto Loan,2025-02-18,40521.23,0.085,72.0,B,31742.57,Current,Active,17
956,760,Credit Card,2022-01-24,16013.09,0.2299,,C,8278.72,Current,Active,54
957,761,Mortgage,2024-08-19,573293.38,0.0698,360.0,E,503651.33,30-59 DPD,Active,23
958,762,Personal Loan,2025-12-11,5441.64,0.1447,48.0,C,4194.09,30-59 DPD,Active,7
959,762,Personal Loan,2025-05-10,8263.96,0.1631,24.0,D,3478.83,Current,Active,14
960,763,Auto Loan,2022-12-14,18229.38,0.1098,72.0,D,7660.14,Current,Active,43
961,763,Mortgage,2023-12-21,191288.0,0.0712,180.0,B,160840.92,Current,Active,31
962,763,Mortgage,2024-12-04,140156.65,0.0579,180.0,D,123991.66,Current,Active,19
963,764,Credit Card,2022-05-11,14282.31,0.2313,,B,8038.99,Current,Active,50
964,764,Auto Loan,2023-03-27,30847.28,0.0522,48.0,B,4880.19,Current,Active,40
965,764,Mortgage,2026-05-23,473120.49,0.057,360.0,B,459453.03,Current,Active,2
966,765,Credit Card,2022-03-29,9587.13,0.2462,,C,2646.09,Current,Active,52
967,766,Personal Loan,2022-08-12,21731.71,0.1415,48.0,D,18826.03,90+ DPD,Charged Off,47
968,767,Auto Loan,2025-11-19,17368.81,0.0942,36.0,C,12719.75,Current,Active,8
969,768,Credit Card,2022-05-02,17018.44,0.2182,,B,7444.46,Current,Active,50
970,769,Personal Loan,2022-04-28,22979.01,0.1817,36.0,D,0.0,Current,Paid Off,51
971,769,Mortgage,2022-07-01,247856.45,0.0677,180.0,C,184356.8,Current,Active,48
972,770,Personal Loan,2024-11-17,18392.5,0.1233,24.0,D,2840.77,Current,Active,20
973,771,Credit Card,2026-02-11,6942.47,0.213,,A,2678.34,Current,Active,5
974,772,Personal Loan,2026-01-21,18248.65,0.1,36.0,E,12316.37,90+ DPD,Charged Off,6
975,773,Personal Loan,2025-02-04,11230.97,0.1135,36.0,E,9657.27,90+ DPD,Charged Off,17
976,773,Auto Loan,2024-12-20,16401.89,0.0691,36.0,D,7023.09,Current,Active,19
977,774,Mortgage,2023-11-06,529459.52,0.0558,240.0,A,479350.44,Current,Active,32
978,774,Personal Loan,2023-01-24,16792.8,0.1616,48.0,A,1991.71,Current,Active,42
979,774,Auto Loan,2024-04-19,43919.88,0.0979,36.0,A,10764.72,Current,Active,27
980,775,Mortgage,2024-01-09,567211.79,0.0597,360.0,B,484723.9,Current,Active,30
981,776,Auto Loan,2025-01-11,18834.91,0.0611,48.0,B,12275.27,Current,Active,18
982,776,Auto Loan,2023-12-22,25299.05,0.1009,72.0,D,13381.48,Current,Active,31
983,776,Personal Loan,2024-07-25,11541.58,0.1407,48.0,B,5313.42,Current,Active,24
984,778,Auto Loan,2023-05-14,12390.85,0.0722,36.0,A,0.0,Current,Paid Off,38
985,778,Auto Loan,2024-04-16,12341.45,0.081,72.0,B,7100.97,Current,Active,27
986,778,Mortgage,2023-01-17,383675.14,0.0687,240.0,C,327816.92,Current,Active,42
987,779,Mortgage,2025-03-25,130451.45,0.0618,360.0,B,130702.26,Current,Active,16
988,779,Personal Loan,2023-12-05,15972.41,0.1563,48.0,D,5439.5,Current,Active,31
989,780,Personal Loan,2024-04-12,14518.71,0.1707,36.0,B,3564.9,Current,Active,27
990,780,Mortgage,2024-04-05,264516.9,0.0615,360.0,A,254390.7,Current,Active,27
991,781,Mortgage,2023-09-15,643239.88,0.0682,180.0,C,524694.86,Current,Active,34
992,781,Auto Loan,2024-04-08,16470.63,0.0973,60.0,B,6870.55,90+ DPD,Charged Off,27
993,782,Personal Loan,2022-12-11,13578.54,0.1421,48.0,D,9460.8,90+ DPD,Charged Off,43
994,782,Auto Loan,2023-11-19,43963.19,0.0987,36.0,D,4906.07,Current,Active,32
995,782,Auto Loan,2022-09-11,32125.1,0.0602,48.0,D,1530.15,30-59 DPD,Active,46
996,783,Personal Loan,2025-05-19,15653.74,0.1669,36.0,D,8830.04,30-59 DPD,Active,14
997,783,Auto Loan,2022-09-01,38834.3,0.097,48.0,B,1995.25,Current,Active,46
998,784,Credit Card,2024-03-08,7628.15,0.2544,,A,3381.56,Current,Active,28
999,785,Personal Loan,2023-05-22,5987.4,0.1749,48.0,E,3446.85,90+ DPD,Charged Off,38
1000,786,Auto Loan,2026-03-16,28354.2,0.1023,48.0,C,25939.22,Current,Active,4
1001,787,Personal Loan,2025-12-29,12129.52,0.1064,36.0,C,10792.48,90+ DPD,Charged Off,7
1002,788,Auto Loan,2023-02-15,39291.46,0.0893,36.0,D,0.0,Current,Paid Off,41
1003,788,Auto Loan,2024-02-24,43784.65,0.0546,60.0,E,20830.94,Current,Active,29
1004,789,Mortgage,2025-10-25,265673.38,0.0741,240.0,A,243640.32,Current,Active,9
1005,789,Auto Loan,2022-01-13,30618.11,0.099,60.0,B,2894.99,Current,Active,54
1006,790,Auto Loan,2025-09-21,34236.71,0.0999,48.0,C,25479.46,Current,Active,10
1007,791,Auto Loan,2023-04-13,42686.33,0.1021,72.0,D,19148.73,Current,Active,39
1008,792,Personal Loan,2022-12-25,18673.88,0.1395,24.0,A,0.0,Current,Paid Off,43
1009,793,Personal Loan,2025-06-11,7726.35,0.0978,24.0,D,7034.95,90+ DPD,Charged Off,13
1010,793,Personal Loan,2023-08-06,7727.97,0.1738,36.0,C,397.89,Current,Active,35
1011,794,Personal Loan,2024-04-23,22790.7,0.151,36.0,A,5785.36,Current,Active,27
1012,795,Mortgage,2024-02-14,125096.38,0.0631,360.0,C,105867.85,Current,Active,29
1013,795,Personal Loan,2024-08-29,3608.27,0.0968,36.0,C,1203.44,Current,Active,23
1014,796,Personal Loan,2026-02-18,16927.11,0.1518,24.0,A,13009.52,Current,Active,5
1015,797,Mortgage,2023-09-22,537837.16,0.0483,240.0,B,469492.74,Current,Active,34
1016,798,Mortgage,2024-04-22,175419.49,0.0542,360.0,E,163891.74,Current,Active,27
1017,802,Credit Card,2023-12-29,1634.42,0.2453,,B,1275.68,Current,Active,31
1018,803,Personal Loan,2024-10-12,11042.45,0.1253,36.0,B,4241.96,Current,Active,21
1019,804,Personal Loan,2022-03-08,7032.54,0.1347,36.0,C,0.0,Current,Paid Off,52
1020,804,Credit Card,2024-06-24,17722.42,0.2555,,B,2199.89,Current,Active,25
1021,805,Personal Loan,2025-06-06,3110.01,0.097,36.0,B,1836.45,Current,Active,13
1022,805,Auto Loan,2024-05-08,40524.43,0.083,48.0,A,16856.46,Current,Active,26
1023,806,Mortgage,2022-12-18,533965.45,0.0537,360.0,C,424289.52,Current,Active,43
1024,806,Credit Card,2024-04-19,12232.5,0.2092,,B,9407.33,Current,Active,27
1025,806,Credit Card,2022-07-20,14336.43,0.2148,,A,3018.94,Current,Active,48
1026,807,Credit Card,2026-03-22,1296.9,0.1917,,B,190.2,Current,Active,4
1027,807,Personal Loan,2022-05-14,8819.67,0.1587,36.0,B,0.0,Current,Paid Off,50
1028,808,Mortgage,2025-09-09,459739.19,0.0692,360.0,B,440921.92,Current,Active,10
1029,808,Auto Loan,2022-03-25,30311.14,0.0701,48.0,D,0.0,Current,Paid Off,52
1030,808,Credit Card,2024-03-30,1044.28,0.2469,,B,630.05,Current,Active,28
1031,810,Personal Loan,2024-01-15,16813.82,0.1655,24.0,A,0.0,Current,Paid Off,30
1032,810,Personal Loan,2025-10-05,21880.84,0.1057,48.0,B,18004.36,Current,Active,9
1033,810,Mortgage,2025-06-22,278872.25,0.0687,240.0,B,255801.94,Current,Active,13
1034,811,Mortgage,2023-07-08,276174.02,0.0485,240.0,D,230251.79,Current,Active,36
1035,811,Auto Loan,2022-12-09,22160.94,0.0551,48.0,D,17028.87,90+ DPD,Charged Off,43
1036,812,Mortgage,2024-01-29,253988.98,0.05,360.0,E,145421.67,90+ DPD,Charged Off,30
1037,813,Credit Card,2023-02-06,8557.52,0.2488,,C,3044.72,Current,Active,41
1038,813,Credit Card,2025-06-11,11325.86,0.1661,,B,1640.49,Current,Active,13
1039,814,Personal Loan,2023-05-23,23092.22,0.0929,48.0,E,4904.82,60-89 DPD,Active,38
1040,815,Personal Loan,2023-07-29,13855.03,0.1677,48.0,D,3615.33,Current,Active,36
1041,816,Personal Loan,2024-08-15,15149.23,0.1,24.0,A,731.44,Current,Active,23
1042,817,Personal Loan,2022-10-17,10579.42,0.1052,48.0,C,616.83,Current,Active,45
1043,817,Auto Loan,2022-02-02,21904.63,0.081,72.0,C,6062.12,30-59 DPD,Active,53
1044,817,Auto Loan,2025-10-29,10572.93,0.0949,60.0,A,8704.81,Current,Active,9
1045,818,Auto Loan,2022-07-09,15782.19,0.0627,48.0,A,0.0,Current,Paid Off,48
1046,819,Credit Card,2022-05-29,2967.76,0.1723,,C,2369.47,90+ DPD,Charged Off,50
1047,819,Personal Loan,2022-07-19,17388.81,0.1071,24.0,D,0.0,Current,Paid Off,48
1048,819,Auto Loan,2025-06-14,22828.79,0.0829,72.0,A,17539.81,Current,Active,13
1049,820,Personal Loan,2025-11-11,5908.77,0.1659,48.0,C,5170.11,Current,Active,8
1050,820,Credit Card,2025-10-22,8343.32,0.1734,,C,1787.75,Current,Active,9
1051,820,Personal Loan,2025-01-23,18399.78,0.1847,36.0,D,9534.89,Current,Active,18
1052,821,Personal Loan,2022-06-29,10972.92,0.1122,48.0,C,0.0,Current,Paid Off,49
1053,821,Mortgage,2024-07-30,590442.62,0.0557,180.0,B,518345.42,Current,Active,24
1054,821,Credit Card,2022-04-20,15803.71,0.233,,D,12999.88,Current,Active,51
1055,822,Personal Loan,2023-05-15,12122.3,0.1369,36.0,C,0.0,Current,Paid Off,38
1056,823,Credit Card,2024-07-25,4475.5,0.188,,D,928.76,30-59 DPD,Active,24
1057,824,Personal Loan,2023-07-22,6818.8,0.1289,36.0,B,0.0,Current,Paid Off,36
1058,825,Credit Card,2025-01-22,13159.8,0.2503,,B,5274.88,90+ DPD,Charged Off,18
1059,826,Credit Card,2025-06-28,1063.32,0.1837,,C,476.71,30-59 DPD,Active,13
1060,826,Auto Loan,2025-06-23,25018.84,0.1069,36.0,B,16636.26,Current,Active,13
1061,827,Personal Loan,2023-01-30,16568.72,0.1627,36.0,A,0.0,Current,Paid Off,42
1062,829,Auto Loan,2025-09-30,27585.29,0.0539,36.0,B,20326.32,Current,Active,10
1063,830,Credit Card,2025-07-05,18746.62,0.2414,,B,10528.31,Current,Active,12
1064,831,Credit Card,2026-01-15,12313.49,0.1799,,B,9656.94,Current,Active,6
1065,832,Mortgage,2024-03-15,202912.41,0.0462,360.0,A,188810.93,Current,Active,28
1066,833,Credit Card,2022-07-06,10430.58,0.1711,,A,3011.71,Current,Active,48
1067,833,Credit Card,2023-10-22,5471.76,0.2549,,A,1277.97,Current,Active,33
1068,834,Credit Card,2022-04-22,19688.67,0.1714,,B,10036.86,Current,Active,51
1069,834,Personal Loan,2026-05-11,15808.48,0.1309,48.0,C,15166.35,Current,Active,2
1070,834,Personal Loan,2025-06-27,21874.15,0.1849,48.0,E,10565.41,90+ DPD,Charged Off,13
1071,835,Personal Loan,2025-08-20,11138.24,0.1628,48.0,B,8127.82,Current,Active,11
1072,836,Auto Loan,2022-08-26,20030.92,0.0656,60.0,A,4446.19,Current,Active,47
1073,837,Auto Loan,2024-07-04,10779.0,0.0714,36.0,A,3726.29,Current,Active,24
1074,838,Personal Loan,2025-09-28,13929.41,0.1489,36.0,A,9822.14,30-59 DPD,Active,10
1075,838,Credit Card,2024-08-21,9436.42,0.1734,,E,5332.74,90+ DPD,Charged Off,23
1076,839,Credit Card,2022-10-18,1381.4,0.2431,,A,302.37,Current,Active,45
1077,839,Personal Loan,2024-01-29,11488.62,0.0999,36.0,A,1980.84,Current,Active,30
1078,841,Personal Loan,2022-05-03,3227.74,0.1321,36.0,C,0.0,Current,Paid Off,50
1079,841,Credit Card,2026-03-31,7064.32,0.166,,C,1383.71,30-59 DPD,Active,4
1080,842,Credit Card,2022-11-23,15887.1,0.1639,,D,4783.62,30-59 DPD,Active,44
1081,842,Mortgage,2026-04-22,237726.55,0.0507,240.0,C,238673.95,Current,Active,3
1082,843,Auto Loan,2022-06-13,44925.97,0.0528,36.0,B,0.0,Current,Paid Off,49
1083,843,Credit Card,2024-06-05,19202.82,0.2573,,C,12595.35,Current,Active,25
1084,844,Personal Loan,2023-08-07,5496.73,0.1302,24.0,D,0.0,Current,Paid Off,35
1085,844,Auto Loan,2024-12-28,31439.16,0.0572,72.0,C,23964.33,Current,Active,19
1086,844,Credit Card,2026-03-11,4999.86,0.2284,,B,540.05,Current,Active,4
1087,845,Personal Loan,2022-02-24,12465.76,0.1752,36.0,E,0.0,Current,Paid Off,53
1088,845,Personal Loan,2024-05-26,23726.2,0.1743,24.0,D,0.0,Current,Paid Off,26
1089,846,Auto Loan,2024-07-10,18100.26,0.0996,60.0,C,10711.38,Current,Active,24
1090,846,Personal Loan,2025-03-29,20229.3,0.1852,36.0,E,11647.59,Current,Active,16
1091,846,Auto Loan,2024-11-01,21539.91,0.0799,48.0,C,11885.1,Current,Active,20
1092,848,Credit Card,2025-12-02,8605.12,0.2357,,C,1120.41,Current,Active,7
1093,848,Personal Loan,2025-07-10,19492.39,0.1547,24.0,A,8937.46,Current,Active,12
1094,848,Credit Card,2022-06-14,14814.67,0.1769,,A,2561.45,Current,Active,49
1095,849,Personal Loan,2025-09-10,12278.88,0.1339,24.0,D,7201.7,Current,Active,10
1096,850,Auto Loan,2023-10-20,17152.64,0.1065,60.0,A,15634.9,90+ DPD,Charged Off,33
1097,850,Credit Card,2022-07-10,1102.51,0.2184,,B,253.08,Current,Active,48
1098,851,Credit Card,2025-10-09,18195.28,0.2208,,B,11088.43,Current,Active,9
1099,851,Auto Loan,2024-07-12,33730.68,0.0863,72.0,B,22353.01,Current,Active,24
1100,852,Personal Loan,2024-11-25,21483.85,0.172,24.0,A,3462.52,Current,Active,20
1101,853,Auto Loan,2022-10-13,12581.03,0.1059,60.0,B,3217.74,Current,Active,45
1102,854,Personal Loan,2023-12-10,15085.62,0.0996,36.0,B,2195.34,Current,Active,31
1103,855,Auto Loan,2024-02-04,41918.73,0.1066,60.0,A,19853.33,Current,Active,29
1104,856,Personal Loan,2022-05-21,16267.36,0.121,24.0,A,0.0,Current,Paid Off,50
1105,857,Credit Card,2024-06-06,10525.67,0.2093,,B,1294.33,Current,Active,25
1106,859,Credit Card,2025-02-09,10552.91,0.2242,,B,5986.28,Current,Active,17
1107,860,Credit Card,2023-10-09,7680.01,0.2321,,D,2856.39,Current,Active,33
1108,860,Personal Loan,2022-08-03,12787.12,0.1461,36.0,D,0.0,Current,Paid Off,47
1109,862,Credit Card,2025-07-14,7492.72,0.1772,,C,4098.29,Current,Active,12
1110,863,Mortgage,2024-06-27,509926.43,0.0606,240.0,D,434162.96,Current,Active,25
1111,863,Personal Loan,2023-04-14,4852.97,0.1687,24.0,C,0.0,Current,Paid Off,39
1112,864,Auto Loan,2024-07-09,18620.04,0.052,36.0,D,11645.19,90+ DPD,Charged Off,24
1113,866,Mortgage,2025-07-29,237358.84,0.0713,180.0,C,215432.87,Current,Active,12
1114,868,Credit Card,2026-04-26,4719.08,0.1665,,C,616.81,30-59 DPD,Active,3
1115,868,Mortgage,2024-09-13,321242.33,0.0583,240.0,D,209667.34,90+ DPD,Charged Off,22
1116,868,Personal Loan,2025-07-17,9822.15,0.1487,24.0,C,4953.94,Current,Active,12
1117,869,Auto Loan,2025-01-20,34714.31,0.0505,72.0,D,13555.25,90+ DPD,Charged Off,18
1118,871,Auto Loan,2025-06-02,11167.18,0.0556,72.0,B,9186.45,Current,Active,13
1119,871,Personal Loan,2024-08-30,11942.93,0.1147,48.0,A,6147.47,Current,Active,23
1120,872,Credit Card,2024-11-27,2617.29,0.1718,,B,1895.97,Current,Active,20
1121,872,Credit Card,2022-09-24,7773.16,0.2307,,D,1289.67,Current,Active,46
1122,873,Auto Loan,2023-02-03,22460.13,0.1097,60.0,C,7415.74,30-59 DPD,Active,41
1123,873,Mortgage,2022-08-30,599803.38,0.0531,180.0,E,434080.94,90+ DPD,Charged Off,47
1124,874,Auto Loan,2023-08-23,32211.36,0.0908,72.0,C,15858.61,Current,Active,35
1125,874,Mortgage,2025-10-08,214164.01,0.051,180.0,B,202701.68,Current,Active,9
1126,875,Auto Loan,2026-01-05,10512.9,0.0527,72.0,C,8423.58,90+ DPD,Charged Off,6
1127,876,Credit Card,2024-03-18,6142.35,0.2561,,B,4191.5,Current,Active,28
1128,876,Credit Card,2025-02-02,7089.94,0.1643,,C,2059.15,Current,Active,17
1129,877,Credit Card,2023-09-25,18946.29,0.1762,,A,11228.3,Current,Active,34
1130,878,Credit Card,2024-04-30,19571.57,0.254,,C,7864.28,Current,Active,27
1131,879,Personal Loan,2024-12-24,23119.77,0.0917,48.0,C,14265.95,Current,Active,19
1132,879,Personal Loan,2024-08-17,18665.54,0.1174,36.0,C,6431.22,Current,Active,23
1133,880,Mortgage,2023-12-28,303035.13,0.0587,360.0,A,278884.41,Current,Active,31
1134,882,Personal Loan,2026-05-03,16159.1,0.1348,24.0,C,14146.56,Current,Active,2
1135,884,Personal Loan,2025-07-29,13640.09,0.1786,24.0,A,7000.32,Current,Active,12
1136,885,Credit Card,2024-08-24,17532.58,0.2307,,A,13909.15,Current,Active,23
1137,885,Auto Loan,2025-02-20,19277.3,0.0921,36.0,B,9851.95,Current,Active,17
1138,885,Credit Card,2023-12-21,4694.25,0.1878,,C,2336.9,Current,Active,31
1139,886,Personal Loan,2022-10-23,19748.28,0.1605,24.0,E,0.0,Current,Paid Off,45
1140,887,Auto Loan,2026-03-31,25023.21,0.0949,36.0,A,22783.53,Current,Active,4
1141,888,Personal Loan,2026-05-24,20575.68,0.1463,48.0,A,17998.87,Current,Active,2
1142,888,Credit Card,2024-06-03,11181.11,0.2344,,C,5538.56,Current,Active,25
1143,889,Personal Loan,2022-02-03,4813.07,0.1495,36.0,A,0.0,Current,Paid Off,53
1144,890,Personal Loan,2025-12-24,18415.14,0.1588,36.0,D,15043.36,Current,Active,7
1145,892,Credit Card,2022-02-25,17989.24,0.1676,,C,9151.0,Current,Active,53
1146,892,Credit Card,2025-03-13,19840.32,0.2558,,C,12748.94,30-59 DPD,Active,16
1147,893,Personal Loan,2022-12-01,3859.27,0.1184,24.0,B,0.0,Current,Paid Off,43
1148,894,Personal Loan,2023-02-17,5129.59,0.1296,24.0,C,0.0,Current,Paid Off,41
1149,895,Credit Card,2024-03-18,5801.12,0.2053,,A,2973.5,Current,Active,28
1150,897,Credit Card,2024-06-28,19690.33,0.2101,,A,5843.69,Current,Active,25
1151,897,Personal Loan,2022-08-28,19121.16,0.1161,24.0,B,0.0,Current,Paid Off,47
1152,898,Credit Card,2026-04-03,10525.53,0.1628,,B,7196.35,Current,Active,3
1153,898,Auto Loan,2022-03-24,13056.86,0.0817,36.0,C,0.0,Current,Paid Off,52
1154,899,Auto Loan,2026-05-28,14808.0,0.0638,36.0,D,13570.36,30-59 DPD,Active,2
1155,899,Credit Card,2022-10-24,3977.87,0.1722,,B,1030.23,Current,Active,45
1156,900,Auto Loan,2025-12-17,24241.08,0.052,48.0,A,21022.41,Current,Active,7
1157,901,Auto Loan,2022-05-01,22568.99,0.1027,72.0,B,6666.58,Current,Active,50
1158,902,Personal Loan,2025-03-01,13649.3,0.1309,24.0,A,4728.33,Current,Active,16
1159,904,Credit Card,2026-01-24,13083.76,0.1946,,B,2098.74,Current,Active,6
1160,904,Auto Loan,2023-01-04,8193.37,0.0544,36.0,C,0.0,Current,Paid Off,42
1161,905,Personal Loan,2025-07-22,21199.77,0.1778,48.0,D,16385.84,Current,Active,12
1162,905,Credit Card,2022-06-19,12033.67,0.2157,,B,5306.64,Current,Active,49
1163,906,Personal Loan,2024-10-21,11023.48,0.1331,36.0,A,4134.21,Current,Active,21
1164,907,Mortgage,2025-03-29,449690.19,0.0547,180.0,B,406128.56,Current,Active,16
1165,907,Credit Card,2022-07-18,5743.49,0.2514,,D,2741.98,Current,Active,48
1166,908,Personal Loan,2022-11-25,10281.46,0.0987,24.0,B,0.0,Current,Paid Off,44
1167,909,Personal Loan,2022-11-06,14979.04,0.1045,48.0,E,8512.09,90+ DPD,Charged Off,44
1168,909,Personal Loan,2024-04-29,11074.71,0.1401,36.0,C,2676.02,90+ DPD,Active,27
1169,909,Auto Loan,2025-06-12,44912.04,0.0979,60.0,D,33519.55,Current,Active,13
1170,910,Credit Card,2023-06-24,11168.67,0.2375,,B,1553.68,Current,Active,37
1171,911,Personal Loan,2025-12-15,13507.58,0.1601,24.0,A,9811.5,Current,Active,7
1172,912,Credit Card,2023-09-10,16544.05,0.2118,,A,12486.62,Current,Active,34
1173,913,Personal Loan,2025-07-13,7025.25,0.1235,48.0,C,5166.46,Current,Active,12
1174,914,Mortgage,2024-08-01,469240.92,0.0692,240.0,C,428630.97,Current,Active,23
1175,914,Auto Loan,2025-10-29,43708.16,0.0829,72.0,D,34504.86,Current,Active,9
1176,915,Credit Card,2022-01-16,17408.35,0.2481,,A,15242.96,90+ DPD,Charged Off,54
1177,915,Personal Loan,2022-06-17,14936.64,0.1717,24.0,C,0.0,Current,Paid Off,49
1178,916,Mortgage,2023-08-14,208879.96,0.0582,360.0,B,123930.86,90+ DPD,Charged Off,35
1179,916,Personal Loan,2023-10-20,15019.06,0.1137,36.0,A,1250.5,Current,Active,33
1180,917,Mortgage,2024-01-11,243654.23,0.049,180.0,D,188579.7,Current,Active,30
1181,918,Auto Loan,2025-01-15,44335.24,0.0524,48.0,A,27995.38,Current,Active,18
1182,919,Mortgage,2026-04-22,516228.97,0.0489,360.0,C,471249.52,Current,Active,3
1183,920,Credit Card,2023-08-05,11130.69,0.1892,,A,3238.21,Current,Active,35
1184,920,Auto Loan,2026-04-17,22222.63,0.071,36.0,C,20494.49,90+ DPD,Charged Off,3
1185,920,Personal Loan,2025-04-21,4042.44,0.112,36.0,B,2138.28,30-59 DPD,Active,15
1186,921,Credit Card,2026-04-10,7897.85,0.2595,,E,3970.14,Current,Active,3
1187,922,Mortgage,2023-07-05,415325.31,0.0701,360.0,B,345390.29,Current,Active,36
1188,922,Personal Loan,2024-05-27,16898.94,0.166,36.0,B,4303.78,Current,Active,26
1189,923,Mortgage,2025-10-17,507049.05,0.0739,180.0,D,449861.49,30-59 DPD,Active,9
1190,923,Auto Loan,2022-05-08,37567.01,0.0956,60.0,B,6391.44,90+ DPD,Active,50
1191,923,Auto Loan,2025-08-12,20928.74,0.0564,72.0,A,17733.69,Current,Active,11
1192,924,Credit Card,2024-09-18,10953.95,0.2513,,B,8759.14,Current,Active,22
1193,925,Credit Card,2023-09-13,5865.94,0.2386,,D,4074.38,Current,Active,34
1194,926,Mortgage,2022-10-06,632464.07,0.0526,240.0,B,463819.07,Current,Active,45
1195,927,Credit Card,2022-05-08,7188.51,0.2382,,E,4232.64,90+ DPD,Charged Off,50
1196,928,Personal Loan,2022-08-18,8423.7,0.1279,48.0,B,422.23,Current,Active,47
1197,928,Personal Loan,2026-03-13,16747.81,0.1226,48.0,C,14129.86,Current,Active,4
1198,929,Credit Card,2024-11-30,14355.41,0.2272,,A,11626.09,Current,Active,20
1199,930,Credit Card,2024-02-17,16408.98,0.2592,,B,12253.44,Current,Active,29
1200,930,Auto Loan,2025-08-22,35662.21,0.062,36.0,B,22856.6,Current,Active,11
1201,932,Credit Card,2024-12-01,19169.6,0.2595,,E,11663.12,Current,Active,19
1202,932,Credit Card,2022-05-14,11000.26,0.2133,,A,4356.57,Current,Active,50
1203,933,Credit Card,2024-06-16,8323.89,0.237,,C,2601.17,Current,Active,25
1204,935,Personal Loan,2023-01-07,3221.41,0.1782,36.0,E,0.0,Current,Paid Off,42
1205,935,Mortgage,2023-05-18,446142.62,0.0714,360.0,C,379758.1,Current,Active,38
1206,936,Auto Loan,2022-07-06,13789.07,0.1007,36.0,B,0.0,Current,Paid Off,48
1207,937,Credit Card,2023-09-21,1570.3,0.2506,,C,1220.5,Current,Active,34
1208,937,Personal Loan,2024-01-24,15673.27,0.129,36.0,A,2739.46,Current,Active,30
1209,939,Credit Card,2022-01-30,10120.68,0.1607,,C,7838.85,90+ DPD,Charged Off,54
1210,939,Mortgage,2022-02-03,435718.11,0.047,180.0,B,312711.61,Current,Active,53
1211,940,Personal Loan,2022-11-25,6604.2,0.125,24.0,D,0.0,Current,Paid Off,44
1212,941,Credit Card,2025-02-04,5305.15,0.2239,,A,2013.95,Current,Active,17
1213,941,Credit Card,2024-06-19,5917.77,0.1696,,C,1711.01,Current,Active,25
1214,941,Auto Loan,2024-11-02,19922.55,0.0513,72.0,A,14345.89,Current,Active,20
1215,942,Credit Card,2025-07-15,4389.38,0.2177,,B,3427.24,Current,Active,12
1216,943,Auto Loan,2022-05-16,28971.0,0.0652,36.0,B,0.0,Current,Paid Off,50
1217,943,Auto Loan,2024-07-02,31952.35,0.0696,72.0,A,21076.22,Current,Active,24
1218,944,Mortgage,2024-10-25,428071.25,0.0499,240.0,C,359587.21,30-59 DPD,Active,21
1219,945,Credit Card,2026-04-29,19375.31,0.2483,,A,4422.31,Current,Active,3
1220,946,Auto Loan,2022-08-28,27733.25,0.0959,60.0,E,23653.71,90+ DPD,Charged Off,47
1221,946,Auto Loan,2022-11-15,34844.84,0.0602,36.0,D,0.0,Current,Paid Off,44
1222,947,Personal Loan,2023-07-24,24104.97,0.1735,24.0,B,0.0,Current,Paid Off,36
1223,947,Credit Card,2024-12-16,18557.36,0.2239,,D,13120.25,30-59 DPD,Active,19
1224,948,Personal Loan,2022-11-19,11588.3,0.1003,48.0,D,7586.28,90+ DPD,Charged Off,44
1225,948,Personal Loan,2022-03-13,24216.65,0.1031,36.0,C,0.0,Current,Paid Off,52
1226,949,Personal Loan,2022-08-30,6363.06,0.162,48.0,B,307.79,Current,Active,47
1227,949,Mortgage,2025-07-18,513867.73,0.0743,360.0,E,502717.01,Current,Active,12
1228,951,Credit Card,2024-08-11,7975.76,0.2114,,C,4765.46,90+ DPD,Charged Off,23
1229,953,Auto Loan,2023-05-20,43216.15,0.077,36.0,C,0.0,Current,Paid Off,38
1230,953,Personal Loan,2024-07-07,8909.52,0.1653,36.0,B,2920.1,Current,Active,24
1231,953,Mortgage,2022-07-07,608762.3,0.0525,360.0,B,546446.69,Current,Active,48
1232,954,Auto Loan,2026-03-12,13375.39,0.1028,36.0,D,11865.9,Current,Active,4
1233,955,Personal Loan,2022-07-09,3205.56,0.1878,48.0,A,0.0,Current,Paid Off,48
1234,956,Mortgage,2023-05-27,273100.14,0.0614,240.0,A,227870.52,Current,Active,38
1235,957,Personal Loan,2022-12-06,10779.9,0.1089,48.0,D,1061.51,Current,Active,43
1236,958,Credit Card,2025-11-19,10621.54,0.2346,,A,6266.29,Current,Active,8
1237,959,Mortgage,2023-07-20,290427.58,0.0566,180.0,A,219639.0,Current,Active,36
1238,959,Auto Loan,2022-06-22,25890.9,0.1003,72.0,A,8210.72,Current,Active,49
1239,960,Auto Loan,2023-12-31,37801.08,0.0795,72.0,B,21717.45,Current,Active,31
1240,962,Credit Card,2024-02-10,10241.6,0.2372,,B,1978.2,Current,Active,29
1241,964,Auto Loan,2024-02-02,14542.19,0.0646,48.0,D,9482.21,90+ DPD,Charged Off,29
1242,964,Personal Loan,2022-03-04,14266.2,0.1469,36.0,A,0.0,Current,Paid Off,52
1243,965,Personal Loan,2025-06-23,18228.4,0.1011,24.0,D,8943.43,90+ DPD,Charged Off,13
1244,966,Personal Loan,2026-03-01,21520.37,0.1644,36.0,C,19609.58,Current,Active,4
1245,966,Auto Loan,2025-06-26,15139.56,0.0534,48.0,A,11017.03,Current,Active,13
1246,966,Mortgage,2025-05-08,459153.08,0.0583,180.0,C,388477.04,30-59 DPD,Active,14
1247,967,Auto Loan,2023-09-02,23899.51,0.0525,72.0,C,12955.95,Current,Active,34
1248,968,Credit Card,2025-04-26,6354.53,0.1828,,A,4610.69,Current,Active,15
1249,969,Personal Loan,2022-01-31,15106.62,0.154,36.0,B,0.0,Current,Paid Off,54
1250,970,Mortgage,2023-04-03,122108.07,0.0608,360.0,D,101033.48,Current,Active,39
1251,972,Auto Loan,2025-05-01,16204.82,0.0707,72.0,B,13180.73,Current,Active,14
1252,972,Credit Card,2026-05-18,9671.97,0.2212,,D,5833.64,Current,Active,2
1253,973,Personal Loan,2025-07-23,4695.1,0.1303,36.0,B,3194.06,Current,Active,12
1254,973,Personal Loan,2023-03-14,20452.34,0.1481,36.0,C,0.0,Current,Paid Off,40
1255,973,Auto Loan,2026-01-17,13035.25,0.1035,48.0,A,11246.7,Current,Active,6
1256,974,Auto Loan,2024-11-13,8336.17,0.0658,36.0,C,3638.66,Current,Active,20
1257,974,Personal Loan,2022-03-24,4632.87,0.134,24.0,B,0.0,Current,Paid Off,52
1258,975,Auto Loan,2022-08-28,19228.71,0.0682,72.0,B,6697.48,30-59 DPD,Active,47
1259,975,Auto Loan,2023-10-08,15998.35,0.0958,60.0,E,7393.41,Current,Active,33
1260,976,Mortgage,2022-04-21,136030.76,0.074,180.0,D,99671.11,Current,Active,51
1261,977,Auto Loan,2024-03-26,44948.87,0.0954,60.0,C,24549.82,Current,Active,28
1262,977,Mortgage,2023-04-17,211390.04,0.0528,360.0,A,171540.9,Current,Active,39
1263,979,Mortgage,2022-08-04,580769.1,0.0512,360.0,B,512989.84,Current,Active,47
1264,980,Credit Card,2025-05-22,15936.76,0.2381,,A,11741.42,Current,Active,14
1265,982,Credit Card,2022-06-16,12894.24,0.226,,A,10900.02,Current,Active,49
1266,982,Mortgage,2025-01-26,456558.16,0.0466,360.0,A,399426.44,Current,Active,18
1267,983,Mortgage,2022-02-13,154220.05,0.0561,360.0,C,131132.14,Current,Active,53
1268,983,Auto Loan,2023-04-24,24642.94,0.0561,48.0,D,12170.83,90+ DPD,Charged Off,39
1269,984,Credit Card,2022-06-16,17177.25,0.1696,,B,6566.32,Current,Active,49
1270,984,Credit Card,2025-12-23,3153.27,0.2387,,B,490.22,Current,Active,7
1271,985,Credit Card,2025-01-18,3578.17,0.2278,,A,2330.99,Current,Active,18
1272,987,Credit Card,2022-09-26,7629.03,0.2229,,A,4437.94,Current,Active,46
1273,988,Credit Card,2023-07-12,15692.97,0.168,,D,2402.65,Current,Active,36
1274,988,Mortgage,2024-09-09,162318.84,0.048,180.0,C,144008.51,60-89 DPD,Active,22
1275,989,Auto Loan,2023-03-02,30991.78,0.0773,72.0,A,12825.28,30-59 DPD,Active,40
1276,990,Personal Loan,2022-09-21,22917.53,0.1041,24.0,B,0.0,Current,Paid Off,46
1277,991,Mortgage,2022-06-14,563059.51,0.0723,360.0,C,463101.36,Current,Active,49
1278,992,Mortgage,2024-08-13,127025.53,0.0623,360.0,A,109859.94,Current,Active,23
1279,992,Personal Loan,2022-05-12,18025.24,0.1602,36.0,A,0.0,Current,Paid Off,50
1280,993,Personal Loan,2022-08-10,12811.62,0.1382,36.0,B,0.0,Current,Paid Off,47
1281,994,Credit Card,2024-11-03,10060.5,0.1622,,A,4728.1,Current,Active,20
1282,994,Credit Card,2024-04-04,8533.75,0.183,,B,6504.77,Current,Active,27
1283,994,Auto Loan,2024-01-04,18637.56,0.1022,36.0,A,3119.59,Current,Active,30
1284,995,Personal Loan,2026-05-06,17880.62,0.1792,24.0,B,16156.32,Current,Active,2
1285,996,Personal Loan,2026-05-08,12946.35,0.1509,24.0,B,10803.52,Current,Active,2
1286,997,Auto Loan,2025-10-18,10632.29,0.05,36.0,D,7396.26,Current,Active,9
1287,997,Credit Card,2026-01-18,5864.34,0.2196,,D,2958.9,Current,Active,6
1288,997,Personal Loan,2022-01-27,19522.44,0.1185,24.0,E,0.0,Current,Paid Off,54
1289,998,Auto Loan,2022-03-26,14267.42,0.0783,60.0,C,1888.28,Current,Active,52
1290,998,Auto Loan,2025-11-25,10320.4,0.0659,36.0,A,7812.59,Current,Active,8
1291,999,Auto Loan,2022-08-19,41159.33,0.0783,60.0,B,8611.37,Current,Active,47
1292,1002,Credit Card,2023-11-19,6466.97,0.1604,,C,4393.45,Current,Active,32
1293,1003,Personal Loan,2024-07-15,13700.38,0.1257,36.0,B,4250.23,Current,Active,24
1294,1003,Personal Loan,2023-03-11,19018.29,0.1044,48.0,B,14459.5,90+ DPD,Charged Off,40
1295,1004,Credit Card,2022-04-13,17050.74,0.2016,,B,8753.11,Current,Active,51
1296,1005,Auto Loan,2022-11-03,30129.51,0.1099,72.0,D,12099.34,Current,Active,44
1297,1005,Credit Card,2022-05-05,10126.62,0.2281,,D,7236.15,Current,Active,50
1298,1005,Auto Loan,2022-01-31,32580.97,0.0932,36.0,C,0.0,Current,Paid Off,54
1299,1006,Personal Loan,2025-04-10,18912.07,0.1367,36.0,C,10314.54,Current,Active,15
1300,1008,Credit Card,2023-03-20,15231.03,0.224,,C,9269.66,90+ DPD,Charged Off,40
1301,1009,Personal Loan,2025-04-03,24020.62,0.1021,36.0,B,14573.91,30-59 DPD,Active,15
1302,1010,Auto Loan,2022-07-06,21492.54,0.0552,36.0,D,0.0,Current,Paid Off,48
1303,1010,Credit Card,2025-02-09,16592.29,0.1944,,B,7852.95,Current,Active,17
1304,1010,Personal Loan,2026-01-29,20614.47,0.166,24.0,A,14379.82,Current,Active,6
1305,1011,Mortgage,2026-04-14,128111.41,0.0668,180.0,D,84718.48,90+ DPD,Charged Off,3
1306,1013,Auto Loan,2025-06-21,29438.87,0.0721,60.0,C,23021.61,30-59 DPD,Active,13
1307,1014,Credit Card,2022-06-25,17181.38,0.1612,,D,11253.01,90+ DPD,Charged Off,49
1308,1015,Auto Loan,2022-03-11,26506.73,0.068,72.0,A,7280.08,Current,Active,52
1309,1015,Credit Card,2024-09-18,9091.83,0.2589,,B,4623.92,Current,Active,22
1310,1016,Mortgage,2022-10-03,640240.92,0.0532,240.0,D,524096.61,60-89 DPD,Active,45
1311,1018,Auto Loan,2023-05-28,17275.4,0.0821,48.0,A,3265.16,Current,Active,38
1312,1018,Auto Loan,2022-04-21,35342.08,0.0913,36.0,C,0.0,Current,Paid Off,51
1313,1019,Personal Loan,2025-11-21,4197.68,0.1601,36.0,E,3137.36,60-89 DPD,Active,8
1314,1020,Credit Card,2024-12-15,2372.86,0.2468,,B,975.65,Current,Active,19
1315,1020,Auto Loan,2023-05-03,43622.21,0.0647,36.0,B,0.0,Current,Paid Off,38
1316,1022,Auto Loan,2022-01-01,17757.69,0.1092,60.0,B,1783.37,Current,Active,54
1317,1023,Auto Loan,2022-06-28,34819.25,0.0716,48.0,E,0.0,Current,Paid Off,49
1318,1025,Credit Card,2025-03-26,14064.88,0.244,,B,3908.76,Current,Active,16
1319,1025,Personal Loan,2023-05-23,17108.34,0.1388,36.0,C,0.0,Current,Paid Off,38
1320,1026,Credit Card,2023-02-23,12244.84,0.2078,,D,7708.22,30-59 DPD,Active,41
1321,1027,Personal Loan,2025-10-11,10379.07,0.1133,36.0,D,7988.22,Current,Active,9
1322,1027,Auto Loan,2022-08-01,28593.14,0.0888,36.0,D,0.0,Current,Paid Off,47
1323,1028,Personal Loan,2023-07-13,10638.07,0.096,24.0,B,0.0,Current,Paid Off,36
1324,1029,Auto Loan,2023-05-13,32567.45,0.092,60.0,C,11912.39,Current,Active,38
1325,1029,Auto Loan,2023-09-10,42096.38,0.091,48.0,B,12616.04,Current,Active,34
1326,1030,Auto Loan,2024-03-05,13453.36,0.0666,48.0,D,5247.91,Current,Active,28
1327,1030,Personal Loan,2022-05-29,23327.25,0.1635,24.0,A,0.0,Current,Paid Off,50
1328,1031,Personal Loan,2023-08-21,12433.83,0.1353,48.0,E,6685.57,90+ DPD,Charged Off,35
1329,1031,Credit Card,2025-11-30,8982.85,0.2555,,D,2327.92,60-89 DPD,Active,8
1330,1032,Mortgage,2024-06-14,145350.28,0.0516,240.0,B,129247.18,Current,Active,25
1331,1032,Personal Loan,2025-08-02,14646.83,0.1512,36.0,A,9605.15,Current,Active,11
1332,1033,Auto Loan,2024-11-30,15678.13,0.0827,48.0,A,8921.4,Current,Active,20
1333,1036,Credit Card,2023-10-04,18944.2,0.2142,,A,10175.75,Current,Active,33
1334,1037,Personal Loan,2025-07-03,3265.9,0.1769,48.0,C,2515.19,Current,Active,12
1335,1039,Personal Loan,2024-06-08,9870.38,0.1227,48.0,A,4909.32,Current,Active,25
1336,1039,Credit Card,2022-11-07,18147.58,0.2406,,D,8371.25,90+ DPD,Charged Off,44
1337,1040,Auto Loan,2025-11-13,27395.4,0.0732,60.0,E,22955.19,Current,Active,8
1338,1041,Auto Loan,2025-08-29,21352.44,0.0879,60.0,C,17361.83,Current,Active,11
1339,1041,Auto Loan,2022-07-14,33499.17,0.0961,36.0,B,0.0,Current,Paid Off,48
1340,1043,Mortgage,2024-01-14,649109.14,0.0742,360.0,D,596009.48,Current,Active,30
1341,1044,Credit Card,2025-05-30,1202.0,0.2255,,B,916.19,Current,Active,14
1342,1046,Auto Loan,2022-04-25,41712.28,0.1053,36.0,C,0.0,Current,Paid Off,51
1343,1047,Personal Loan,2025-11-19,23278.02,0.0929,36.0,B,18939.41,Current,Active,8
1344,1047,Personal Loan,2024-02-20,8635.8,0.1391,36.0,C,1639.89,Current,Active,29
1345,1049,Credit Card,2025-05-21,2230.06,0.244,,B,1585.81,Current,Active,14
1346,1050,Personal Loan,2024-06-09,24305.63,0.1582,36.0,C,7774.02,Current,Active,25
1347,1050,Auto Loan,2026-04-08,17021.15,0.0655,48.0,C,16628.15,Current,Active,3
1348,1050,Auto Loan,2022-07-03,30193.52,0.0677,36.0,D,0.0,Current,Paid Off,48
1349,1051,Auto Loan,2024-09-30,38666.81,0.0909,48.0,B,20050.97,Current,Active,22
1350,1051,Personal Loan,2024-02-18,11064.02,0.1257,24.0,E,0.0,Current,Paid Off,29
1351,1052,Mortgage,2025-11-09,158049.55,0.0737,240.0,B,148656.84,Current,Active,8
1352,1052,Credit Card,2026-04-21,2143.82,0.247,,B,1231.03,Current,Active,3
1353,1053,Auto Loan,2026-02-17,18111.64,0.061,72.0,B,17273.63,Current,Active,5
1354,1053,Credit Card,2025-10-16,7476.79,0.2203,,B,2627.13,90+ DPD,Charged Off,9
1355,1054,Auto Loan,2025-10-30,12935.81,0.1076,36.0,B,9625.56,Current,Active,9
1356,1055,Auto Loan,2024-09-08,15729.86,0.0657,72.0,B,10271.28,Current,Active,22
1357,1056,Mortgage,2023-07-14,576628.1,0.0663,240.0,B,504367.84,Current,Active,36
1358,1056,Credit Card,2026-01-05,6984.44,0.2303,,C,1442.93,Current,Active,6
1359,1058,Credit Card,2023-01-02,3041.98,0.1679,,C,1658.85,Current,Active,42
1360,1060,Mortgage,2023-06-12,412875.47,0.0486,360.0,D,352774.42,Current,Active,37
1361,1060,Auto Loan,2025-03-01,29545.97,0.0577,48.0,B,17817.54,Current,Active,16
1362,1062,Auto Loan,2024-06-16,19472.32,0.0927,36.0,A,5587.45,Current,Active,25
1363,1062,Auto Loan,2024-09-12,31018.13,0.1037,48.0,A,12751.83,90+ DPD,Charged Off,22
1364,1062,Credit Card,2024-06-18,2187.61,0.2543,,B,1196.65,Current,Active,25
1365,1063,Personal Loan,2023-03-29,13455.42,0.1612,36.0,B,0.0,Current,Paid Off,40
1366,1064,Personal Loan,2022-01-10,18582.07,0.1498,36.0,C,0.0,Current,Paid Off,54
1367,1064,Mortgage,2024-10-03,440409.26,0.0505,240.0,A,390070.67,Current,Active,21
1368,1065,Personal Loan,2024-09-04,20575.38,0.1449,36.0,C,7380.27,Current,Active,22
1369,1065,Credit Card,2024-08-20,3878.63,0.1806,,B,2688.56,Current,Active,23
1370,1066,Credit Card,2023-12-21,9498.62,0.2586,,C,6539.66,90+ DPD,Charged Off,31
1371,1067,Credit Card,2026-02-12,14076.77,0.189,,D,8348.18,Current,Active,5
1372,1067,Personal Loan,2022-10-09,20385.31,0.1694,48.0,E,1228.85,Current,Active,45
1373,1068,Personal Loan,2024-11-04,9449.93,0.0904,36.0,D,6767.52,90+ DPD,Charged Off,20
1374,1069,Credit Card,2025-10-24,12851.4,0.2303,,B,8679.61,Current,Active,9
1375,1070,Credit Card,2024-09-12,3413.55,0.1996,,A,549.25,Current,Active,22
1376,1074,Credit Card,2026-02-07,4548.07,0.1928,,C,559.22,Current,Active,5
1377,1074,Auto Loan,2022-12-30,8111.29,0.0909,72.0,C,6338.82,90+ DPD,Charged Off,43
1378,1075,Personal Loan,2023-02-03,9544.75,0.1208,24.0,D,0.0,Current,Paid Off,41
1379,1075,Personal Loan,2025-09-20,21730.14,0.0948,24.0,C,12975.46,Current,Active,10
1380,1077,Auto Loan,2025-04-06,19316.96,0.0561,48.0,C,13132.23,Current,Active,15
1381,1080,Personal Loan,2023-09-17,20672.99,0.108,24.0,D,0.0,Current,Paid Off,34
1382,1081,Mortgage,2025-09-10,480612.2,0.0451,240.0,B,420421.67,Current,Active,10
1383,1081,Credit Card,2023-04-10,17271.75,0.166,,B,10519.88,Current,Active,39
1384,1081,Credit Card,2022-01-06,13046.22,0.25,,B,12258.43,90+ DPD,Charged Off,54
1385,1082,Auto Loan,2022-10-26,40631.07,0.078,36.0,D,0.0,Current,Paid Off,45
1386,1082,Auto Loan,2024-09-09,43484.74,0.0929,36.0,A,16702.82,Current,Active,22
1387,1083,Mortgage,2025-04-24,551182.55,0.0539,360.0,A,500157.04,30-59 DPD,Active,15
1388,1083,Personal Loan,2025-10-06,24064.54,0.1098,36.0,D,18286.87,Current,Active,9
1389,1085,Personal Loan,2025-04-05,20969.06,0.0936,48.0,C,14965.48,Current,Active,15
1390,1085,Credit Card,2025-05-05,17913.9,0.1617,,C,13786.21,30-59 DPD,Active,14
1391,1086,Auto Loan,2025-06-12,10226.24,0.065,72.0,C,8464.92,Current,Active,13
1392,1087,Auto Loan,2023-04-07,22876.56,0.1003,60.0,C,11866.19,90+ DPD,Charged Off,39
1393,1087,Mortgage,2024-02-17,591940.16,0.0524,180.0,A,499123.34,Current,Active,29
1394,1087,Personal Loan,2023-04-01,6274.03,0.1527,36.0,B,0.0,Current,Paid Off,39
1395,1088,Auto Loan,2026-02-23,27780.27,0.0501,60.0,B,26211.59,Current,Active,5
1396,1091,Mortgage,2023-06-27,549953.92,0.0726,240.0,A,470077.29,Current,Active,37
1397,1092,Credit Card,2022-09-27,16525.06,0.2165,,A,5886.19,Current,Active,46
1398,1093,Auto Loan,2025-12-03,15420.31,0.1058,72.0,D,13439.48,60-89 DPD,Active,7
1399,1094,Auto Loan,2022-05-09,9834.66,0.0538,72.0,B,2813.25,30-59 DPD,Active,50
1400,1094,Credit Card,2022-10-31,17361.33,0.2385,,D,7972.91,Current,Active,45
1401,1095,Personal Loan,2026-05-09,13580.45,0.1165,48.0,C,13011.44,Current,Active,2
1402,1096,Credit Card,2023-10-25,2220.09,0.2524,,B,586.15,Current,Active,33
1403,1097,Mortgage,2023-01-25,453947.81,0.0469,180.0,C,335125.96,Current,Active,42
1404,1098,Auto Loan,2022-10-05,15774.53,0.1041,48.0,C,965.03,Current,Active,45
1405,1099,Auto Loan,2022-02-19,38202.31,0.1021,72.0,B,9659.8,Current,Active,53
1406,1099,Credit Card,2023-12-25,17133.73,0.2412,,B,3800.55,Current,Active,31
1407,1099,Credit Card,2022-04-04,15006.34,0.2521,,C,9335.39,Current,Active,51
1408,1100,Personal Loan,2024-07-14,22762.75,0.153,36.0,B,7729.73,30-59 DPD,Active,24
1409,1101,Auto Loan,2023-03-30,43286.91,0.0746,72.0,E,18808.47,Current,Active,40
1410,1102,Personal Loan,2023-03-26,7643.02,0.1379,48.0,D,1235.56,Current,Active,40
1411,1102,Personal Loan,2024-09-02,21557.26,0.1125,36.0,B,14047.1,90+ DPD,Charged Off,22
1412,1103,Auto Loan,2024-12-11,9699.4,0.062,36.0,B,4633.28,Current,Active,19
1413,1104,Personal Loan,2026-03-17,19930.49,0.1835,36.0,C,17018.05,Current,Active,4
1414,1104,Mortgage,2022-10-01,616703.74,0.0612,180.0,C,453112.47,Current,Active,45
1415,1104,Personal Loan,2023-04-26,14762.6,0.1739,36.0,C,0.0,Current,Paid Off,39
1416,1105,Auto Loan,2024-03-28,10886.91,0.056,72.0,C,6115.5,Current,Active,28
1417,1105,Personal Loan,2025-07-22,22333.16,0.1342,48.0,A,16767.89,Current,Active,12
1418,1107,Credit Card,2025-11-20,2117.61,0.2122,,B,385.8,30-59 DPD,Active,8
1419,1107,Credit Card,2024-03-20,17662.15,0.1644,,E,2651.46,30-59 DPD,Active,28
1420,1108,Auto Loan,2026-03-20,36161.45,0.1064,72.0,D,30831.94,60-89 DPD,Active,4
1421,1109,Credit Card,2023-11-13,5234.87,0.2381,,D,4193.1,Current,Active,32
1422,1110,Personal Loan,2023-05-19,19025.27,0.1368,48.0,C,3979.3,Current,Active,38
1423,1111,Personal Loan,2022-08-05,6210.96,0.1717,48.0,A,319.11,Current,Active,47
1424,1112,Credit Card,2025-06-06,6858.54,0.2262,,D,3902.51,Current,Active,13
1425,1113,Auto Loan,2024-12-04,35762.01,0.0672,48.0,A,19293.68,90+ DPD,Charged Off,19
1426,1114,Auto Loan,2024-04-19,44277.44,0.0828,48.0,B,19866.99,Current,Active,27
1427,1115,Personal Loan,2025-03-15,13899.36,0.1755,24.0,D,4426.2,Current,Active,16
1428,1116,Personal Loan,2022-03-29,8842.26,0.1457,36.0,A,0.0,Current,Paid Off,52
1429,1116,Auto Loan,2024-11-22,43000.85,0.0646,36.0,B,18250.94,Current,Active,20
1430,1118,Personal Loan,2024-06-06,22452.86,0.177,36.0,A,12480.72,90+ DPD,Charged Off,25
1431,1119,Credit Card,2024-06-26,7730.55,0.2022,,D,6082.02,90+ DPD,Charged Off,25
1432,1120,Credit Card,2024-11-25,3968.06,0.2485,,D,894.56,Current,Active,20
1433,1122,Personal Loan,2023-06-18,12591.04,0.1352,48.0,B,3022.56,Current,Active,37
1434,1123,Mortgage,2023-01-28,474679.96,0.0683,360.0,B,409555.1,30-59 DPD,Active,42
1435,1124,Personal Loan,2026-05-04,23582.75,0.1588,36.0,B,21277.06,Current,Active,2
1436,1124,Personal Loan,2024-05-01,3912.58,0.1517,24.0,B,0.0,Current,Paid Off,26
1437,1125,Auto Loan,2025-05-05,38056.29,0.1068,60.0,E,30013.39,Current,Active,14
1438,1126,Personal Loan,2023-05-10,14533.52,0.1183,48.0,B,2744.8,Current,Active,38
1439,1126,Auto Loan,2024-09-21,29694.64,0.0625,72.0,D,19150.12,Current,Active,22
1440,1127,Auto Loan,2025-11-13,10709.78,0.102,72.0,B,9443.97,Current,Active,8
1441,1128,Auto Loan,2024-02-16,43992.29,0.0789,48.0,A,18250.93,Current,Active,29
1442,1128,Credit Card,2024-12-02,16654.69,0.2101,,D,11574.28,Current,Active,19
1443,1128,Credit Card,2025-04-17,8268.76,0.1866,,B,1171.16,Current,Active,15
1444,1129,Mortgage,2025-05-26,620456.69,0.0651,360.0,D,562365.71,Current,Active,14
1445,1129,Personal Loan,2023-08-20,8337.4,0.1831,36.0,D,403.26,Current,Active,35
1446,1130,Credit Card,2023-10-12,8644.7,0.2458,,A,5813.13,Current,Active,33
1447,1131,Auto Loan,2022-11-11,9893.74,0.0835,60.0,A,2527.67,Current,Active,44
1448,1131,Credit Card,2024-06-02,5937.75,0.168,,A,3803.14,Current,Active,25
1449,1132,Auto Loan,2023-09-16,13181.56,0.0678,72.0,B,6307.82,Current,Active,34
1450,1133,Auto Loan,2024-04-18,13730.17,0.0993,60.0,C,7844.57,Current,Active,27
1451,1134,Auto Loan,2025-05-12,26734.52,0.0692,48.0,A,18043.96,Current,Active,14
1452,1135,Auto Loan,2022-11-29,29593.43,0.06,36.0,E,0.0,Current,Paid Off,44
1453,1137,Personal Loan,2023-03-08,17468.05,0.1486,36.0,B,0.0,Current,Paid Off,40
1454,1137,Credit Card,2022-01-07,4494.92,0.1637,,C,1983.26,Current,Active,54
1455,1137,Credit Card,2026-03-27,19209.56,0.2254,,A,6641.82,Current,Active,4
1456,1139,Credit Card,2025-11-14,9668.59,0.1835,,C,4816.8,Current,Active,8
1457,1140,Personal Loan,2022-11-28,9784.94,0.1233,36.0,A,0.0,Current,Paid Off,44
1458,1140,Personal Loan,2023-10-09,14726.55,0.1728,48.0,A,4336.85,Current,Active,33
1459,1142,Mortgage,2026-05-10,556498.59,0.0671,240.0,A,519240.31,Current,Active,2
1460,1143,Auto Loan,2024-10-13,8699.9,0.0678,60.0,D,5308.03,90+ DPD,Charged Off,21
1461,1143,Personal Loan,2022-04-13,22693.0,0.1525,48.0,C,0.0,Current,Paid Off,51
1462,1143,Credit Card,2026-01-03,9161.07,0.2568,,E,7459.57,Current,Active,6
1463,1144,Personal Loan,2024-03-24,10899.16,0.1059,36.0,A,2339.73,Current,Active,28
1464,1144,Personal Loan,2023-06-29,23624.94,0.1691,36.0,C,0.0,Current,Paid Off,37
1465,1145,Personal Loan,2022-07-11,17321.33,0.1673,48.0,C,0.0,Current,Paid Off,48
1466,1146,Credit Card,2025-03-29,4376.76,0.2243,,C,2374.6,Current,Active,16
1467,1147,Credit Card,2024-12-02,19537.09,0.2363,,A,9334.17,Current,Active,19
1468,1147,Personal Loan,2023-08-09,4312.17,0.0933,48.0,B,1131.66,Current,Active,35
1469,1148,Credit Card,2026-01-01,2967.02,0.2505,,B,1528.41,Current,Active,6
1470,1148,Auto Loan,2024-08-28,34962.19,0.1057,36.0,B,11710.97,Current,Active,23
1471,1149,Credit Card,2022-05-28,5494.25,0.1741,,B,1154.37,Current,Active,50
1472,1150,Auto Loan,2024-11-04,29567.59,0.0702,60.0,D,19364.65,Current,Active,20
1473,1151,Auto Loan,2024-11-27,33422.99,0.0934,48.0,A,19309.87,Current,Active,20
1474,1152,Credit Card,2022-10-18,3931.61,0.2073,,C,2501.26,Current,Active,45
1475,1152,Personal Loan,2022-08-01,23350.04,0.1378,36.0,E,0.0,Current,Paid Off,47
1476,1153,Auto Loan,2024-12-20,44181.76,0.1022,72.0,B,31422.75,Current,Active,19
1477,1153,Credit Card,2023-08-27,9386.29,0.2425,,A,1011.64,Current,Active,35
1478,1153,Auto Loan,2025-09-10,9529.44,0.0719,36.0,B,6710.67,Current,Active,10
1479,1154,Credit Card,2025-03-20,14152.0,0.2143,,B,10753.45,Current,Active,16
1480,1154,Credit Card,2022-07-10,4336.47,0.2219,,D,3662.03,90+ DPD,Active,48
1481,1155,Credit Card,2024-03-13,7069.23,0.2547,,D,1294.06,Current,Active,28
1482,1155,Credit Card,2023-03-03,15558.22,0.2227,,C,3560.77,Current,Active,40
1483,1155,Personal Loan,2025-01-26,8134.98,0.1232,24.0,D,5143.71,90+ DPD,Charged Off,18
1484,1156,Auto Loan,2024-06-28,17619.88,0.0958,72.0,B,10587.44,Current,Active,25
1485,1157,Credit Card,2025-08-01,19715.06,0.2196,,C,2601.77,Current,Active,11
1486,1158,Credit Card,2025-03-15,5793.62,0.2585,,B,3861.05,Current,Active,16
1487,1159,Credit Card,2024-10-30,11105.38,0.2003,,A,7790.19,Current,Active,21
1488,1159,Auto Loan,2024-10-17,36097.75,0.0585,36.0,A,15205.46,Current,Active,21
1489,1159,Credit Card,2026-05-10,15720.75,0.2008,,A,6083.95,Current,Active,2
1490,1160,Auto Loan,2025-03-15,19827.31,0.0783,60.0,B,13688.12,Current,Active,16
1491,1160,Mortgage,2025-01-08,202571.49,0.0464,180.0,A,188768.71,Current,Active,18
1492,1162,Credit Card,2025-08-19,5166.91,0.1801,,C,2839.33,Current,Active,11
1493,1163,Credit Card,2025-01-15,8884.48,0.2394,,B,5222.13,30-59 DPD,Active,18
1494,1165,Personal Loan,2025-10-13,6996.93,0.1622,24.0,C,4123.44,Current,Active,9
1495,1165,Credit Card,2023-03-04,11562.49,0.1762,,C,4428.84,Current,Active,40
1496,1166,Credit Card,2023-11-10,2158.17,0.1793,,B,714.19,Current,Active,32
1497,1167,Credit Card,2024-02-14,3147.54,0.1972,,C,2108.48,Current,Active,29
1498,1168,Personal Loan,2022-07-21,3410.01,0.1724,48.0,A,0.0,Current,Paid Off,48
1499,1168,Auto Loan,2025-07-18,38802.46,0.096,72.0,A,33447.03,Current,Active,12
1500,1169,Mortgage,2026-02-21,510020.97,0.0545,240.0,A,523103.62,Current,Active,5
1501,1169,Auto Loan,2023-04-19,30843.04,0.0852,48.0,C,5588.94,Current,Active,39
1502,1170,Auto Loan,2022-10-18,40417.74,0.1054,72.0,C,13878.03,Current,Active,45
1503,1172,Credit Card,2022-07-25,4183.0,0.2397,,C,1712.32,Current,Active,48
1504,1172,Credit Card,2026-01-19,4244.31,0.2302,,B,2386.96,Current,Active,6
1505,1173,Credit Card,2025-01-30,17658.82,0.2227,,A,2150.46,30-59 DPD,Active,18
1506,1173,Personal Loan,2023-10-17,19674.87,0.1167,24.0,C,0.0,Current,Paid Off,33
1507,1173,Credit Card,2025-04-03,1620.59,0.2492,,C,191.76,Current,Active,15
1508,1174,Personal Loan,2025-01-13,7162.72,0.0989,48.0,B,4294.44,Current,Active,18
1509,1175,Auto Loan,2025-06-30,24447.06,0.1038,36.0,B,14415.82,30-59 DPD,Active,13
1510,1175,Credit Card,2026-05-15,3629.83,0.2225,,A,2144.27,Current,Active,2
1511,1176,Credit Card,2022-07-31,14589.01,0.1965,,B,10752.68,Current,Active,48
1512,1177,Personal Loan,2024-10-01,11825.58,0.1732,24.0,A,1340.84,Current,Active,21
1513,1178,Credit Card,2025-11-04,4200.57,0.1886,,C,1187.29,Current,Active,8
1514,1181,Credit Card,2025-12-24,12514.01,0.1756,,C,5129.43,90+ DPD,Charged Off,7
1515,1181,Personal Loan,2022-08-05,8192.3,0.1695,48.0,E,3881.16,90+ DPD,Charged Off,47
1516,1182,Personal Loan,2023-12-11,17962.99,0.1048,36.0,B,2406.53,Current,Active,31
1517,1185,Personal Loan,2025-09-21,13532.98,0.1386,48.0,B,10359.14,Current,Active,10
1518,1186,Auto Loan,2025-07-21,42871.39,0.0623,36.0,B,29219.92,Current,Active,12
1519,1187,Mortgage,2024-06-30,497991.55,0.0636,240.0,B,433241.21,Current,Active,25
1520,1190,Auto Loan,2024-01-21,13077.32,0.1081,72.0,A,7372.57,Current,Active,30
1521,1191,Personal Loan,2023-06-08,23228.81,0.1269,24.0,B,0.0,Current,Paid Off,37
1522,1192,Mortgage,2023-07-23,620985.62,0.0538,180.0,C,518391.09,30-59 DPD,Active,36
1523,1192,Auto Loan,2025-12-04,14797.28,0.0955,72.0,D,13544.97,Current,Active,7
1524,1193,Credit Card,2025-07-25,16018.19,0.1934,,B,2738.12,Current,Active,12
1525,1194,Personal Loan,2025-12-29,3939.02,0.1227,48.0,A,3480.01,Current,Active,7
1526,1194,Mortgage,2022-07-07,243100.66,0.0582,240.0,B,188216.17,Current,Active,48
1527,1195,Credit Card,2024-08-26,19200.16,0.2596,,E,16361.5,90+ DPD,Charged Off,23
1528,1198,Personal Loan,2022-05-20,3273.95,0.1109,36.0,B,0.0,Current,Paid Off,50
1529,1198,Auto Loan,2022-01-06,32012.01,0.1009,36.0,B,0.0,Current,Paid Off,54
1530,1199,Credit Card,2022-08-06,11301.31,0.237,,D,5804.46,Current,Active,47
1531,1199,Auto Loan,2025-10-07,35566.23,0.0698,36.0,D,24398.8,90+ DPD,Active,9
1532,1200,Auto Loan,2023-04-08,8534.55,0.0934,36.0,B,0.0,Current,Paid Off,39
1533,1200,Personal Loan,2025-09-01,9253.31,0.1602,24.0,B,5332.01,Current,Active,10
1534,1201,Personal Loan,2022-06-22,8218.21,0.0938,24.0,A,0.0,Current,Paid Off,49
1535,1202,Personal Loan,2022-05-20,19930.36,0.1672,24.0,A,0.0,Current,Paid Off,50
1536,1203,Personal Loan,2026-03-24,22985.05,0.1499,36.0,B,18843.88,Current,Active,4
1537,1206,Auto Loan,2022-12-07,39968.07,0.0946,72.0,D,34525.46,90+ DPD,Charged Off,43
1538,1206,Mortgage,2025-11-27,447892.64,0.0722,360.0,B,412055.66,Current,Active,8
1539,1206,Credit Card,2026-02-06,13573.46,0.1999,,A,6526.74,Current,Active,5
1540,1207,Credit Card,2022-03-17,11323.73,0.2532,,A,6476.87,Current,Active,52
1541,1208,Credit Card,2024-08-31,16808.79,0.1678,,C,12901.26,Current,Active,23
1542,1208,Credit Card,2022-07-10,12799.85,0.2261,,A,6508.9,30-59 DPD,Active,48
1543,1208,Personal Loan,2023-03-31,6866.53,0.1588,36.0,A,0.0,Current,Paid Off,40
1544,1209,Credit Card,2025-12-24,11225.72,0.2133,,B,7031.36,Current,Active,7
1545,1209,Personal Loan,2026-05-11,12985.27,0.1207,48.0,A,11613.36,Current,Active,2
1546,1212,Auto Loan,2023-04-03,10302.1,0.0514,36.0,C,0.0,Current,Paid Off,39
1547,1213,Mortgage,2022-08-06,262023.69,0.0624,360.0,C,215566.78,30-59 DPD,Active,47
1548,1214,Auto Loan,2022-02-25,43687.0,0.0615,60.0,A,4947.61,Current,Active,53
1549,1215,Auto Loan,2026-03-07,11983.77,0.0918,48.0,A,10693.72,Current,Active,4
1550,1216,Personal Loan,2023-05-10,15111.06,0.1116,36.0,C,0.0,Current,Paid Off,38
1551,1216,Credit Card,2022-12-18,4226.76,0.2267,,A,3190.25,Current,Active,43
1552,1220,Auto Loan,2024-10-07,34981.65,0.0939,72.0,D,31783.43,90+ DPD,Charged Off,21
1553,1220,Auto Loan,2023-09-10,19952.28,0.0873,36.0,E,13194.71,90+ DPD,Charged Off,34
1554,1221,Auto Loan,2023-08-04,33931.36,0.0968,60.0,A,13728.11,Current,Active,35
1555,1221,Credit Card,2025-08-27,12832.23,0.1884,,C,2310.61,Current,Active,11
1556,1221,Auto Loan,2023-05-20,9945.81,0.097,60.0,B,3392.51,Current,Active,38
1557,1222,Personal Loan,2024-09-16,24838.98,0.1329,24.0,A,2016.77,Current,Active,22
1558,1222,Mortgage,2023-11-15,215112.07,0.0541,180.0,D,180688.7,30-59 DPD,Active,32
1559,1223,Mortgage,2026-04-26,290719.38,0.0564,360.0,B,291774.47,Current,Active,3
1560,1224,Auto Loan,2024-08-12,24121.37,0.098,48.0,B,11408.34,Current,Active,23
1561,1225,Personal Loan,2023-06-03,8873.83,0.1529,48.0,D,2134.94,Current,Active,37
1562,1225,Personal Loan,2025-08-04,14664.61,0.1182,36.0,D,9975.56,30-59 DPD,Active,11
1563,1226,Personal Loan,2022-07-16,15270.57,0.1382,48.0,B,0.0,Current,Paid Off,48
1564,1226,Auto Loan,2023-05-30,43087.77,0.0502,48.0,D,8860.76,Current,Active,38
1565,1227,Auto Loan,2024-03-03,39505.02,0.0941,36.0,A,9071.58,Current,Active,28
1566,1227,Auto Loan,2023-01-13,19298.7,0.0932,60.0,C,5853.4,Current,Active,42
1567,1228,Auto Loan,2022-08-02,9372.5,0.0663,36.0,C,0.0,Current,Paid Off,47
1568,1228,Personal Loan,2022-05-07,3781.62,0.1483,48.0,A,0.0,Current,Paid Off,50
1569,1228,Credit Card,2026-05-05,12822.08,0.1996,,C,4606.26,Current,Active,2
1570,1229,Mortgage,2026-02-27,553688.15,0.0638,360.0,A,511238.13,Current,Active,5
1571,1231,Auto Loan,2022-04-16,25740.37,0.0836,48.0,A,0.0,Current,Paid Off,51
1572,1231,Auto Loan,2024-07-11,39886.09,0.0851,36.0,A,13287.93,Current,Active,24
1573,1232,Credit Card,2026-04-02,16114.83,0.1695,,C,4926.13,Current,Active,3
1574,1232,Personal Loan,2023-03-17,5703.2,0.0971,36.0,B,0.0,Current,Paid Off,40
1575,1233,Personal Loan,2024-03-08,6916.26,0.182,24.0,B,0.0,Current,Paid Off,28
1576,1234,Mortgage,2023-05-11,346315.51,0.0592,240.0,A,289003.6,Current,Active,38
1577,1235,Credit Card,2024-11-21,17460.79,0.2217,,C,11746.75,90+ DPD,Charged Off,20
1578,1235,Auto Loan,2022-01-14,31906.94,0.1057,60.0,B,3036.76,Current,Active,54
1579,1236,Personal Loan,2024-10-25,10593.22,0.1034,48.0,A,6081.95,60-89 DPD,Active,21
1580,1237,Personal Loan,2022-08-05,20246.07,0.1557,24.0,B,0.0,Current,Paid Off,47
1581,1238,Credit Card,2025-07-19,7917.04,0.216,,A,4530.2,Current,Active,12
1582,1238,Auto Loan,2026-01-24,17712.92,0.0693,72.0,C,15849.29,Current,Active,6
1583,1238,Credit Card,2025-07-01,17126.29,0.2101,,B,10175.12,Current,Active,12
1584,1240,Mortgage,2022-08-20,173362.56,0.0632,240.0,A,128042.8,90+ DPD,Active,47
1585,1240,Auto Loan,2023-10-25,42672.78,0.0518,36.0,D,34050.36,90+ DPD,Charged Off,33
1586,1241,Personal Loan,2022-12-24,6870.21,0.1324,48.0,A,718.91,Current,Active,43
1587,1243,Auto Loan,2025-07-21,30543.58,0.0691,48.0,A,21603.52,Current,Active,12
1588,1243,Credit Card,2023-04-19,3696.85,0.1704,,A,439.16,Current,Active,39
1589,1243,Personal Loan,2022-04-13,3240.18,0.1483,48.0,E,0.0,Current,Paid Off,51
1590,1245,Mortgage,2025-07-07,408177.93,0.0479,240.0,B,375663.73,Current,Active,12
1591,1245,Personal Loan,2024-09-21,21476.26,0.1124,48.0,C,10750.59,60-89 DPD,Active,22
1592,1246,Auto Loan,2022-03-23,12698.5,0.084,36.0,D,0.0,Current,Paid Off,52
1593,1247,Mortgage,2023-06-26,135275.74,0.0541,240.0,D,117169.24,Current,Active,37
1594,1248,Personal Loan,2024-12-12,11713.11,0.1854,48.0,B,6557.63,Current,Active,19
1595,1249,Credit Card,2025-06-07,19498.88,0.2588,,B,9621.71,Current,Active,13
1596,1251,Credit Card,2024-04-10,7544.29,0.1712,,B,3071.13,Current,Active,27
1597,1251,Auto Loan,2025-05-08,30717.84,0.1036,36.0,B,17111.08,Current,Active,14
1598,1251,Credit Card,2023-03-18,7714.3,0.1807,,C,1183.85,Current,Active,40
1599,1252,Auto Loan,2024-03-27,9676.99,0.0507,60.0,B,5208.56,30-59 DPD,Active,28
1600,1252,Credit Card,2022-07-23,2895.43,0.2294,,C,1471.41,30-59 DPD,Active,48
1601,1252,Personal Loan,2024-04-08,19574.88,0.0995,24.0,C,0.0,Current,Paid Off,27
1602,1253,Auto Loan,2023-06-14,17379.85,0.0702,36.0,C,0.0,Current,Paid Off,37
1603,1253,Auto Loan,2023-04-29,22848.48,0.092,72.0,C,10675.63,Current,Active,39
1604,1254,Auto Loan,2023-01-17,20558.4,0.1031,48.0,A,15830.53,90+ DPD,Charged Off,42
1605,1255,Auto Loan,2023-03-23,14098.88,0.1048,48.0,A,2208.02,Current,Active,40
1606,1255,Mortgage,2022-04-04,303359.49,0.0723,240.0,A,241943.56,Current,Active,51
1607,1256,Auto Loan,2025-09-22,16362.0,0.1008,48.0,D,11876.08,Current,Active,10
1608,1256,Personal Loan,2022-12-12,23198.25,0.1375,48.0,B,2309.68,Current,Active,43
1609,1257,Personal Loan,2024-04-21,4182.56,0.1419,24.0,A,0.0,Current,Paid Off,27
1610,1257,Personal Loan,2025-08-10,3207.9,0.1673,48.0,B,2347.21,Current,Active,11
1611,1257,Personal Loan,2023-06-23,18875.64,0.1141,36.0,B,0.0,Current,Paid Off,37
1612,1258,Auto Loan,2025-02-12,15363.33,0.1079,72.0,C,11198.27,Current,Active,17
1613,1259,Credit Card,2025-11-27,9417.95,0.2357,,C,5969.62,30-59 DPD,Active,8
1614,1261,Credit Card,2024-04-04,10840.84,0.221,,A,1679.09,Current,Active,27
1615,1262,Credit Card,2024-09-05,10222.86,0.2249,,C,6959.46,Current,Active,22
1616,1262,Personal Loan,2026-04-22,14360.39,0.0987,36.0,D,12550.83,Current,Active,3
1617,1263,Auto Loan,2023-02-14,20963.67,0.0524,48.0,A,2981.91,Current,Active,41
1618,1264,Personal Loan,2022-06-19,3961.44,0.1236,24.0,B,0.0,Current,Paid Off,49
1619,1264,Mortgage,2023-11-04,544359.23,0.0627,240.0,A,474524.33,Current,Active,32
1620,1264,Auto Loan,2024-12-26,23297.96,0.0903,60.0,B,16077.22,Current,Active,19
1621,1267,Mortgage,2024-01-24,477998.54,0.0512,240.0,C,435232.5,Current,Active,30
1622,1267,Credit Card,2022-03-09,15374.77,0.2261,,C,7389.0,Current,Active,52
1623,1268,Personal Loan,2023-12-07,15308.84,0.1111,24.0,E,0.0,Current,Paid Off,31
1624,1268,Mortgage,2023-02-22,121754.48,0.0541,240.0,C,97003.87,Current,Active,41
1625,1269,Auto Loan,2025-01-17,42834.23,0.0815,60.0,D,28640.04,Current,Active,18
1626,1269,Personal Loan,2025-10-03,6002.07,0.0901,24.0,B,3594.3,Current,Active,9
1627,1269,Credit Card,2023-05-01,13604.54,0.2289,,C,3857.55,Current,Active,38
1628,1270,Credit Card,2025-07-19,9606.78,0.1639,,D,7637.91,90+ DPD,Active,12
1629,1271,Mortgage,2023-03-04,165401.42,0.0619,240.0,B,130378.96,Current,Active,40
1630,1271,Auto Loan,2025-07-27,27616.34,0.097,60.0,C,22064.86,Current,Active,12
1631,1272,Mortgage,2022-05-03,293232.46,0.0483,360.0,A,234411.52,Current,Active,50
1632,1272,Auto Loan,2022-10-24,39084.54,0.052,72.0,A,13196.99,Current,Active,45
1633,1272,Credit Card,2023-10-19,11408.61,0.2271,,A,2611.72,Current,Active,33
1634,1274,Auto Loan,2023-07-05,30012.7,0.1058,36.0,B,0.0,Current,Paid Off,36
1635,1275,Personal Loan,2025-06-21,4489.58,0.1603,36.0,A,2691.15,Current,Active,13
1636,1276,Credit Card,2023-07-17,5478.62,0.2593,,B,617.87,Current,Active,36
1637,1276,Mortgage,2022-05-27,318607.04,0.0675,360.0,B,251714.26,Current,Active,50
1638,1277,Auto Loan,2022-06-25,33028.88,0.0969,60.0,E,5619.83,Current,Active,49
1639,1277,Credit Card,2022-05-16,11946.2,0.1787,,E,8535.5,90+ DPD,Charged Off,50
1640,1277,Auto Loan,2024-01-07,37652.47,0.1078,48.0,C,13228.45,Current,Active,30
1641,1278,Personal Loan,2025-01-31,20299.93,0.1239,24.0,A,5064.86,Current,Active,18
1642,1279,Personal Loan,2022-06-28,22826.02,0.112,48.0,D,0.0,Current,Paid Off,49
1643,1279,Credit Card,2022-07-21,3267.36,0.2598,,C,1695.64,Current,Active,48
1644,1281,Personal Loan,2022-01-06,16744.94,0.1413,48.0,C,0.0,Current,Paid Off,54
1645,1282,Credit Card,2025-09-23,5564.75,0.2177,,E,1645.48,60-89 DPD,Active,10
1646,1283,Personal Loan,2026-03-30,22463.66,0.1259,48.0,B,19916.39,Current,Active,4
1647,1283,Mortgage,2022-12-06,154568.08,0.0456,240.0,A,117633.65,Current,Active,43
1648,1284,Credit Card,2024-02-08,10304.12,0.2389,,A,3082.62,Current,Active,29
1649,1287,Personal Loan,2023-12-02,6861.52,0.1235,48.0,A,2355.73,Current,Active,31
1650,1287,Personal Loan,2024-05-30,17722.04,0.1046,48.0,A,7748.22,Current,Active,26
1651,1289,Auto Loan,2024-12-24,11492.15,0.067,72.0,B,7990.21,Current,Active,19
1652,1289,Credit Card,2025-06-27,1651.43,0.239,,B,626.7,Current,Active,13
1653,1289,Auto Loan,2023-02-24,31417.76,0.0689,72.0,C,13340.07,Current,Active,41
1654,1291,Credit Card,2022-11-11,17784.25,0.2067,,B,6569.71,Current,Active,44
1655,1292,Auto Loan,2023-08-28,43433.64,0.0926,36.0,A,2266.93,Current,Active,35
1656,1292,Auto Loan,2022-09-18,28632.93,0.0765,36.0,A,0.0,Current,Paid Off,46
1657,1292,Personal Loan,2023-08-06,18522.96,0.1316,36.0,D,970.66,Current,Active,35
1658,1294,Auto Loan,2024-04-18,21180.43,0.0657,36.0,B,4831.18,Current,Active,27
1659,1295,Personal Loan,2022-01-03,6542.31,0.1857,48.0,E,0.0,Current,Paid Off,54
1660,1296,Credit Card,2023-08-22,15078.89,0.2192,,E,10652.07,Current,Active,35
1661,1298,Credit Card,2024-07-31,5900.13,0.2385,,A,4937.51,Current,Active,24
1662,1298,Personal Loan,2022-11-28,17106.11,0.1113,24.0,B,0.0,Current,Paid Off,44
1663,1299,Mortgage,2023-06-03,484216.56,0.0521,240.0,D,418510.98,Current,Active,37
1664,1299,Auto Loan,2023-11-18,41955.33,0.0826,48.0,E,14102.56,Current,Active,32
1665,1300,Auto Loan,2022-02-27,13798.94,0.0624,72.0,D,3650.84,Current,Active,53
1666,1301,Auto Loan,2023-09-17,17078.87,0.0657,36.0,A,934.16,Current,Active,34
1667,1303,Auto Loan,2026-02-27,30581.92,0.0815,36.0,E,25930.53,Current,Active,5
1668,1304,Credit Card,2024-10-28,14532.92,0.1688,,C,3303.28,Current,Active,21
1669,1305,Auto Loan,2022-03-24,40908.53,0.1071,60.0,A,5363.81,Current,Active,52
1670,1305,Credit Card,2023-08-26,14819.09,0.1937,,D,9025.59,90+ DPD,Charged Off,35
1671,1306,Personal Loan,2022-06-03,10243.62,0.1771,24.0,A,0.0,Current,Paid Off,49
1672,1307,Auto Loan,2023-01-15,17392.04,0.0876,72.0,D,6710.14,30-59 DPD,Active,42
1673,1308,Personal Loan,2023-01-16,10160.26,0.1505,36.0,C,0.0,Current,Paid Off,42
1674,1310,Credit Card,2022-04-13,9952.1,0.2091,,C,4445.9,90+ DPD,Charged Off,51
1675,1311,Auto Loan,2024-11-04,33305.15,0.0934,72.0,E,29801.65,90+ DPD,Charged Off,20
1676,1311,Auto Loan,2022-12-29,15766.06,0.071,60.0,A,4620.92,Current,Active,43
1677,1312,Auto Loan,2025-07-24,35797.9,0.0931,48.0,A,25220.34,Current,Active,12
1678,1313,Credit Card,2022-01-04,13108.48,0.2094,,D,4512.56,Current,Active,54
1679,1314,Mortgage,2022-10-14,646581.47,0.0473,180.0,B,438189.64,60-89 DPD,Active,45
1680,1314,Personal Loan,2023-07-08,24723.36,0.1578,24.0,B,0.0,Current,Paid Off,36
1681,1315,Personal Loan,2025-07-07,8694.67,0.1702,48.0,A,6005.65,Current,Active,12
1682,1315,Auto Loan,2023-09-19,44707.74,0.053,36.0,A,2373.04,Current,Active,34
1683,1316,Auto Loan,2025-11-10,26586.68,0.0841,60.0,C,20911.6,Current,Active,8
1684,1316,Personal Loan,2025-09-06,15516.5,0.1454,48.0,B,12842.91,Current,Active,10
1685,1317,Personal Loan,2023-04-27,22587.59,0.1449,24.0,D,0.0,Current,Paid Off,39
1686,1319,Auto Loan,2022-03-17,9871.02,0.0567,60.0,C,1286.28,30-59 DPD,Active,52
1687,1319,Auto Loan,2024-10-02,17806.78,0.0804,48.0,C,9603.17,Current,Active,21
1688,1319,Credit Card,2023-06-13,4840.79,0.1763,,C,4013.8,Current,Active,37
1689,1320,Credit Card,2023-02-17,12777.88,0.1992,,D,8422.41,90+ DPD,Active,41
1690,1320,Credit Card,2026-02-25,2811.26,0.2082,,E,1094.6,Current,Active,5
1691,1321,Credit Card,2025-03-26,12657.16,0.1685,,D,7713.38,90+ DPD,Charged Off,16
1692,1325,Personal Loan,2024-03-29,16185.53,0.1887,48.0,C,6261.14,30-59 DPD,Active,28
1693,1326,Auto Loan,2023-12-25,41581.59,0.1007,72.0,E,29338.54,90+ DPD,Charged Off,31
1694,1328,Personal Loan,2024-06-19,12430.83,0.1061,24.0,C,0.0,Current,Paid Off,25
1695,1329,Personal Loan,2023-11-20,6045.44,0.1223,48.0,C,1854.31,Current,Active,32
1696,1330,Auto Loan,2022-05-27,10191.06,0.0978,72.0,D,2909.8,Current,Active,50
1697,1331,Auto Loan,2023-02-25,23022.28,0.0601,60.0,A,7317.27,Current,Active,41
1698,1331,Credit Card,2023-05-21,3432.34,0.186,,A,395.38,Current,Active,38
1699,1331,Personal Loan,2023-12-01,6307.98,0.1691,48.0,A,2106.8,Current,Active,31
1700,1332,Personal Loan,2023-06-29,17768.64,0.1187,48.0,C,3910.21,Current,Active,37
1701,1333,Credit Card,2025-05-08,11472.3,0.1838,,C,9612.03,Current,Active,14
1702,1333,Credit Card,2022-01-05,3270.48,0.222,,B,1647.18,Current,Active,54
1703,1334,Personal Loan,2025-11-27,7040.57,0.162,24.0,A,4870.63,30-59 DPD,Active,8
1704,1336,Personal Loan,2023-04-20,6813.59,0.1045,36.0,B,0.0,Current,Paid Off,39
1705,1336,Auto Loan,2024-03-22,18723.74,0.0538,72.0,C,11111.11,Current,Active,28
1706,1337,Auto Loan,2023-09-03,11069.68,0.0595,48.0,A,3065.26,Current,Active,34
1707,1338,Personal Loan,2025-02-15,13318.81,0.1342,48.0,B,7887.35,Current,Active,17
1708,1339,Credit Card,2022-01-03,10724.38,0.2149,,C,3307.34,Current,Active,54
1709,1340,Auto Loan,2024-03-28,44542.57,0.0903,60.0,B,22997.27,Current,Active,28
1710,1341,Auto Loan,2026-01-26,28944.95,0.0589,60.0,C,23637.35,Current,Active,6
1711,1341,Personal Loan,2022-08-21,9398.46,0.1529,36.0,B,0.0,Current,Paid Off,47
1712,1342,Auto Loan,2024-03-09,34813.56,0.0994,48.0,C,13381.0,Current,Active,28
1713,1344,Credit Card,2024-04-30,10447.86,0.1794,,A,8655.71,Current,Active,27
1714,1345,Mortgage,2022-12-22,489737.3,0.0739,240.0,C,413192.87,Current,Active,43
1715,1347,Auto Loan,2025-08-26,35585.41,0.0755,36.0,C,22335.58,60-89 DPD,Active,11
1716,1347,Personal Loan,2023-11-11,4534.96,0.091,24.0,C,0.0,Current,Paid Off,32
1717,1348,Credit Card,2025-11-16,3262.93,0.2061,,D,1759.87,Current,Active,8
1718,1349,Personal Loan,2025-07-29,6384.47,0.111,36.0,B,4350.96,Current,Active,12
1719,1350,Auto Loan,2025-11-20,29730.54,0.0706,72.0,B,25689.47,Current,Active,8
1720,1351,Personal Loan,2023-12-23,23644.17,0.092,24.0,C,0.0,Current,Paid Off,31
1721,1352,Auto Loan,2023-02-19,29048.39,0.0626,36.0,B,0.0,Current,Paid Off,41
1722,1353,Credit Card,2024-02-10,2329.82,0.2195,,D,399.87,Current,Active,29
1723,1354,Personal Loan,2022-07-03,23198.48,0.1554,48.0,B,0.0,Current,Paid Off,48
1724,1357,Auto Loan,2024-06-21,14619.79,0.0717,72.0,B,9615.08,Current,Active,25
1725,1357,Credit Card,2022-08-02,12202.33,0.1904,,C,8700.34,Current,Active,47
1726,1358,Auto Loan,2022-05-02,14386.25,0.0695,48.0,A,0.0,Current,Paid Off,50
1727,1358,Personal Loan,2023-12-12,14630.95,0.1023,36.0,C,9900.43,90+ DPD,Charged Off,31
1728,1359,Auto Loan,2023-03-06,8489.6,0.0929,72.0,B,3844.91,Current,Active,40
1729,1361,Auto Loan,2025-04-09,11071.77,0.0933,36.0,C,6538.0,Current,Active,15
1730,1361,Auto Loan,2022-10-24,8334.88,0.0948,72.0,B,2895.12,Current,Active,45
1731,1362,Auto Loan,2023-08-24,29367.35,0.0556,48.0,C,8243.39,Current,Active,35
1732,1362,Credit Card,2025-11-17,16432.73,0.1602,,D,13472.91,30-59 DPD,Active,8
1733,1363,Mortgage,2022-02-12,593717.62,0.0526,360.0,C,493196.95,Current,Active,53
1734,1364,Mortgage,2025-12-05,140930.05,0.0575,240.0,B,135423.39,Current,Active,7
1735,1365,Credit Card,2024-01-02,19000.13,0.2546,,A,3859.2,Current,Active,30
1736,1366,Auto Loan,2025-01-16,28583.41,0.0699,48.0,B,16269.26,Current,Active,18
1737,1367,Credit Card,2025-02-27,15322.83,0.2107,,D,2263.32,30-59 DPD,Active,17
1738,1367,Credit Card,2025-11-09,1526.36,0.2102,,B,1038.97,Current,Active,8
1739,1368,Credit Card,2022-06-13,10124.83,0.2586,,B,6802.7,Current,Active,49
1740,1370,Mortgage,2023-12-07,568323.95,0.0522,180.0,C,435281.88,30-59 DPD,Active,31
1741,1371,Personal Loan,2023-08-01,10426.2,0.1695,24.0,B,0.0,Current,Paid Off,35
1742,1371,Credit Card,2025-04-11,4999.68,0.2443,,C,4452.78,90+ DPD,Charged Off,15
1743,1372,Credit Card,2022-10-25,16390.26,0.1628,,B,9933.2,Current,Active,45
1744,1372,Personal Loan,2025-01-23,15924.06,0.1841,36.0,A,8143.86,Current,Active,18
1745,1373,Auto Loan,2026-01-25,17790.93,0.099,60.0,B,15736.83,Current,Active,6
1746,1373,Personal Loan,2025-11-12,17811.26,0.1125,24.0,A,11669.1,Current,Active,8
1747,1375,Auto Loan,2022-07-22,40353.75,0.0547,36.0,A,0.0,Current,Paid Off,48
1748,1376,Mortgage,2022-10-05,441299.36,0.0727,240.0,C,356064.14,Current,Active,45
1749,1377,Auto Loan,2024-06-30,25158.04,0.0974,72.0,C,14782.36,Current,Active,25
1750,1378,Auto Loan,2024-03-08,32611.82,0.1012,48.0,A,13979.03,Current,Active,28
1751,1379,Personal Loan,2025-06-12,4193.7,0.1362,48.0,A,2830.63,Current,Active,13
1752,1379,Personal Loan,2025-07-12,16064.92,0.1183,48.0,B,12409.52,Current,Active,12
1753,1379,Auto Loan,2026-05-23,29523.64,0.0561,48.0,C,29507.28,Current,Active,2
1754,1380,Credit Card,2024-02-25,16631.6,0.2591,,B,4862.07,Current,Active,29
1755,1381,Mortgage,2022-10-20,343260.18,0.0587,180.0,C,318946.56,90+ DPD,Charged Off,45
1756,1381,Mortgage,2023-09-12,212096.42,0.0729,240.0,E,187961.98,Current,Active,34
1757,1382,Personal Loan,2024-11-30,18635.21,0.0905,24.0,D,2981.79,Current,Active,20
1758,1384,Credit Card,2024-08-05,16161.63,0.1803,,D,4383.79,Current,Active,23
1759,1384,Personal Loan,2026-01-15,23933.44,0.1383,36.0,B,18806.69,Current,Active,6
1760,1385,Credit Card,2024-06-28,8270.21,0.1712,,C,1430.19,30-59 DPD,Active,25
1761,1387,Mortgage,2025-07-13,247305.69,0.0523,240.0,B,226339.02,Current,Active,12
1762,1388,Personal Loan,2024-08-04,12538.6,0.1408,24.0,A,568.08,60-89 DPD,Active,23
1763,1388,Personal Loan,2023-03-28,23902.86,0.1267,36.0,B,0.0,Current,Paid Off,40
1764,1388,Credit Card,2025-06-04,11726.7,0.1623,,A,1878.5,Current,Active,13
1765,1391,Credit Card,2024-08-27,7004.88,0.2036,,A,2607.23,Current,Active,23
1766,1391,Mortgage,2025-04-10,604579.7,0.046,360.0,B,529534.2,Current,Active,15
1767,1392,Credit Card,2026-01-12,14389.88,0.186,,A,4666.07,Current,Active,6
1768,1393,Mortgage,2023-02-08,157235.79,0.0741,180.0,A,119385.24,Current,Active,41
1769,1393,Personal Loan,2025-07-18,11173.64,0.1482,24.0,B,5031.77,Current,Active,12
1770,1393,Auto Loan,2022-09-16,41504.41,0.0583,36.0,A,0.0,Current,Paid Off,46
1771,1394,Auto Loan,2024-03-30,34356.25,0.0716,48.0,E,14304.02,60-89 DPD,Active,28
1772,1395,Credit Card,2024-01-24,9435.51,0.2287,,C,2078.53,Current,Active,30
1773,1396,Mortgage,2025-12-21,165267.7,0.0476,360.0,B,155719.39,Current,Active,7
1774,1397,Auto Loan,2024-05-08,27261.78,0.0947,72.0,B,16588.53,Current,Active,26
1775,1397,Mortgage,2023-03-12,568906.27,0.0621,180.0,D,427179.4,Current,Active,40
1776,1397,Credit Card,2025-12-04,11898.19,0.197,,C,9150.2,Current,Active,7
1777,1398,Personal Loan,2025-10-01,21323.19,0.1274,24.0,A,12507.7,Current,Active,9
1778,1399,Personal Loan,2022-12-08,12437.05,0.1108,24.0,B,0.0,Current,Paid Off,43
1779,1399,Mortgage,2024-02-04,544310.76,0.0498,360.0,D,512868.07,90+ DPD,Active,29
1780,1399,Mortgage,2023-10-29,533247.64,0.0655,180.0,B,431731.4,Current,Active,33
1781,1400,Auto Loan,2022-02-02,41287.75,0.0956,72.0,D,23447.84,90+ DPD,Charged Off,53
1782,1401,Mortgage,2023-11-28,347970.51,0.0687,180.0,C,269188.87,Current,Active,32
1783,1401,Personal Loan,2025-02-08,6863.88,0.1388,24.0,C,6146.53,90+ DPD,Charged Off,17
1784,1402,Auto Loan,2023-12-18,34265.15,0.1099,72.0,A,20386.5,Current,Active,31
1785,1403,Mortgage,2025-01-08,505529.71,0.0704,180.0,E,371075.64,90+ DPD,Charged Off,18
1786,1403,Personal Loan,2025-07-09,21822.78,0.1531,24.0,C,10170.04,Current,Active,12
1787,1404,Auto Loan,2026-02-27,20761.66,0.0673,72.0,D,18663.64,Current,Active,5
1788,1404,Auto Loan,2022-04-22,13665.19,0.0531,72.0,C,3988.25,Current,Active,51
1789,1404,Credit Card,2022-01-10,10672.76,0.2182,,B,4801.41,Current,Active,54
1790,1405,Credit Card,2023-02-10,1485.38,0.2232,,A,813.26,Current,Active,41
1791,1406,Auto Loan,2024-12-28,36527.92,0.0734,60.0,B,25087.95,Current,Active,19
1792,1407,Personal Loan,2023-04-03,22653.03,0.1627,36.0,E,0.0,Current,Paid Off,39
1793,1408,Personal Loan,2024-01-26,19280.17,0.1395,36.0,C,3097.13,Current,Active,30
1794,1409,Personal Loan,2024-10-23,19344.22,0.1455,48.0,B,10617.46,Current,Active,21
1795,1409,Credit Card,2023-05-15,9986.9,0.1891,,A,8094.96,Current,Active,38
1796,1410,Auto Loan,2023-01-21,16946.94,0.0726,60.0,A,5336.46,Current,Active,42
1797,1412,Personal Loan,2026-02-17,7320.4,0.1407,24.0,A,5606.06,Current,Active,5
1798,1412,Personal Loan,2022-06-10,15554.68,0.1002,36.0,B,0.0,Current,Paid Off,49
1799,1413,Personal Loan,2023-05-07,5119.51,0.153,36.0,B,0.0,Current,Paid Off,38
1800,1414,Auto Loan,2026-04-27,21321.65,0.0916,48.0,D,19465.17,Current,Active,3
1801,1415,Personal Loan,2026-04-20,22919.04,0.1304,24.0,B,19318.54,Current,Active,3
1802,1416,Credit Card,2026-02-11,15813.26,0.2377,,B,13416.99,Current,Active,5
1803,1416,Personal Loan,2022-02-28,11245.33,0.1299,36.0,A,0.0,Current,Paid Off,53
1804,1417,Auto Loan,2023-01-05,40484.74,0.0796,48.0,D,38291.66,90+ DPD,Charged Off,42
1805,1417,Mortgage,2023-08-31,641875.1,0.0517,240.0,C,571470.41,Current,Active,35
1806,1418,Auto Loan,2025-01-07,34932.16,0.0964,72.0,A,25769.14,Current,Active,18
1807,1419,Credit Card,2022-11-30,3273.3,0.1632,,A,931.25,Current,Active,44
1808,1422,Auto Loan,2023-12-10,17812.07,0.0874,36.0,C,2279.06,Current,Active,31
1809,1422,Credit Card,2022-02-24,9448.78,0.2167,,B,2234.66,Current,Active,53
1810,1423,Auto Loan,2025-01-05,27656.63,0.0976,36.0,D,14390.71,60-89 DPD,Active,18
1811,1423,Credit Card,2022-09-22,12304.57,0.2046,,C,4864.35,90+ DPD,Charged Off,46
1812,1424,Personal Loan,2024-07-16,6315.94,0.166,24.0,B,0.0,Current,Paid Off,24
1813,1424,Credit Card,2024-11-17,7777.98,0.1843,,A,1978.1,Current,Active,20
1814,1425,Mortgage,2024-02-11,605613.93,0.0679,240.0,B,548324.96,Current,Active,29
1815,1425,Mortgage,2025-07-16,525849.67,0.0721,360.0,C,465528.01,Current,Active,12
1816,1425,Auto Loan,2022-08-17,12235.04,0.0862,48.0,B,579.07,Current,Active,47
1817,1426,Auto Loan,2024-03-04,23154.99,0.0514,48.0,C,9102.0,Current,Active,28
1818,1426,Credit Card,2025-05-28,6935.53,0.225,,D,4228.79,Current,Active,14
1819,1427,Personal Loan,2025-03-27,24105.27,0.1416,48.0,C,14834.7,Current,Active,16
1820,1427,Personal Loan,2025-04-16,11150.16,0.1786,36.0,A,6434.18,Current,Active,15
1821,1428,Mortgage,2023-07-16,159669.28,0.0741,240.0,C,133928.23,Current,Active,36
1822,1429,Auto Loan,2022-01-31,8205.52,0.1083,60.0,C,842.43,Current,Active,54
1823,1430,Mortgage,2022-10-30,186336.56,0.0617,360.0,D,138942.62,90+ DPD,Charged Off,45
1824,1431,Credit Card,2025-12-04,4851.06,0.2559,,B,3690.48,Current,Active,7
1825,1431,Auto Loan,2025-05-29,42480.16,0.0945,72.0,B,31181.82,Current,Active,14
1826,1432,Credit Card,2024-09-22,2372.3,0.2459,,A,559.44,Current,Active,22
1827,1433,Personal Loan,2025-07-21,22966.27,0.1304,24.0,A,10807.57,Current,Active,12
1828,1433,Credit Card,2023-09-20,13113.72,0.2008,,A,7486.07,Current,Active,34
1829,1434,Credit Card,2024-03-18,11163.02,0.1973,,A,7605.13,Current,Active,28
1830,1434,Auto Loan,2022-07-26,11751.01,0.0635,48.0,D,0.0,Current,Paid Off,48
1831,1435,Auto Loan,2024-04-20,12594.52,0.0663,72.0,B,7241.05,Current,Active,27
1832,1436,Credit Card,2024-09-18,15526.79,0.1831,,B,3343.29,30-59 DPD,Active,22
1833,1437,Personal Loan,2022-12-01,9712.39,0.0982,48.0,C,998.59,Current,Active,43
1834,1437,Auto Loan,2024-02-27,11545.54,0.0906,36.0,B,2104.66,Current,Active,29
1835,1437,Auto Loan,2023-03-07,33427.17,0.0802,72.0,C,15535.7,Current,Active,40
1836,1438,Personal Loan,2026-01-09,15920.76,0.1605,36.0,B,12074.78,Current,Active,6
1837,1438,Personal Loan,2023-02-18,19622.09,0.121,24.0,C,0.0,Current,Paid Off,41
1838,1439,Mortgage,2024-05-07,539398.36,0.0525,180.0,A,478864.64,Current,Active,26
1839,1440,Credit Card,2025-07-29,17409.56,0.2077,,C,14120.16,90+ DPD,Active,12
1840,1440,Personal Loan,2024-06-03,24696.31,0.1397,24.0,D,0.0,Current,Paid Off,25
1841,1441,Auto Loan,2024-10-20,24651.26,0.0561,60.0,C,15964.4,Current,Active,21
1842,1442,Credit Card,2022-11-12,17040.7,0.1679,,C,7417.72,Current,Active,44
1843,1442,Credit Card,2022-04-17,15831.09,0.2184,,C,6454.86,Current,Active,51
1844,1443,Credit Card,2025-09-20,14247.72,0.2132,,C,7859.34,90+ DPD,Charged Off,10
1845,1443,Auto Loan,2025-11-29,15682.54,0.0819,60.0,C,10226.06,90+ DPD,Charged Off,8
1846,1445,Personal Loan,2023-03-29,9995.8,0.1858,48.0,C,1549.75,Current,Active,40
1847,1446,Auto Loan,2023-10-23,35260.84,0.0752,36.0,B,3037.9,Current,Active,33
1848,1446,Credit Card,2022-06-13,12207.77,0.1606,,C,7877.14,Current,Active,49
1849,1447,Personal Loan,2024-11-08,6456.67,0.1338,36.0,B,2728.58,Current,Active,20
1850,1447,Auto Loan,2023-12-28,13962.5,0.0636,72.0,B,8277.36,Current,Active,31
1851,1448,Personal Loan,2024-02-14,9508.97,0.1662,36.0,C,8785.68,90+ DPD,Charged Off,29
1852,1449,Credit Card,2022-06-29,17659.28,0.182,,C,12091.72,Current,Active,49
1853,1450,Auto Loan,2025-05-18,18010.85,0.0864,60.0,B,14034.07,Current,Active,14
1854,1451,Mortgage,2025-04-03,345425.66,0.0644,180.0,B,304455.44,Current,Active,15
1855,1452,Credit Card,2025-09-26,4036.72,0.2016,,C,2352.23,Current,Active,10
1856,1452,Credit Card,2025-08-14,3278.14,0.2305,,C,1735.9,Current,Active,11
1857,1453,Credit Card,2023-08-14,8735.92,0.1867,,A,5578.38,Current,Active,35
1858,1454,Auto Loan,2022-07-16,19562.57,0.0854,60.0,B,3658.21,Current,Active,48
1859,1455,Auto Loan,2022-08-02,15270.77,0.1059,72.0,B,5248.51,60-89 DPD,Active,47
1860,1456,Personal Loan,2023-10-09,6787.63,0.0948,36.0,E,5346.93,90+ DPD,Charged Off,33
1861,1457,Mortgage,2024-11-24,380646.92,0.0522,180.0,D,334492.91,Current,Active,20
1862,1458,Credit Card,2025-03-05,7976.47,0.2453,,B,3216.12,Current,Active,16
1863,1458,Credit Card,2025-10-03,16226.66,0.2018,,B,1748.19,Current,Active,9
1864,1459,Credit Card,2025-11-09,12624.65,0.2598,,D,2878.99,Current,Active,8
1865,1460,Credit Card,2023-07-14,3138.07,0.2555,,D,1611.77,30-59 DPD,Active,36
1866,1461,Personal Loan,2024-08-08,5809.19,0.144,36.0,D,2017.37,30-59 DPD,Active,23
1867,1462,Personal Loan,2022-08-17,4782.49,0.1327,36.0,A,0.0,Current,Paid Off,47
1868,1463,Personal Loan,2022-02-06,19519.06,0.1551,48.0,B,0.0,Current,Paid Off,53
1869,1463,Mortgage,2026-05-22,174901.1,0.0708,240.0,B,167310.02,Current,Active,2
1870,1463,Credit Card,2025-09-19,19189.23,0.2555,,B,8405.14,Current,Active,10
1871,1464,Mortgage,2022-03-19,217654.49,0.0528,180.0,B,141532.6,Current,Active,52
1872,1465,Auto Loan,2025-10-30,17555.53,0.0731,48.0,C,13578.96,Current,Active,9
1873,1465,Auto Loan,2023-03-08,10814.57,0.0557,48.0,C,1693.35,Current,Active,40
1874,1466,Credit Card,2025-03-04,16144.08,0.2208,,B,2598.48,30-59 DPD,Active,16
1875,1467,Personal Loan,2025-09-19,24612.5,0.175,36.0,B,17046.14,Current,Active,10
1876,1467,Auto Loan,2022-07-24,25691.34,0.1036,72.0,A,8555.15,Current,Active,48
1877,1468,Credit Card,2022-06-01,12983.96,0.1876,,C,4074.42,Current,Active,49
1878,1468,Personal Loan,2022-06-12,3113.28,0.1683,48.0,C,0.0,Current,Paid Off,49
1879,1469,Credit Card,2023-11-27,15872.58,0.2241,,B,10588.95,Current,Active,32
1880,1469,Personal Loan,2026-01-25,12249.03,0.1618,36.0,A,10465.35,Current,Active,6
1881,1470,Credit Card,2023-02-09,12518.45,0.2515,,D,6127.46,90+ DPD,Charged Off,41
1882,1471,Personal Loan,2025-03-09,7318.91,0.1423,48.0,B,4681.7,Current,Active,16
1883,1472,Personal Loan,2025-02-15,24988.58,0.1442,36.0,B,12228.61,Current,Active,17
1884,1472,Mortgage,2023-06-13,135684.61,0.0598,360.0,C,117837.03,Current,Active,37
1885,1472,Mortgage,2025-11-29,409801.22,0.0604,360.0,A,396277.47,Current,Active,8
1886,1473,Auto Loan,2023-10-04,21225.87,0.0785,36.0,C,1780.23,Current,Active,33
1887,1475,Personal Loan,2024-09-04,24707.27,0.1519,36.0,D,13577.67,90+ DPD,Charged Off,22
1888,1476,Credit Card,2023-09-05,19704.2,0.1969,,A,14328.4,90+ DPD,Charged Off,34
1889,1477,Personal Loan,2023-02-03,14692.39,0.1894,24.0,A,0.0,Current,Paid Off,41
1890,1478,Auto Loan,2022-02-05,32750.89,0.0765,60.0,A,3759.54,Current,Active,53
1891,1478,Auto Loan,2023-01-26,16441.75,0.075,60.0,B,5094.72,Current,Active,42
1892,1479,Personal Loan,2023-10-21,9062.81,0.0961,48.0,B,2621.06,Current,Active,33
1893,1480,Credit Card,2026-01-08,7849.23,0.2574,,B,4157.89,30-59 DPD,Active,6
1894,1482,Auto Loan,2024-12-28,40982.65,0.0756,36.0,B,18879.98,Current,Active,19
1895,1482,Credit Card,2024-03-16,12717.39,0.2126,,B,1938.83,Current,Active,28
1896,1482,Personal Loan,2025-03-19,9120.59,0.1775,24.0,C,2997.58,Current,Active,16
1897,1483,Credit Card,2022-09-10,14743.64,0.2272,,B,11209.43,Current,Active,46
1898,1483,Credit Card,2025-04-26,10247.37,0.1931,,B,8355.29,Current,Active,15
1899,1483,Auto Loan,2024-06-22,9379.75,0.0852,60.0,B,5347.62,Current,Active,25
1900,1484,Personal Loan,2025-05-31,11244.65,0.1018,24.0,B,4247.03,Current,Active,14
1901,1485,Auto Loan,2023-05-07,40790.75,0.0781,36.0,A,0.0,Current,Paid Off,38
1902,1486,Mortgage,2022-04-03,263652.47,0.0687,240.0,C,199780.44,Current,Active,51
1903,1488,Credit Card,2024-03-11,4469.8,0.2576,,C,2981.21,Current,Active,28
1904,1488,Auto Loan,2025-04-04,29650.33,0.0505,60.0,B,22373.02,Current,Active,15
1905,1489,Mortgage,2025-04-20,448234.2,0.0528,180.0,B,377678.23,Current,Active,15
1906,1489,Credit Card,2025-08-10,3420.2,0.2159,,B,1512.3,Current,Active,11
1907,1490,Auto Loan,2023-08-16,8628.0,0.0736,36.0,A,399.43,Current,Active,35
1908,1491,Personal Loan,2024-10-02,16642.52,0.108,24.0,C,2000.67,Current,Active,21
1909,1492,Credit Card,2022-01-14,15160.08,0.2479,,A,3377.35,Current,Active,54
1910,1492,Auto Loan,2025-07-05,19062.49,0.0677,72.0,A,15758.77,Current,Active,12
1911,1493,Personal Loan,2025-03-14,17381.99,0.0952,24.0,B,5709.71,Current,Active,16
1912,1494,Mortgage,2023-06-23,205619.7,0.0499,360.0,C,174787.4,Current,Active,37
1913,1494,Personal Loan,2023-09-30,22916.96,0.1574,24.0,B,0.0,Current,Paid Off,34
1914,1495,Credit Card,2022-10-30,13763.66,0.2336,,C,6862.65,Current,Active,45
1915,1495,Personal Loan,2025-03-20,4861.06,0.1892,24.0,C,2985.26,90+ DPD,Charged Off,16
1916,1495,Credit Card,2025-08-09,9351.86,0.2395,,A,5845.13,Current,Active,11
1917,1496,Personal Loan,2023-11-20,13567.69,0.1087,24.0,A,0.0,Current,Paid Off,32
1918,1497,Credit Card,2024-11-15,6629.09,0.1682,,A,2334.92,Current,Active,20
1919,1497,Credit Card,2025-07-24,10082.63,0.2036,,A,4936.96,Current,Active,12
1920,1498,Personal Loan,2025-07-23,16203.34,0.1294,24.0,A,7796.25,Current,Active,12
1921,1498,Credit Card,2025-02-25,16924.89,0.1657,,A,6445.76,Current,Active,17
1922,1499,Auto Loan,2025-01-15,30516.64,0.0614,48.0,A,19382.32,Current,Active,18
1923,1500,Credit Card,2026-04-04,17045.41,0.2558,,D,11357.46,Current,Active,3
1924,1500,Mortgage,2022-04-26,501618.0,0.0528,360.0,E,320074.57,90+ DPD,Charged Off,51
1925,1501,Personal Loan,2023-01-15,9641.02,0.1707,24.0,A,0.0,Current,Paid Off,42
1926,1501,Auto Loan,2022-02-17,32927.05,0.1005,48.0,A,0.0,Current,Paid Off,53
1927,1502,Personal Loan,2024-05-06,8001.46,0.1106,24.0,A,0.0,Current,Paid Off,26
1928,1502,Personal Loan,2024-08-03,15092.48,0.1417,36.0,D,4907.26,90+ DPD,Active,23
1929,1503,Personal Loan,2024-07-05,6234.56,0.161,48.0,B,2996.93,Current,Active,24
1930,1504,Mortgage,2024-01-10,325180.97,0.0504,180.0,A,259136.06,Current,Active,30
1931,1505,Mortgage,2022-07-19,146289.43,0.0458,180.0,B,97870.96,Current,Active,48
1932,1505,Credit Card,2024-02-25,7663.89,0.246,,A,1235.8,Current,Active,29
1933,1506,Credit Card,2023-07-09,4478.17,0.2097,,A,3366.19,Current,Active,36
1934,1507,Mortgage,2025-01-29,243026.17,0.0636,360.0,B,238419.45,Current,Active,18
1935,1507,Auto Loan,2022-02-26,27696.62,0.0869,72.0,D,25891.1,90+ DPD,Charged Off,53
1936,1508,Auto Loan,2025-10-05,11248.42,0.097,36.0,A,8355.86,Current,Active,9
1937,1508,Auto Loan,2026-05-10,37522.41,0.1076,36.0,C,32325.8,90+ DPD,Active,2
1938,1509,Personal Loan,2022-06-11,20158.5,0.156,36.0,E,0.0,Current,Paid Off,49
1939,1509,Auto Loan,2024-04-30,44316.64,0.0784,72.0,C,28632.62,Current,Active,27
1940,1509,Credit Card,2022-03-22,14073.65,0.2002,,C,4164.97,Current,Active,52
1941,1510,Auto Loan,2023-07-02,18752.78,0.0663,60.0,D,7426.42,Current,Active,36
1942,1511,Auto Loan,2024-01-22,43722.34,0.0967,60.0,B,19939.04,Current,Active,30
1943,1511,Personal Loan,2024-12-18,18096.75,0.1037,36.0,A,8575.43,Current,Active,19
1944,1511,Personal Loan,2022-05-14,16127.94,0.1569,48.0,A,0.0,Current,Paid Off,50
1945,1512,Credit Card,2022-07-23,4988.98,0.2501,,B,2209.58,Current,Active,48
1946,1513,Credit Card,2025-04-09,12612.45,0.1938,,A,10162.95,Current,Active,15
1947,1514,Credit Card,2022-12-27,7927.6,0.2387,,B,6124.98,Current,Active,43
1948,1516,Auto Loan,2025-07-29,13355.72,0.0949,36.0,E,9089.76,90+ DPD,Active,12
1949,1517,Credit Card,2024-10-13,13412.88,0.188,,A,9473.19,Current,Active,21
1950,1518,Mortgage,2026-03-17,169006.96,0.0668,180.0,A,168090.15,Current,Active,4
1951,1519,Auto Loan,2024-10-17,9878.67,0.0784,72.0,C,6468.19,Current,Active,21
1952,1520,Credit Card,2023-07-29,15606.42,0.1665,,D,4477.73,Current,Active,36
1953,1520,Personal Loan,2024-01-19,5666.6,0.1612,36.0,B,881.32,Current,Active,30
1954,1520,Credit Card,2026-02-08,13593.65,0.1806,,C,3625.12,Current,Active,5
1955,1521,Auto Loan,2023-11-01,28967.12,0.105,36.0,A,3255.12,Current,Active,32
1956,1521,Mortgage,2025-10-25,165651.78,0.0621,360.0,A,159686.64,Current,Active,9
1957,1521,Credit Card,2023-02-16,7840.57,0.2428,,C,6633.22,Current,Active,41
1958,1522,Credit Card,2023-04-22,14842.01,0.1861,,B,2112.11,Current,Active,39
1959,1522,Personal Loan,2023-09-11,20041.16,0.1575,36.0,C,1140.76,Current,Active,34
1960,1522,Mortgage,2023-09-12,147407.35,0.0688,240.0,B,118279.44,Current,Active,34
1961,1523,Auto Loan,2023-02-13,44013.29,0.0978,36.0,B,0.0,Current,Paid Off,41
1962,1523,Personal Loan,2025-04-20,21907.36,0.1208,24.0,C,8024.69,Current,Active,15
1963,1524,Auto Loan,2025-02-25,38071.07,0.101,72.0,A,29578.1,Current,Active,17
1964,1525,Mortgage,2023-03-12,544710.66,0.062,360.0,C,474303.62,Current,Active,40
1965,1525,Personal Loan,2023-05-10,13700.16,0.1671,24.0,A,0.0,Current,Paid Off,38
1966,1525,Personal Loan,2024-04-16,8603.69,0.1662,48.0,A,3651.11,Current,Active,27
1967,1526,Credit Card,2022-10-17,6392.48,0.1622,,C,977.68,Current,Active,45
1968,1526,Credit Card,2024-01-06,19448.97,0.2465,,C,14279.86,Current,Active,30
1969,1526,Personal Loan,2023-12-07,9766.83,0.1525,24.0,A,0.0,Current,Paid Off,31
1970,1527,Mortgage,2025-07-13,240275.72,0.0732,360.0,C,209387.71,Current,Active,12
1971,1528,Credit Card,2023-09-21,17029.68,0.1749,,A,13725.03,Current,Active,34
1972,1528,Mortgage,2024-07-02,525980.21,0.0505,360.0,A,480304.56,Current,Active,24
1973,1529,Auto Loan,2024-08-01,34374.78,0.0593,72.0,B,29399.28,90+ DPD,Charged Off,23
1974,1530,Credit Card,2025-06-23,17144.45,0.2291,,A,11879.25,Current,Active,13
1975,1530,Mortgage,2023-03-27,354811.91,0.0714,180.0,D,262105.09,Current,Active,40
1976,1531,Auto Loan,2022-04-11,38429.51,0.0556,72.0,B,10384.59,Current,Active,51
1977,1531,Mortgage,2025-08-15,643207.13,0.0717,240.0,B,583468.15,Current,Active,11
1978,1531,Mortgage,2026-05-27,483553.8,0.071,180.0,D,314793.14,90+ DPD,Charged Off,2
1979,1532,Credit Card,2023-02-19,11765.73,0.1658,,D,7854.38,90+ DPD,Charged Off,41
1980,1533,Auto Loan,2022-02-14,38749.01,0.0998,48.0,C,0.0,Current,Paid Off,53
1981,1533,Personal Loan,2025-05-26,4029.73,0.1439,24.0,B,1648.56,Current,Active,14
1982,1533,Personal Loan,2025-11-25,8312.66,0.1389,48.0,A,6514.23,Current,Active,8
1983,1535,Mortgage,2022-08-05,447423.52,0.0539,240.0,C,367584.38,Current,Active,47
1984,1535,Credit Card,2022-07-06,16663.5,0.2362,,C,3499.37,Current,Active,48
1985,1536,Auto Loan,2024-05-13,35598.6,0.0816,72.0,C,22312.42,90+ DPD,Charged Off,26
1986,1537,Personal Loan,2026-01-10,15113.48,0.1016,24.0,A,10754.84,Current,Active,6
1987,1538,Auto Loan,2023-07-14,42613.36,0.0824,72.0,C,19719.82,Current,Active,36
1988,1538,Personal Loan,2023-02-09,22483.98,0.1523,36.0,D,0.0,Current,Paid Off,41
1989,1539,Credit Card,2026-04-08,4961.85,0.2124,,A,3523.34,Current,Active,3
1990,1540,Credit Card,2025-10-03,12360.1,0.2506,,C,9200.25,Current,Active,9
1991,1540,Credit Card,2026-05-23,12206.09,0.2438,,B,3161.89,Current,Active,2
1992,1541,Auto Loan,2022-10-25,14172.03,0.0543,60.0,B,12875.55,90+ DPD,Charged Off,45
1993,1542,Credit Card,2024-08-05,19978.16,0.2101,,B,12699.87,Current,Active,23
1994,1544,Personal Loan,2024-10-28,14713.58,0.1154,48.0,D,11157.88,90+ DPD,Charged Off,21
1995,1545,Auto Loan,2024-11-03,12375.66,0.0536,48.0,E,7284.37,30-59 DPD,Active,20
1996,1546,Personal Loan,2024-09-07,8552.68,0.1158,48.0,C,4576.41,Current,Active,22
1997,1546,Auto Loan,2023-07-20,43705.33,0.1049,36.0,E,0.0,Current,Paid Off,36
1998,1547,Auto Loan,2025-12-11,37634.64,0.0873,72.0,C,33101.21,Current,Active,7
1999,1548,Auto Loan,2022-08-21,31954.99,0.0584,36.0,B,0.0,Current,Paid Off,47
2000,1549,Auto Loan,2025-10-31,41131.62,0.0785,60.0,A,34628.72,Current,Active,9
2001,1549,Personal Loan,2023-12-14,17135.86,0.1659,24.0,A,0.0,Current,Paid Off,31
2002,1551,Auto Loan,2023-02-06,25614.13,0.094,60.0,B,7636.11,60-89 DPD,Active,41
2003,1551,Auto Loan,2022-01-07,8123.33,0.064,36.0,C,0.0,Current,Paid Off,54
2004,1552,Credit Card,2026-02-17,10813.85,0.2213,,B,2767.4,30-59 DPD,Active,5
2005,1552,Personal Loan,2022-06-19,15054.35,0.1768,24.0,B,0.0,Current,Paid Off,49
2006,1553,Credit Card,2023-07-26,7296.17,0.1777,,C,6818.14,90+ DPD,Charged Off,36
2007,1554,Personal Loan,2023-01-18,23989.8,0.1216,48.0,D,2844.73,Current,Active,42
2008,1555,Credit Card,2024-12-26,7429.8,0.2329,,D,3235.55,90+ DPD,Charged Off,19
2009,1556,Auto Loan,2024-09-15,14435.7,0.0982,72.0,B,9340.15,Current,Active,22
2010,1556,Mortgage,2024-07-06,556932.9,0.0639,180.0,B,485218.38,Current,Active,24
2011,1557,Personal Loan,2022-10-14,24706.46,0.1247,36.0,B,0.0,Current,Paid Off,45
2012,1558,Auto Loan,2022-02-26,16716.66,0.0965,60.0,A,1817.41,Current,Active,53
2013,1559,Mortgage,2023-06-25,487388.57,0.0641,180.0,C,249447.38,90+ DPD,Charged Off,37
2014,1560,Personal Loan,2022-05-24,3807.61,0.1377,24.0,A,0.0,Current,Paid Off,50
2015,1561,Credit Card,2023-07-21,19467.12,0.179,,C,8989.13,Current,Active,36
2016,1561,Personal Loan,2024-04-23,24366.61,0.1148,48.0,C,10050.79,90+ DPD,Charged Off,27
2017,1562,Auto Loan,2023-12-04,39822.88,0.0977,48.0,A,14751.11,Current,Active,31
2018,1562,Credit Card,2026-02-05,7531.29,0.2554,,A,4361.88,Current,Active,5
2019,1563,Personal Loan,2026-01-20,21628.85,0.1818,36.0,C,17108.64,Current,Active,6
2020,1564,Credit Card,2025-06-18,10104.94,0.2466,,A,1279.9,Current,Active,13
2021,1565,Mortgage,2023-03-05,399982.76,0.0657,180.0,E,338042.29,90+ DPD,Charged Off,40
2022,1567,Auto Loan,2023-10-11,21268.61,0.0941,72.0,B,10545.38,Current,Active,33
2023,1568,Auto Loan,2026-05-26,10722.36,0.0773,72.0,A,9640.77,Current,Active,2
2024,1569,Auto Loan,2023-03-01,12140.19,0.0657,72.0,B,5298.64,Current,Active,40
2025,1570,Credit Card,2022-04-06,12808.64,0.2372,,A,4429.8,Current,Active,51
2026,1572,Mortgage,2026-01-28,626604.86,0.0723,240.0,B,619292.55,Current,Active,6
2027,1573,Auto Loan,2023-09-16,29684.28,0.0668,48.0,B,8057.32,Current,Active,34
2028,1573,Auto Loan,2024-12-24,27461.42,0.0514,60.0,C,16489.33,90+ DPD,Charged Off,19
2029,1574,Credit Card,2024-12-14,15725.79,0.242,,C,10409.89,Current,Active,19
2030,1575,Credit Card,2025-11-20,5881.58,0.2384,,A,4857.26,30-59 DPD,Active,8
2031,1575,Auto Loan,2025-12-30,22735.12,0.0516,36.0,A,17513.97,Current,Active,7
2032,1577,Personal Loan,2022-04-28,8397.78,0.1138,24.0,C,0.0,Current,Paid Off,51
2033,1579,Credit Card,2023-10-03,13856.15,0.1613,,D,5700.75,Current,Active,33
2034,1579,Credit Card,2023-11-30,13761.92,0.2424,,C,7233.65,30-59 DPD,Active,32
2035,1580,Mortgage,2023-08-23,149792.31,0.0623,360.0,B,139660.14,Current,Active,35
2036,1581,Credit Card,2023-11-04,11952.48,0.2448,,A,8535.99,Current,Active,32
2037,1582,Personal Loan,2022-01-24,20077.49,0.1526,48.0,B,0.0,Current,Paid Off,54
2038,1582,Auto Loan,2023-07-16,15229.39,0.1017,36.0,B,0.0,Current,Paid Off,36
2039,1583,Credit Card,2025-08-07,2585.99,0.2149,,A,2007.28,Current,Active,11
2040,1584,Auto Loan,2023-10-01,37780.83,0.0656,36.0,C,2939.5,Current,Active,33
2041,1585,Personal Loan,2022-01-24,21579.56,0.1582,48.0,B,0.0,Current,Paid Off,54
2042,1585,Auto Loan,2024-04-26,40015.71,0.0977,60.0,D,21312.39,30-59 DPD,Active,27
2043,1586,Auto Loan,2022-11-17,13437.23,0.0631,48.0,B,1125.04,Current,Active,44
2044,1587,Credit Card,2022-06-14,16183.84,0.2348,,C,4427.65,Current,Active,49
2045,1588,Credit Card,2025-02-25,5694.36,0.2091,,B,743.81,Current,Active,17
2046,1589,Credit Card,2023-10-30,11215.37,0.1685,,C,2342.34,Current,Active,33
2047,1591,Mortgage,2026-03-06,402506.59,0.0598,180.0,B,364966.43,Current,Active,4
2048,1591,Credit Card,2023-02-20,2037.71,0.1743,,A,409.81,Current,Active,41
2049,1593,Credit Card,2022-10-22,19065.79,0.1727,,D,2342.33,Current,Active,45
2050,1594,Mortgage,2023-06-20,234320.72,0.0616,240.0,C,199150.07,Current,Active,37
2051,1594,Personal Loan,2022-05-02,7072.21,0.1182,48.0,A,0.0,Current,Paid Off,50
2052,1595,Personal Loan,2022-10-29,4937.06,0.1684,36.0,B,0.0,Current,Paid Off,45
2053,1595,Personal Loan,2025-06-18,10525.1,0.147,24.0,C,4845.35,Current,Active,13
2054,1596,Auto Loan,2024-03-06,38622.72,0.08,48.0,D,15298.94,Current,Active,28
2055,1596,Personal Loan,2022-07-27,7781.51,0.1573,24.0,B,0.0,Current,Paid Off,48
2056,1596,Personal Loan,2024-08-22,6089.13,0.1327,24.0,B,308.96,Current,Active,23
2057,1597,Credit Card,2022-01-02,19826.96,0.2261,,D,10505.82,60-89 DPD,Active,54
2058,1598,Mortgage,2023-06-04,635699.83,0.0734,360.0,D,572507.96,Current,Active,37
2059,1599,Auto Loan,2025-06-24,19358.25,0.0754,48.0,C,12859.73,Current,Active,13
2060,1601,Personal Loan,2024-01-06,19632.91,0.1566,48.0,D,7215.71,30-59 DPD,Active,30
2061,1603,Auto Loan,2024-12-02,41041.15,0.074,60.0,D,30674.08,90+ DPD,Charged Off,19
2062,1603,Mortgage,2026-04-22,369865.43,0.0522,360.0,C,349712.38,Current,Active,3
2063,1604,Auto Loan,2022-01-21,9780.45,0.1034,36.0,B,0.0,Current,Paid Off,54
2064,1605,Personal Loan,2025-12-04,21145.05,0.1026,48.0,B,17282.38,Current,Active,7
2065,1606,Credit Card,2022-06-18,9889.61,0.1896,,C,6039.07,30-59 DPD,Active,49
2066,1607,Mortgage,2025-12-27,357399.79,0.046,240.0,A,333285.57,Current,Active,7
2067,1607,Auto Loan,2023-05-05,42045.2,0.0956,60.0,C,23112.5,90+ DPD,Charged Off,38
2068,1607,Personal Loan,2023-07-06,15418.9,0.0949,36.0,B,0.0,Current,Paid Off,36
2069,1608,Credit Card,2025-06-13,11628.09,0.206,,C,4073.34,Current,Active,13
2070,1608,Personal Loan,2022-11-02,8434.27,0.1044,48.0,C,702.89,30-59 DPD,Active,44
2071,1609,Auto Loan,2023-07-04,15847.82,0.1038,60.0,A,6616.9,Current,Active,36
2072,1610,Auto Loan,2025-01-12,23083.23,0.0718,72.0,B,16415.71,Current,Active,18
2073,1611,Personal Loan,2022-03-15,12438.5,0.0958,48.0,B,0.0,Current,Paid Off,52
2074,1612,Credit Card,2026-02-09,3343.0,0.1791,,A,1113.91,Current,Active,5
2075,1612,Personal Loan,2025-02-07,15705.3,0.1286,48.0,A,10445.58,Current,Active,17
2076,1613,Credit Card,2025-12-07,8230.81,0.1761,,C,3056.45,90+ DPD,Charged Off,7
2077,1614,Credit Card,2023-08-17,17277.58,0.2535,,B,13643.88,Current,Active,35
2078,1614,Personal Loan,2023-03-27,24644.57,0.1527,48.0,C,4081.18,Current,Active,40
2079,1616,Auto Loan,2026-02-28,33329.9,0.0501,72.0,A,28876.85,Current,Active,5
2080,1617,Personal Loan,2025-06-05,8808.85,0.1083,48.0,C,5834.24,Current,Active,13
2081,1619,Credit Card,2024-01-20,9553.38,0.2373,,B,7012.18,Current,Active,30
2082,1620,Personal Loan,2022-06-07,18913.5,0.1553,24.0,A,0.0,Current,Paid Off,49
2083,1620,Personal Loan,2022-12-27,6571.2,0.1443,36.0,B,0.0,Current,Paid Off,43
2084,1621,Auto Loan,2024-10-18,41159.1,0.0835,48.0,A,21336.98,Current,Active,21
2085,1621,Personal Loan,2025-02-28,4390.14,0.1201,48.0,A,2657.7,Current,Active,17
2086,1623,Credit Card,2022-12-03,18657.12,0.1766,,B,8715.63,Current,Active,43
2087,1623,Mortgage,2023-09-18,151703.64,0.0679,360.0,C,124473.67,Current,Active,34
2088,1625,Auto Loan,2025-03-12,37586.13,0.0613,36.0,A,21671.98,Current,Active,16
2089,1626,Mortgage,2022-09-09,198706.65,0.0462,180.0,D,145754.77,Current,Active,46
2090,1626,Personal Loan,2025-03-16,22556.05,0.1267,24.0,B,7334.5,Current,Active,16
2091,1626,Personal Loan,2022-10-12,23573.74,0.0906,48.0,C,19606.6,90+ DPD,Charged Off,45
2092,1628,Auto Loan,2023-05-31,35038.54,0.0986,48.0,A,7559.22,Current,Active,38
2093,1628,Personal Loan,2022-08-03,17101.53,0.1443,48.0,B,842.42,Current,Active,47
2094,1629,Credit Card,2024-09-06,4999.05,0.1626,,C,1255.24,Current,Active,22
2095,1630,Auto Loan,2024-02-08,24651.11,0.0679,36.0,A,4802.42,Current,Active,29
2096,1631,Credit Card,2023-04-28,13968.05,0.2343,,B,9121.88,Current,Active,39
2097,1632,Credit Card,2025-09-19,18663.97,0.2234,,B,2357.07,Current,Active,10
2098,1633,Personal Loan,2022-05-19,17869.31,0.1351,36.0,D,0.0,Current,Paid Off,50
2099,1634,Auto Loan,2024-03-02,13545.83,0.0855,72.0,A,7848.75,Current,Active,28
2100,1636,Mortgage,2025-05-07,222071.32,0.0503,180.0,C,187026.36,Current,Active,14
2101,1637,Credit Card,2022-08-13,12047.8,0.2342,,B,8804.78,90+ DPD,Charged Off,47
2102,1637,Personal Loan,2025-03-03,10837.0,0.1369,36.0,B,5907.32,Current,Active,16
2103,1638,Auto Loan,2026-01-10,32808.68,0.0882,60.0,B,30968.01,Current,Active,6
2104,1638,Credit Card,2024-08-03,13852.52,0.1929,,A,8581.76,Current,Active,23
2105,1639,Credit Card,2023-10-31,1949.28,0.2199,,D,1333.48,Current,Active,33
2106,1640,Personal Loan,2022-12-29,7934.82,0.1463,48.0,A,800.13,Current,Active,43
2107,1640,Mortgage,2023-03-05,484908.69,0.0555,180.0,E,291776.57,90+ DPD,Charged Off,40
2108,1641,Credit Card,2023-05-22,5626.54,0.1617,,B,2663.52,Current,Active,38
2109,1643,Personal Loan,2025-07-10,18044.58,0.1048,36.0,A,11950.68,Current,Active,12
2110,1644,Mortgage,2024-12-10,307425.58,0.0508,180.0,C,268353.38,Current,Active,19
2111,1645,Auto Loan,2022-04-02,28339.62,0.1077,60.0,B,3910.01,Current,Active,51
2112,1645,Credit Card,2025-10-07,10071.12,0.1621,,A,4560.97,Current,Active,9
2113,1646,Mortgage,2023-05-17,628803.09,0.0623,360.0,B,593517.85,90+ DPD,Charged Off,38
2114,1647,Credit Card,2022-10-21,11016.05,0.1618,,B,6637.47,Current,Active,45
2115,1649,Credit Card,2025-05-27,12494.26,0.1694,,A,2086.35,Current,Active,14
2116,1649,Credit Card,2025-12-25,1243.06,0.194,,A,666.0,Current,Active,7
2117,1650,Personal Loan,2023-04-27,19900.7,0.1494,36.0,B,0.0,Current,Paid Off,39
2118,1650,Personal Loan,2025-09-04,21837.25,0.1175,24.0,B,11840.23,Current,Active,10
2119,1650,Credit Card,2025-05-11,6915.74,0.161,,B,4991.3,Current,Active,14
2120,1651,Personal Loan,2022-09-20,11123.27,0.1845,24.0,D,0.0,Current,Paid Off,46
2121,1652,Credit Card,2022-08-16,11045.69,0.2466,,C,8182.6,Current,Active,47
2122,1653,Auto Loan,2025-02-03,15581.7,0.0604,48.0,C,10191.3,Current,Active,17
2123,1654,Mortgage,2024-05-10,513991.91,0.0613,360.0,D,470100.24,Current,Active,26
2124,1656,Personal Loan,2022-03-06,14268.4,0.1836,24.0,B,0.0,Current,Paid Off,52
2125,1657,Mortgage,2025-11-04,303143.76,0.0461,180.0,C,277949.27,Current,Active,8
2126,1658,Credit Card,2026-01-21,1974.05,0.175,,A,783.38,Current,Active,6
2127,1658,Mortgage,2023-12-26,345969.87,0.0548,180.0,C,151877.13,90+ DPD,Charged Off,31
2128,1659,Credit Card,2026-04-08,6810.16,0.1778,,C,4603.69,30-59 DPD,Active,3
2129,1659,Credit Card,2024-03-31,8767.41,0.1914,,C,6654.62,Current,Active,28
2130,1660,Auto Loan,2024-05-22,14779.95,0.055,36.0,B,3784.43,Current,Active,26
2131,1661,Personal Loan,2025-01-15,3527.02,0.13,48.0,D,2109.61,Current,Active,18
2132,1661,Mortgage,2023-11-18,308786.47,0.0663,360.0,C,253220.64,30-59 DPD,Active,32
2133,1663,Mortgage,2026-05-13,275928.18,0.0548,180.0,B,246289.85,Current,Active,2
2134,1664,Personal Loan,2023-10-14,8113.7,0.1169,48.0,D,2353.71,Current,Active,33
2135,1665,Credit Card,2023-09-05,7552.24,0.2434,,B,769.08,Current,Active,34
2136,1665,Personal Loan,2023-09-12,8440.14,0.1826,48.0,A,2431.92,Current,Active,34
2137,1666,Credit Card,2025-08-17,10390.89,0.1777,,D,4289.91,Current,Active,11
2138,1667,Auto Loan,2022-10-27,35442.78,0.0524,48.0,A,2256.47,Current,Active,45
2139,1667,Credit Card,2022-07-11,3829.31,0.2532,,D,2745.64,Current,Active,48
2140,1668,Mortgage,2023-02-12,321803.82,0.0687,180.0,B,250131.28,Current,Active,41
2141,1670,Personal Loan,2024-09-19,5509.05,0.1289,24.0,C,449.62,Current,Active,22
2142,1670,Personal Loan,2026-03-22,5933.57,0.1795,36.0,B,5234.24,Current,Active,4
2143,1671,Personal Loan,2024-01-02,24928.42,0.1033,24.0,D,0.0,Current,Paid Off,30
2144,1672,Personal Loan,2022-06-23,10210.17,0.1522,48.0,D,0.0,Current,Paid Off,49
2145,1672,Credit Card,2024-04-06,5233.92,0.2186,,B,3596.17,Current,Active,27
2146,1672,Mortgage,2022-02-18,205429.0,0.0712,180.0,D,132033.27,Current,Active,53
2147,1673,Personal Loan,2022-05-15,4335.8,0.1243,36.0,D,0.0,Current,Paid Off,50
2148,1673,Credit Card,2022-08-17,9908.0,0.1646,,C,7201.81,90+ DPD,Charged Off,47
2149,1674,Auto Loan,2022-03-31,43723.57,0.1081,48.0,B,0.0,Current,Paid Off,52
2150,1674,Auto Loan,2024-10-21,32526.78,0.063,60.0,B,20476.05,Current,Active,21
2151,1674,Credit Card,2023-05-21,12877.56,0.2206,,B,4532.61,90+ DPD,Charged Off,38
2152,1676,Credit Card,2025-01-22,8322.68,0.2564,,C,6014.04,90+ DPD,Charged Off,18
2153,1676,Auto Loan,2023-10-03,37694.02,0.1063,36.0,E,3074.74,30-59 DPD,Active,33
2154,1677,Credit Card,2025-03-09,11742.25,0.1992,,A,4693.53,Current,Active,16
2155,1678,Auto Loan,2022-02-13,31608.21,0.0994,48.0,B,0.0,Current,Paid Off,53
2156,1678,Personal Loan,2025-05-29,5789.98,0.0971,24.0,B,2442.96,Current,Active,14
2157,1679,Auto Loan,2024-02-09,36675.79,0.0752,48.0,A,13871.18,Current,Active,29
2158,1680,Mortgage,2024-05-27,266647.75,0.0677,180.0,D,219641.23,Current,Active,26
2159,1681,Personal Loan,2026-01-10,9498.09,0.1093,24.0,A,7435.45,Current,Active,6
2160,1683,Personal Loan,2025-02-04,23593.83,0.1459,24.0,A,6257.66,Current,Active,17
2161,1683,Auto Loan,2024-12-24,29028.08,0.057,60.0,C,20552.5,60-89 DPD,Active,19
2162,1686,Auto Loan,2024-04-09,21648.48,0.0622,36.0,E,5604.85,Current,Active,27
2163,1687,Personal Loan,2022-12-29,10425.52,0.1302,36.0,C,0.0,Current,Paid Off,43
2164,1687,Auto Loan,2023-10-23,27409.97,0.0511,36.0,A,2234.66,Current,Active,33
2165,1688,Credit Card,2024-09-17,16295.27,0.2011,,A,8504.76,Current,Active,22
2166,1691,Credit Card,2022-03-21,1105.29,0.2238,,B,783.28,Current,Active,52
2167,1692,Credit Card,2022-03-15,3206.4,0.2115,,A,1916.46,Current,Active,52
2168,1693,Personal Loan,2023-05-08,16199.51,0.1419,36.0,A,0.0,Current,Paid Off,38
2169,1693,Personal Loan,2024-10-08,20205.36,0.1496,24.0,D,2626.16,Current,Active,21
2170,1694,Auto Loan,2024-05-08,8693.58,0.0825,36.0,C,2350.04,Current,Active,26
2171,1695,Auto Loan,2022-05-12,23163.77,0.0687,60.0,B,3726.7,Current,Active,50
2172,1697,Personal Loan,2024-05-05,20675.94,0.1884,24.0,B,0.0,Current,Paid Off,26
2173,1697,Personal Loan,2025-11-23,17307.17,0.1886,48.0,D,13400.95,Current,Active,8
2174,1698,Credit Card,2024-06-04,1552.8,0.2,,C,319.85,60-89 DPD,Active,25
2175,1698,Personal Loan,2025-03-02,14922.09,0.1268,24.0,C,4511.9,Current,Active,16
2176,1700,Auto Loan,2022-03-27,10116.04,0.0536,36.0,C,0.0,Current,Paid Off,52
2177,1701,Personal Loan,2022-04-22,23744.64,0.1089,24.0,B,0.0,Current,Paid Off,51
2178,1702,Personal Loan,2025-03-21,19861.56,0.1832,36.0,E,17554.38,90+ DPD,Charged Off,16
2179,1703,Mortgage,2023-05-28,552544.49,0.055,360.0,D,473335.2,Current,Active,38
2180,1703,Personal Loan,2023-10-14,5155.73,0.0927,24.0,A,0.0,Current,Paid Off,33
2181,1703,Credit Card,2022-06-27,18731.77,0.179,,B,11705.13,60-89 DPD,Active,49
2182,1704,Personal Loan,2022-09-27,22421.45,0.1423,36.0,A,0.0,Current,Paid Off,46
2183,1704,Credit Card,2022-10-01,10455.73,0.1781,,A,1971.56,Current,Active,45
2184,1705,Personal Loan,2023-07-13,14468.78,0.1514,36.0,C,0.0,Current,Paid Off,36
2185,1705,Personal Loan,2022-06-18,14542.79,0.1632,24.0,B,0.0,Current,Paid Off,49
2186,1706,Personal Loan,2023-08-15,8220.17,0.1053,24.0,B,0.0,Current,Paid Off,35
2187,1707,Credit Card,2026-03-18,16135.82,0.2022,,B,9161.01,Current,Active,4
2188,1708,Personal Loan,2022-08-27,18736.56,0.09,24.0,B,0.0,Current,Paid Off,47
2189,1708,Credit Card,2025-07-04,4870.48,0.2152,,B,2161.29,Current,Active,12
2190,1709,Personal Loan,2023-12-28,10610.86,0.1171,48.0,D,3393.8,30-59 DPD,Active,31
2191,1710,Mortgage,2023-04-07,275966.13,0.0674,180.0,C,196353.32,Current,Active,39
2192,1711,Personal Loan,2024-01-17,18892.41,0.1153,36.0,B,3254.95,Current,Active,30
2193,1711,Credit Card,2022-12-28,12451.39,0.2464,,C,6804.72,Current,Active,43
2194,1713,Auto Loan,2022-09-06,30132.8,0.1029,48.0,D,1479.74,30-59 DPD,Active,46
2195,1714,Credit Card,2025-08-24,16297.84,0.1812,,A,7312.96,Current,Active,11
2196,1716,Personal Loan,2022-12-17,16684.3,0.1268,36.0,B,0.0,Current,Paid Off,43
2197,1717,Auto Loan,2023-01-27,33713.79,0.0694,60.0,E,9271.86,90+ DPD,Active,42
2198,1717,Auto Loan,2023-04-12,20008.2,0.0759,60.0,D,14247.1,90+ DPD,Charged Off,39
2199,1718,Credit Card,2022-04-05,6575.46,0.1982,,C,2226.66,Current,Active,51
2200,1718,Personal Loan,2025-02-27,17772.03,0.1893,24.0,B,5153.4,Current,Active,17
2201,1719,Credit Card,2024-12-24,12474.55,0.1797,,A,9593.69,Current,Active,19
2202,1719,Personal Loan,2022-01-13,10249.43,0.175,48.0,B,0.0,Current,Paid Off,54
2203,1720,Credit Card,2024-09-04,11255.9,0.2582,,A,7333.3,Current,Active,22
2204,1721,Personal Loan,2024-02-15,11299.88,0.1417,48.0,A,4684.38,Current,Active,29
2205,1721,Personal Loan,2026-04-16,24222.01,0.14,24.0,C,20804.68,Current,Active,3
2206,1721,Personal Loan,2024-04-09,15231.01,0.1593,24.0,B,0.0,Current,Paid Off,27
2207,1722,Auto Loan,2026-05-31,13479.6,0.0711,72.0,A,12152.01,Current,Active,2
2208,1723,Auto Loan,2024-11-01,40742.69,0.1018,36.0,C,17469.36,Current,Active,20
2209,1723,Personal Loan,2023-02-07,16644.78,0.1577,24.0,A,0.0,Current,Paid Off,41
2210,1724,Mortgage,2025-12-16,549809.59,0.0625,240.0,D,513732.36,Current,Active,7
2211,1725,Mortgage,2022-07-05,238621.16,0.0629,240.0,C,173106.75,Current,Active,48
2212,1725,Auto Loan,2023-07-10,14066.2,0.0711,36.0,B,0.0,Current,Paid Off,36
2213,1727,Personal Loan,2025-06-25,21083.27,0.1571,48.0,C,15337.43,Current,Active,13
2214,1728,Auto Loan,2025-07-04,37269.87,0.074,60.0,D,29077.42,Current,Active,12
2215,1729,Credit Card,2026-02-19,7484.51,0.2117,,C,6357.45,Current,Active,5
2216,1729,Credit Card,2023-03-08,7501.51,0.2053,,B,5305.97,Current,Active,40
2217,1730,Mortgage,2022-06-19,433806.1,0.0635,180.0,C,292519.58,90+ DPD,Charged Off,49
2218,1731,Mortgage,2022-04-17,212729.55,0.0689,180.0,B,144333.32,Current,Active,51
2219,1732,Credit Card,2025-09-24,18526.21,0.249,,B,7599.77,Current,Active,10
2220,1733,Credit Card,2026-05-13,15676.3,0.1828,,B,9418.8,Current,Active,2
2221,1734,Credit Card,2025-04-06,3989.24,0.1972,,C,1032.47,Current,Active,15
2222,1735,Credit Card,2025-02-20,4040.56,0.2391,,D,1225.63,Current,Active,17
2223,1736,Credit Card,2023-01-02,16391.04,0.1697,,B,3087.28,Current,Active,42
2224,1737,Personal Loan,2024-11-05,14162.62,0.0956,36.0,C,5742.48,Current,Active,20
2225,1740,Auto Loan,2025-12-01,25038.2,0.0614,36.0,A,20736.15,30-59 DPD,Active,7
2226,1740,Auto Loan,2025-10-20,16122.42,0.0905,48.0,A,12056.79,Current,Active,9
2227,1741,Mortgage,2025-05-02,433738.08,0.0643,180.0,D,361420.32,90+ DPD,Active,14
2228,1741,Auto Loan,2024-06-24,34178.26,0.0617,72.0,C,21486.32,Current,Active,25
2229,1743,Credit Card,2024-11-01,9716.5,0.1894,,A,5613.54,Current,Active,20
2230,1744,Credit Card,2025-05-05,14087.69,0.229,,D,7795.81,Current,Active,14
2231,1745,Credit Card,2022-03-07,12415.67,0.189,,B,6875.24,Current,Active,52
2232,1745,Credit Card,2025-09-24,12527.85,0.1977,,A,3951.73,Current,Active,10
2233,1746,Auto Loan,2022-05-01,36368.42,0.0676,72.0,B,11405.98,Current,Active,50
2234,1746,Mortgage,2023-09-02,434134.9,0.0648,240.0,C,361680.22,Current,Active,34
2235,1747,Personal Loan,2023-07-17,18713.39,0.1608,36.0,A,0.0,Current,Paid Off,36
2236,1748,Mortgage,2023-06-17,639222.48,0.0681,360.0,A,559127.1,Current,Active,37
2237,1749,Auto Loan,2024-03-17,38939.14,0.0553,60.0,B,18970.75,60-89 DPD,Active,28
2238,1750,Personal Loan,2026-04-25,10854.43,0.1451,48.0,D,9267.41,Current,Active,3
2239,1751,Auto Loan,2022-10-29,37940.6,0.1077,60.0,C,9179.01,Current,Active,45
2240,1751,Mortgage,2022-12-24,608193.06,0.0665,180.0,A,473813.7,Current,Active,43
2241,1751,Credit Card,2024-08-22,11956.29,0.1642,,B,4578.83,Current,Active,23
2242,1752,Auto Loan,2023-11-17,15819.88,0.0801,72.0,E,8090.09,Current,Active,32
2243,1753,Credit Card,2022-09-07,14855.22,0.1741,,B,9945.8,Current,Active,46
2244,1753,Credit Card,2024-03-18,14827.11,0.2452,,B,8833.44,Current,Active,28
2245,1754,Personal Loan,2025-10-26,20175.88,0.0949,36.0,A,14973.79,Current,Active,9
2246,1754,Personal Loan,2024-04-13,24858.51,0.146,36.0,A,5628.58,Current,Active,27
2247,1755,Personal Loan,2023-09-19,23946.24,0.1405,48.0,A,7254.23,Current,Active,34
2248,1756,Personal Loan,2023-06-15,3032.42,0.1575,36.0,A,0.0,Current,Paid Off,37
2249,1756,Credit Card,2024-04-24,2700.43,0.2499,,A,1426.08,Current,Active,27
2250,1757,Mortgage,2023-06-02,441170.88,0.0514,240.0,E,367559.74,30-59 DPD,Active,37
2251,1759,Auto Loan,2023-06-10,14211.02,0.0626,72.0,E,13301.24,90+ DPD,Charged Off,37
2252,1759,Auto Loan,2023-04-26,35944.93,0.0848,36.0,E,0.0,Current,Paid Off,39
2253,1760,Personal Loan,2026-04-29,15235.64,0.1556,24.0,B,13757.99,Current,Active,3
2254,1761,Auto Loan,2023-06-04,9471.73,0.0705,60.0,A,3536.06,Current,Active,37
2255,1761,Credit Card,2025-01-20,14010.38,0.1638,,A,9977.86,Current,Active,18
2256,1761,Personal Loan,2023-09-13,3147.44,0.1255,36.0,B,178.96,Current,Active,34
2257,1762,Personal Loan,2022-06-14,17442.08,0.1789,24.0,B,0.0,Current,Paid Off,49
2258,1763,Personal Loan,2024-06-28,11474.07,0.1162,48.0,E,4989.58,Current,Active,25
2259,1763,Auto Loan,2024-12-20,32541.86,0.1072,48.0,D,19753.21,Current,Active,19
2260,1763,Credit Card,2026-03-21,14689.72,0.2047,,D,3222.91,Current,Active,4
2261,1764,Auto Loan,2024-11-01,32007.42,0.1073,36.0,A,13183.9,Current,Active,20
2262,1766,Auto Loan,2022-04-03,30982.42,0.0888,72.0,A,8698.74,Current,Active,51
2263,1766,Personal Loan,2023-09-13,8839.35,0.1033,48.0,A,2512.29,Current,Active,34
2264,1766,Personal Loan,2022-05-23,18678.3,0.141,36.0,A,0.0,Current,Paid Off,50
2265,1767,Credit Card,2022-05-04,15040.9,0.2468,,C,11014.8,Current,Active,50
2266,1767,Auto Loan,2023-01-02,14418.1,0.0638,72.0,D,6071.85,Current,Active,42
2267,1768,Auto Loan,2024-06-12,23989.35,0.0871,36.0,D,14192.92,90+ DPD,Charged Off,25
2268,1770,Credit Card,2025-10-16,2146.29,0.2341,,A,795.24,Current,Active,9
2269,1771,Personal Loan,2025-10-26,16553.66,0.1442,24.0,D,8854.66,90+ DPD,Charged Off,9
2270,1772,Mortgage,2022-04-19,339147.7,0.0718,240.0,D,263882.73,Current,Active,51
2271,1772,Credit Card,2025-04-17,12663.37,0.2017,,C,1455.14,Current,Active,15
2272,1773,Credit Card,2025-08-04,5924.82,0.2504,,B,2802.83,60-89 DPD,Active,11
2273,1776,Credit Card,2026-04-15,9090.14,0.244,,B,4606.85,30-59 DPD,Active,3
2274,1776,Credit Card,2022-10-27,16397.98,0.2068,,D,13022.41,Current,Active,45
2275,1778,Credit Card,2024-09-08,14457.65,0.185,,C,9657.09,90+ DPD,Charged Off,22
2276,1778,Personal Loan,2024-07-09,11261.54,0.0907,24.0,C,0.0,Current,Paid Off,24
2277,1779,Credit Card,2023-01-01,16141.93,0.2271,,C,7240.78,Current,Active,42
2278,1781,Credit Card,2024-06-16,13237.8,0.2177,,C,9203.94,Current,Active,25
2279,1781,Mortgage,2026-04-07,293887.0,0.0706,180.0,B,280864.32,Current,Active,3
2280,1781,Mortgage,2024-11-17,312008.5,0.0597,360.0,A,283997.47,Current,Active,20
2281,1782,Mortgage,2024-01-08,243223.56,0.0618,360.0,C,216614.95,30-59 DPD,Active,30
2282,1783,Personal Loan,2024-08-01,20346.77,0.1034,36.0,D,6948.13,90+ DPD,Active,23
2283,1783,Mortgage,2022-02-08,237197.83,0.0694,360.0,C,210165.77,60-89 DPD,Active,53
2284,1784,Personal Loan,2023-09-23,9727.84,0.147,48.0,C,2916.13,Current,Active,34
2285,1784,Personal Loan,2022-05-17,10201.2,0.1638,48.0,A,0.0,Current,Paid Off,50
2286,1785,Credit Card,2024-02-14,7460.62,0.2459,,B,2203.51,30-59 DPD,Active,29
2287,1785,Credit Card,2024-12-17,5303.72,0.1829,,D,872.3,Current,Active,19
2288,1787,Personal Loan,2022-09-27,10093.95,0.0946,24.0,C,0.0,Current,Paid Off,46
2289,1789,Personal Loan,2024-07-26,14529.74,0.1523,24.0,B,0.0,Current,Paid Off,24
2290,1790,Auto Loan,2025-11-20,28539.81,0.0602,72.0,D,25623.66,Current,Active,8
2291,1791,Credit Card,2025-06-23,8538.16,0.2036,,E,5409.54,90+ DPD,Charged Off,13
2292,1791,Credit Card,2024-08-20,7061.26,0.2526,,B,2532.15,30-59 DPD,Active,23
2293,1791,Credit Card,2022-10-22,5883.22,0.1787,,B,3736.21,Current,Active,45
2294,1792,Auto Loan,2023-02-12,33289.77,0.0519,36.0,A,0.0,Current,Paid Off,41
2295,1793,Personal Loan,2023-11-20,15762.27,0.1788,24.0,A,0.0,Current,Paid Off,32
2296,1793,Personal Loan,2023-12-22,5491.53,0.1477,24.0,B,0.0,Current,Paid Off,31
2297,1793,Personal Loan,2025-11-05,3003.93,0.1217,48.0,B,2547.8,Current,Active,8
2298,1795,Auto Loan,2023-03-20,43734.77,0.0872,60.0,B,13302.57,Current,Active,40
2299,1796,Credit Card,2022-07-08,1019.18,0.1921,,C,680.45,30-59 DPD,Active,48
2300,1797,Mortgage,2024-03-29,405984.57,0.0733,360.0,B,339107.45,Current,Active,28
2301,1797,Credit Card,2022-01-04,10948.25,0.2429,,C,1495.89,60-89 DPD,Active,54
2302,1797,Personal Loan,2025-02-02,19175.35,0.145,48.0,B,12725.01,Current,Active,17
2303,1799,Credit Card,2025-01-26,7908.56,0.2547,,D,4659.96,90+ DPD,Charged Off,18
2304,1799,Credit Card,2022-08-17,10377.01,0.2352,,E,6120.91,Current,Active,47
2305,1799,Personal Loan,2023-03-01,8289.74,0.1575,36.0,C,0.0,Current,Paid Off,40
2306,1800,Mortgage,2022-04-15,531871.81,0.067,360.0,B,446662.03,Current,Active,51
2307,1800,Credit Card,2025-01-29,19988.34,0.2189,,B,9966.96,Current,Active,18
2308,1802,Credit Card,2023-02-11,15358.43,0.1981,,C,3444.46,Current,Active,41
2309,1802,Mortgage,2022-07-13,569348.2,0.0682,240.0,A,454883.9,Current,Active,48
2310,1803,Personal Loan,2025-07-10,11316.81,0.1693,24.0,B,5239.36,Current,Active,12
2311,1804,Auto Loan,2024-03-08,27714.12,0.0788,60.0,C,13681.62,30-59 DPD,Active,28
2312,1806,Auto Loan,2025-02-23,39177.37,0.1099,72.0,C,18181.12,90+ DPD,Charged Off,17
2313,1808,Auto Loan,2025-12-10,19568.28,0.0545,48.0,B,16075.04,Current,Active,7
2314,1808,Mortgage,2025-09-22,544249.98,0.057,240.0,B,536727.93,Current,Active,10
2315,1809,Personal Loan,2026-02-08,24252.15,0.1052,24.0,C,18479.24,30-59 DPD,Active,5
2316,1810,Credit Card,2025-06-12,4610.54,0.1639,,A,3199.67,Current,Active,13
2317,1812,Personal Loan,2023-12-29,15033.13,0.143,36.0,A,2090.98,Current,Active,31
2318,1812,Auto Loan,2025-05-06,14030.0,0.0605,48.0,D,9405.73,Current,Active,14
2319,1813,Personal Loan,2023-01-04,17310.28,0.132,24.0,A,0.0,Current,Paid Off,42
2320,1814,Credit Card,2024-11-19,13147.98,0.2365,,B,3429.26,Current,Active,20
2321,1814,Mortgage,2022-05-25,563762.5,0.046,180.0,C,405506.75,Current,Active,50
2322,1816,Credit Card,2024-02-10,18095.45,0.2118,,D,15023.82,Current,Active,29
2323,1818,Personal Loan,2023-01-13,15483.51,0.1538,48.0,B,7887.44,90+ DPD,Charged Off,42
2324,1821,Credit Card,2022-08-15,7873.26,0.1976,,B,5729.58,Current,Active,47
2325,1822,Personal Loan,2024-08-16,8901.64,0.1809,48.0,A,4633.15,Current,Active,23
2326,1822,Mortgage,2024-12-21,391112.6,0.0688,240.0,B,351718.18,Current,Active,19
2327,1823,Credit Card,2025-11-06,1922.87,0.1968,,A,1192.07,Current,Active,8
2328,1824,Mortgage,2022-04-28,504278.23,0.0455,360.0,D,411447.17,Current,Active,51
2329,1825,Mortgage,2023-04-12,555566.07,0.0534,180.0,B,444799.09,Current,Active,39
2330,1827,Mortgage,2025-07-03,419294.14,0.0458,180.0,B,384400.23,Current,Active,12
2331,1828,Credit Card,2022-09-06,8324.12,0.1674,,A,1682.44,Current,Active,46
2332,1830,Auto Loan,2024-02-15,23223.35,0.0566,48.0,A,9170.33,Current,Active,29
2333,1831,Personal Loan,2025-11-10,7111.53,0.1832,24.0,A,4360.36,Current,Active,8
2334,1832,Mortgage,2024-02-05,511030.01,0.0707,180.0,A,410142.51,Current,Active,29
2335,1832,Personal Loan,2023-11-26,4050.58,0.1637,36.0,A,405.85,Current,Active,32
2336,1833,Auto Loan,2022-10-02,24707.18,0.0693,72.0,C,9714.21,Current,Active,45
2337,1834,Personal Loan,2026-01-11,22049.18,0.1455,36.0,C,16930.95,Current,Active,6
2338,1836,Personal Loan,2024-11-30,23766.1,0.1594,24.0,A,3905.02,Current,Active,20
2339,1837,Auto Loan,2025-07-27,33949.56,0.0717,48.0,A,26463.63,Current,Active,12
2340,1837,Credit Card,2022-05-21,12887.32,0.2558,,A,5520.37,Current,Active,50
2341,1838,Auto Loan,2024-02-10,36161.38,0.082,48.0,C,29348.95,90+ DPD,Charged Off,29
2342,1840,Credit Card,2026-02-16,12283.0,0.1723,,C,1488.36,Current,Active,5
2343,1840,Personal Loan,2025-07-18,21326.38,0.1459,48.0,C,15987.49,30-59 DPD,Active,12
2344,1841,Credit Card,2024-01-01,12929.95,0.2166,,D,10584.8,Current,Active,30
2345,1842,Credit Card,2026-02-19,1160.48,0.1872,,C,726.46,Current,Active,5
2346,1842,Auto Loan,2025-05-23,17180.56,0.0973,36.0,C,9795.86,Current,Active,14
2347,1843,Credit Card,2025-01-16,17542.64,0.2354,,D,5487.31,Current,Active,18
2348,1843,Personal Loan,2025-05-02,3279.28,0.1097,36.0,B,1874.96,Current,Active,14
2349,1844,Credit Card,2025-09-08,17102.69,0.2539,,C,5584.47,Current,Active,10
2350,1846,Credit Card,2024-10-21,1688.22,0.1739,,C,571.32,Current,Active,21
2351,1846,Auto Loan,2025-06-03,12351.41,0.0541,48.0,A,8783.54,Current,Active,13
2352,1847,Mortgage,2023-06-21,411835.12,0.0684,240.0,B,331052.62,Current,Active,37
2353,1847,Personal Loan,2025-05-21,22106.52,0.1738,24.0,A,8575.65,Current,Active,14
2354,1848,Personal Loan,2023-01-19,24336.73,0.0945,24.0,B,0.0,Current,Paid Off,42
2355,1849,Personal Loan,2025-10-06,16154.78,0.1051,24.0,A,10441.85,Current,Active,9
2356,1850,Personal Loan,2023-07-02,22392.33,0.1026,24.0,A,0.0,Current,Paid Off,36
2357,1851,Credit Card,2023-05-24,5474.74,0.1779,,B,4410.5,Current,Active,38
2358,1851,Mortgage,2022-05-04,534100.72,0.0607,360.0,A,429731.07,Current,Active,50
2359,1851,Personal Loan,2024-03-06,23238.39,0.1686,48.0,C,9041.97,Current,Active,28
2360,1853,Credit Card,2024-07-17,9424.37,0.2046,,D,3804.47,Current,Active,24
2361,1854,Auto Loan,2023-11-05,25117.33,0.1053,60.0,D,11544.71,Current,Active,32
2362,1854,Personal Loan,2022-02-27,12454.26,0.135,48.0,B,0.0,Current,Paid Off,53
2363,1855,Mortgage,2023-05-25,288416.41,0.0503,360.0,B,251203.99,Current,Active,38
2364,1856,Personal Loan,2022-07-23,19354.27,0.1385,24.0,C,0.0,Current,Paid Off,48
2365,1856,Credit Card,2026-03-10,7729.8,0.1722,,A,2251.91,Current,Active,4
2366,1856,Personal Loan,2025-01-09,6604.83,0.1538,48.0,B,3779.09,Current,Active,18
2367,1857,Credit Card,2022-08-05,12971.87,0.1657,,A,10170.54,Current,Active,47
2368,1858,Credit Card,2023-09-15,18288.2,0.2411,,B,14336.5,Current,Active,34
2369,1859,Auto Loan,2025-07-27,18423.5,0.0817,60.0,C,13840.21,Current,Active,12
2370,1860,Auto Loan,2023-11-04,17454.74,0.0943,60.0,C,8305.79,30-59 DPD,Active,32
2371,1860,Auto Loan,2026-03-19,42079.56,0.104,36.0,C,37298.5,Current,Active,4
2372,1860,Auto Loan,2023-11-27,16420.03,0.0706,48.0,C,5313.46,Current,Active,32
2373,1861,Auto Loan,2024-03-18,14508.16,0.0656,60.0,C,8041.47,Current,Active,28
2374,1864,Mortgage,2022-09-25,431832.91,0.0469,240.0,B,221104.36,90+ DPD,Charged Off,46
2375,1864,Personal Loan,2023-09-03,22286.68,0.1299,48.0,B,5991.87,60-89 DPD,Active,34
2376,1865,Credit Card,2025-10-31,7423.93,0.2315,,B,6260.28,Current,Active,9
2377,1866,Mortgage,2025-12-01,411528.09,0.073,180.0,B,409498.43,30-59 DPD,Active,7
2378,1866,Personal Loan,2023-01-17,22320.98,0.1121,48.0,C,2905.82,Current,Active,42
2379,1866,Credit Card,2026-01-28,17461.48,0.2294,,A,14600.08,Current,Active,6
2380,1867,Credit Card,2024-04-03,8454.11,0.1806,,A,4384.19,Current,Active,27
2381,1867,Auto Loan,2024-04-14,23054.6,0.0986,36.0,B,5207.46,Current,Active,27
2382,1868,Credit Card,2022-05-09,16113.61,0.2554,,B,7045.12,Current,Active,50
2383,1868,Auto Loan,2022-02-12,17032.11,0.0789,60.0,B,2030.5,Current,Active,53
2384,1869,Auto Loan,2023-03-16,26333.27,0.086,60.0,A,8754.52,Current,Active,40
2385,1870,Credit Card,2022-03-14,9608.0,0.1892,,B,4018.45,Current,Active,52
2386,1871,Auto Loan,2022-12-18,29703.27,0.0927,72.0,B,11513.22,Current,Active,43
2387,1871,Mortgage,2022-03-04,419858.15,0.0504,180.0,D,297229.4,Current,Active,52
2388,1872,Credit Card,2024-04-27,15482.53,0.2455,,B,2767.3,Current,Active,27
2389,1872,Auto Loan,2024-11-09,16436.0,0.0742,36.0,C,7129.73,Current,Active,20
2390,1874,Credit Card,2025-03-01,19758.66,0.2596,,C,14342.1,Current,Active,16
2391,1874,Personal Loan,2025-12-06,8203.88,0.1647,36.0,E,6445.19,90+ DPD,Active,7
2392,1875,Personal Loan,2024-03-26,24828.74,0.1631,24.0,A,0.0,Current,Paid Off,28
2393,1876,Auto Loan,2023-01-10,9008.79,0.0986,72.0,B,3703.75,Current,Active,42
2394,1877,Mortgage,2022-01-18,483934.2,0.0676,360.0,A,424823.54,Current,Active,54
2395,1877,Credit Card,2022-01-28,8592.58,0.2538,,B,3134.94,Current,Active,54
2396,1879,Personal Loan,2024-12-10,19570.19,0.1009,36.0,C,8824.57,30-59 DPD,Active,19
2397,1879,Personal Loan,2024-07-24,18127.08,0.1263,48.0,C,8961.69,Current,Active,24
2398,1880,Credit Card,2022-07-12,11820.55,0.2305,,D,3375.83,Current,Active,48
2399,1880,Auto Loan,2026-04-13,27819.74,0.0983,60.0,C,24276.61,Current,Active,3
2400,1880,Mortgage,2025-09-23,447088.04,0.0709,360.0,C,440553.79,Current,Active,10
2401,1881,Auto Loan,2023-05-14,33750.03,0.0827,36.0,C,0.0,Current,Paid Off,38
2402,1881,Credit Card,2025-08-01,10038.18,0.2516,,D,6149.75,Current,Active,11
2403,1881,Personal Loan,2026-05-03,3328.91,0.1468,24.0,E,2731.42,90+ DPD,Charged Off,2
2404,1882,Personal Loan,2024-10-29,14538.89,0.1068,24.0,A,1871.05,Current,Active,21
2405,1882,Credit Card,2022-05-30,14433.36,0.2103,,A,10843.41,Current,Active,50
2406,1883,Personal Loan,2025-08-14,24588.21,0.1579,36.0,D,16673.26,Current,Active,11
2407,1886,Credit Card,2023-02-12,18874.53,0.2103,,E,7269.47,30-59 DPD,Active,41
2408,1888,Personal Loan,2022-06-17,21564.79,0.1022,24.0,D,0.0,Current,Paid Off,49
2409,1888,Auto Loan,2025-11-25,18728.3,0.0826,36.0,B,14795.62,60-89 DPD,Active,8
2410,1889,Credit Card,2023-01-27,16438.16,0.2406,,E,9004.65,60-89 DPD,Active,42
2411,1889,Mortgage,2023-01-27,408822.96,0.0505,180.0,B,324453.3,Current,Active,42
2412,1891,Auto Loan,2022-06-16,15423.99,0.0533,60.0,E,2800.07,30-59 DPD,Active,49
2413,1891,Auto Loan,2024-11-16,19966.11,0.0663,60.0,D,13205.68,Current,Active,20
2414,1891,Personal Loan,2024-06-06,3895.4,0.118,48.0,C,3287.32,90+ DPD,Charged Off,25
2415,1892,Personal Loan,2022-01-10,12723.26,0.1028,24.0,C,0.0,Current,Paid Off,54
2416,1892,Personal Loan,2025-05-01,20372.47,0.1624,24.0,D,14793.29,90+ DPD,Charged Off,14
2417,1893,Auto Loan,2025-10-18,12528.42,0.0941,72.0,C,10087.52,30-59 DPD,Active,9
2418,1894,Personal Loan,2022-01-17,21156.86,0.1751,24.0,B,0.0,Current,Paid Off,54
2419,1895,Credit Card,2025-04-13,5549.87,0.2201,,C,3678.96,90+ DPD,Charged Off,15
2420,1895,Credit Card,2024-05-05,15747.24,0.1917,,C,2593.25,Current,Active,26
2421,1896,Credit Card,2023-10-04,1830.5,0.2265,,A,418.28,Current,Active,33
2422,1897,Auto Loan,2025-10-17,11769.61,0.1055,36.0,B,8513.55,Current,Active,9
2423,1898,Mortgage,2022-08-20,359296.85,0.0663,360.0,C,298741.99,Current,Active,47
2424,1899,Auto Loan,2024-07-26,30590.18,0.0856,72.0,A,20931.78,Current,Active,24
2425,1900,Auto Loan,2024-04-01,30391.2,0.0942,72.0,E,11234.25,90+ DPD,Charged Off,27
2426,1901,Mortgage,2026-02-24,144298.74,0.0669,360.0,B,139918.49,Current,Active,5
2427,1901,Personal Loan,2025-04-06,24744.64,0.1885,36.0,B,15080.55,Current,Active,15
2428,1902,Auto Loan,2022-02-01,35333.66,0.1049,48.0,A,0.0,Current,Paid Off,53
2429,1902,Personal Loan,2025-05-27,4275.5,0.1028,36.0,A,2566.72,Current,Active,14
2430,1903,Personal Loan,2026-02-16,10427.2,0.1344,36.0,A,8324.01,Current,Active,5
2431,1903,Credit Card,2023-11-11,19670.12,0.223,,B,3114.22,Current,Active,32
2432,1904,Credit Card,2024-09-12,19875.12,0.2216,,B,16525.19,60-89 DPD,Active,22
2433,1904,Auto Loan,2022-12-21,33002.92,0.0733,60.0,C,9059.62,Current,Active,43
2434,1905,Mortgage,2025-06-30,611870.9,0.0474,240.0,A,531549.39,Current,Active,13
2435,1906,Auto Loan,2023-06-20,18763.11,0.1075,48.0,B,4258.35,Current,Active,37
2436,1908,Credit Card,2022-09-28,13790.16,0.2451,,C,1816.58,Current,Active,46
2437,1908,Mortgage,2025-06-23,144316.25,0.0469,180.0,B,125857.03,Current,Active,13
2438,1909,Personal Loan,2023-07-10,13511.41,0.1592,48.0,A,4863.24,90+ DPD,Charged Off,36
2439,1909,Auto Loan,2025-04-28,40947.67,0.0667,72.0,A,32798.39,Current,Active,15
2440,1909,Credit Card,2025-09-29,19868.04,0.168,,A,2314.37,Current,Active,10
2441,1910,Personal Loan,2022-09-07,21189.66,0.1641,36.0,D,0.0,Current,Paid Off,46
2442,1910,Personal Loan,2023-11-16,8784.54,0.1268,24.0,B,0.0,Current,Paid Off,32
2443,1911,Auto Loan,2026-05-08,25165.33,0.0845,60.0,C,23404.64,30-59 DPD,Active,2
2444,1912,Personal Loan,2024-02-19,12327.5,0.1084,24.0,C,0.0,Current,Paid Off,29
2445,1914,Credit Card,2023-02-02,9240.01,0.2185,,A,7631.67,Current,Active,41
2446,1914,Auto Loan,2023-06-02,26731.57,0.0968,72.0,A,12206.68,Current,Active,37
2447,1915,Mortgage,2025-04-11,507834.39,0.0581,180.0,B,437998.4,30-59 DPD,Active,15
2448,1915,Personal Loan,2023-10-19,12996.91,0.1235,24.0,C,0.0,Current,Paid Off,33
2449,1915,Personal Loan,2025-10-16,14746.05,0.1363,36.0,A,10957.95,Current,Active,9
2450,1916,Personal Loan,2024-05-01,21355.86,0.1525,24.0,C,0.0,Current,Paid Off,26
2451,1917,Credit Card,2023-10-04,2918.02,0.1656,,C,1069.51,90+ DPD,Charged Off,33
2452,1918,Personal Loan,2022-05-31,13620.77,0.0906,48.0,C,0.0,Current,Paid Off,50
2453,1919,Mortgage,2026-02-15,161817.26,0.0572,360.0,A,145036.2,Current,Active,5
2454,1920,Mortgage,2024-05-31,262348.63,0.0563,180.0,A,231711.4,Current,Active,26
2455,1920,Personal Loan,2026-02-15,10079.5,0.1451,24.0,B,7765.38,Current,Active,5
2456,1921,Personal Loan,2024-06-23,13264.76,0.1261,36.0,C,3955.58,Current,Active,25
2457,1922,Personal Loan,2023-01-07,22471.14,0.0981,36.0,C,0.0,Current,Paid Off,42
2458,1922,Credit Card,2025-09-14,18347.07,0.1808,,B,12233.31,Current,Active,10
2459,1924,Credit Card,2023-08-03,14332.33,0.252,,A,11577.82,Current,Active,35
2460,1926,Auto Loan,2023-01-31,35474.32,0.098,36.0,D,0.0,Current,Paid Off,42
2461,1927,Auto Loan,2024-05-23,33674.19,0.1012,72.0,A,21833.89,Current,Active,26
2462,1927,Credit Card,2022-02-26,13169.15,0.1682,,A,7074.42,Current,Active,53
2463,1928,Personal Loan,2024-05-26,7674.39,0.1067,36.0,D,2089.05,Current,Active,26
2464,1928,Auto Loan,2022-06-15,10466.51,0.0509,36.0,A,0.0,Current,Paid Off,49
2465,1929,Auto Loan,2024-12-17,41033.82,0.0526,60.0,C,29094.59,30-59 DPD,Active,19
2466,1938,Personal Loan,2024-07-14,22662.38,0.1252,36.0,B,6936.96,Current,Active,24
2467,1939,Personal Loan,2024-03-30,19895.71,0.1466,24.0,C,0.0,Current,Paid Off,28
2468,1941,Auto Loan,2022-04-11,33413.05,0.0686,72.0,B,8818.73,90+ DPD,Active,51
2469,1942,Mortgage,2023-06-20,532943.22,0.0627,360.0,B,468449.07,Current,Active,37
2470,1942,Credit Card,2024-09-10,5170.21,0.1729,,B,2901.65,Current,Active,22
2471,1944,Personal Loan,2022-10-07,18930.95,0.119,48.0,D,1128.04,Current,Active,45
2472,1945,Auto Loan,2022-09-16,40321.01,0.0906,36.0,C,0.0,Current,Paid Off,46
2473,1946,Credit Card,2023-05-02,6846.81,0.2584,,B,3988.95,Current,Active,38
2474,1947,Personal Loan,2026-01-09,21639.76,0.1704,48.0,C,19253.89,Current,Active,6
2475,1947,Auto Loan,2022-03-20,39859.09,0.1029,48.0,E,0.0,Current,Paid Off,52
2476,1948,Auto Loan,2023-02-14,34656.78,0.0884,48.0,C,4605.58,Current,Active,41
2477,1949,Mortgage,2024-10-19,368585.24,0.0536,180.0,A,301149.4,Current,Active,21
2478,1949,Personal Loan,2022-09-07,7196.09,0.1221,24.0,D,0.0,Current,Paid Off,46
2479,1949,Personal Loan,2025-02-06,14267.57,0.1734,48.0,E,5779.63,90+ DPD,Charged Off,17
2480,1950,Auto Loan,2026-02-26,21561.96,0.0754,36.0,B,19131.22,Current,Active,5
2481,1951,Personal Loan,2024-01-10,8304.01,0.1467,36.0,C,1313.09,30-59 DPD,Active,30
2482,1951,Auto Loan,2024-03-03,31514.3,0.0951,48.0,C,23854.34,90+ DPD,Charged Off,28
2483,1951,Auto Loan,2022-01-27,19159.46,0.0603,36.0,C,0.0,Current,Paid Off,54
2484,1952,Personal Loan,2023-08-01,21953.41,0.1382,24.0,B,0.0,Current,Paid Off,35
2485,1954,Auto Loan,2022-03-10,22915.74,0.0869,72.0,B,5926.19,Current,Active,52
2486,1954,Personal Loan,2025-11-14,17965.79,0.1158,48.0,B,14938.16,Current,Active,8
2487,1954,Personal Loan,2024-05-08,19777.21,0.0947,24.0,B,0.0,Current,Paid Off,26
2488,1956,Mortgage,2023-05-12,390389.51,0.0591,240.0,B,308812.82,Current,Active,38
2489,1957,Personal Loan,2024-10-20,14089.85,0.1643,36.0,C,5427.32,Current,Active,21
2490,1957,Credit Card,2025-06-06,18345.59,0.2458,,D,11059.11,Current,Active,13
2491,1958,Personal Loan,2022-09-29,24961.34,0.1279,36.0,B,0.0,Current,Paid Off,46
2492,1959,Credit Card,2025-04-01,5122.42,0.2458,,C,3870.6,Current,Active,15
2493,1960,Mortgage,2023-02-09,589781.86,0.0682,240.0,C,356979.59,90+ DPD,Charged Off,41
2494,1961,Auto Loan,2026-04-29,26224.75,0.0521,72.0,C,10716.78,90+ DPD,Charged Off,3
2495,1962,Credit Card,2024-12-17,11811.12,0.2147,,C,7995.05,90+ DPD,Charged Off,19
2496,1962,Personal Loan,2023-04-03,19458.96,0.1162,36.0,D,0.0,Current,Paid Off,39
2497,1963,Credit Card,2026-02-14,9858.05,0.2412,,C,4010.42,Current,Active,5
2498,1963,Auto Loan,2024-09-18,22735.07,0.086,60.0,A,14095.79,Current,Active,22
2499,1963,Auto Loan,2023-09-20,25068.85,0.0699,36.0,D,1434.53,Current,Active,34
2500,1964,Auto Loan,2022-04-21,12822.87,0.093,36.0,B,0.0,Current,Paid Off,51
2501,1964,Credit Card,2025-11-18,12565.56,0.1681,,B,7329.3,Current,Active,8
2502,1965,Personal Loan,2024-08-12,18247.41,0.1849,48.0,B,9314.37,Current,Active,23
2503,1965,Mortgage,2022-07-16,313032.68,0.0522,180.0,A,236230.31,Current,Active,48
2504,1966,Credit Card,2026-03-14,4155.88,0.1869,,E,3334.11,Current,Active,4
2505,1966,Credit Card,2025-02-08,14702.84,0.2394,,C,2525.67,Current,Active,17
2506,1967,Mortgage,2024-04-26,523085.2,0.073,360.0,B,467445.04,Current,Active,27
2507,1967,Personal Loan,2024-04-05,7908.05,0.0901,36.0,B,1860.6,Current,Active,27
2508,1969,Personal Loan,2026-01-29,12128.87,0.0947,48.0,D,10289.83,30-59 DPD,Active,6
2509,1972,Personal Loan,2024-12-12,22734.2,0.167,24.0,C,4677.79,Current,Active,19
2510,1972,Personal Loan,2023-07-11,23362.83,0.1394,48.0,C,5805.97,Current,Active,36
2511,1973,Personal Loan,2025-03-26,9919.6,0.1296,48.0,B,6380.27,Current,Active,16
2512,1974,Mortgage,2025-04-10,229928.61,0.0539,360.0,D,168710.25,90+ DPD,Charged Off,15
2513,1974,Personal Loan,2024-09-04,3904.9,0.1108,48.0,B,2009.98,Current,Active,22
2514,1975,Credit Card,2026-05-03,4924.33,0.2364,,C,1549.37,Current,Active,2
2515,1976,Personal Loan,2022-05-23,14949.95,0.1076,36.0,D,0.0,Current,Paid Off,50
2516,1976,Personal Loan,2022-01-27,18566.9,0.1034,24.0,C,0.0,Current,Paid Off,54
2517,1977,Credit Card,2022-09-14,16901.63,0.2333,,B,5912.77,Current,Active,46
2518,1979,Mortgage,2025-03-09,227539.11,0.053,360.0,C,106210.81,90+ DPD,Charged Off,16
2519,1980,Personal Loan,2026-01-30,10837.44,0.1536,36.0,A,9304.08,Current,Active,6
2520,1982,Personal Loan,2025-04-06,7453.94,0.1655,36.0,B,4020.05,Current,Active,15
2521,1985,Personal Loan,2025-10-06,9659.46,0.1755,36.0,A,6522.14,Current,Active,9
2522,1986,Mortgage,2026-03-21,542432.11,0.055,360.0,A,521034.99,Current,Active,4
2523,1987,Mortgage,2022-10-07,387312.34,0.0575,240.0,B,308733.24,Current,Active,45
2524,1988,Credit Card,2022-02-21,4363.78,0.2094,,E,3669.15,Current,Active,53
2525,1988,Auto Loan,2023-05-16,27180.22,0.0679,72.0,B,12617.93,Current,Active,38
2526,1988,Auto Loan,2022-07-26,26773.44,0.0585,36.0,B,0.0,Current,Paid Off,48
2527,1989,Credit Card,2023-02-26,11147.02,0.1866,,D,5229.35,Current,Active,41
2528,1990,Credit Card,2025-06-19,2859.67,0.2062,,E,2320.27,90+ DPD,Charged Off,13
2529,1990,Auto Loan,2022-05-09,23451.29,0.065,72.0,E,7482.07,Current,Active,50
2530,1990,Mortgage,2023-10-13,311450.86,0.07,360.0,D,266065.41,60-89 DPD,Active,33
2531,1991,Credit Card,2024-08-01,14724.35,0.243,,A,2344.06,Current,Active,23
2532,1991,Personal Loan,2024-07-08,16666.73,0.141,36.0,B,5736.06,Current,Active,24
2533,1992,Credit Card,2026-03-09,18868.58,0.2461,,A,8285.5,Current,Active,4
2534,1992,Auto Loan,2025-06-11,23746.24,0.1061,72.0,A,18348.64,Current,Active,13
2535,1994,Auto Loan,2023-01-22,27796.0,0.0597,48.0,A,3254.18,30-59 DPD,Active,42
2536,1994,Auto Loan,2025-10-17,34377.61,0.0813,48.0,A,28639.86,Current,Active,9
2537,1995,Credit Card,2025-03-28,11802.15,0.2064,,B,5588.9,Current,Active,16
2538,1996,Auto Loan,2025-08-11,20854.55,0.0731,36.0,A,13099.47,30-59 DPD,Active,11
2539,1997,Credit Card,2024-02-10,8152.71,0.169,,B,5975.82,Current,Active,29
2540,1998,Auto Loan,2026-01-31,27446.12,0.1017,60.0,A,23540.84,Current,Active,6
2541,2000,Credit Card,2022-09-03,5450.83,0.1826,,A,4435.56,Current,Active,46
2542,2001,Mortgage,2025-07-28,369408.18,0.0602,240.0,A,364771.81,Current,Active,12
2543,2001,Auto Loan,2024-06-17,17635.95,0.0871,72.0,B,11110.92,Current,Active,25
2544,2002,Auto Loan,2023-09-01,25886.39,0.0508,72.0,A,13489.52,Current,Active,34
2545,2003,Credit Card,2024-10-08,9953.93,0.2133,,B,7826.95,Current,Active,21
2546,2003,Personal Loan,2023-09-12,6661.69,0.0961,36.0,B,382.73,Current,Active,34
2547,2004,Credit Card,2022-10-06,4824.06,0.245,,B,505.38,Current,Active,45
2548,2004,Auto Loan,2024-12-23,18996.49,0.0995,60.0,B,13263.26,Current,Active,19
2549,2005,Mortgage,2026-03-24,237214.75,0.0601,180.0,D,237391.61,Current,Active,4
2550,2005,Mortgage,2025-05-02,352482.92,0.0658,180.0,B,325466.26,Current,Active,14
2551,2006,Auto Loan,2026-03-14,32927.93,0.1097,48.0,B,27475.49,Current,Active,4
2552,2007,Auto Loan,2022-09-26,43685.35,0.0722,72.0,B,14614.32,Current,Active,46
2553,2008,Personal Loan,2024-02-10,24399.32,0.1002,36.0,B,4448.38,Current,Active,29
2554,2009,Credit Card,2026-03-09,13298.12,0.2088,,C,2817.25,Current,Active,4
2555,2009,Personal Loan,2022-10-01,15941.38,0.1463,48.0,A,912.21,Current,Active,45
2556,2009,Credit Card,2023-05-12,12326.77,0.2502,,D,6779.54,Current,Active,38
2557,2011,Auto Loan,2022-10-02,37954.94,0.0751,36.0,A,0.0,Current,Paid Off,45
2558,2013,Auto Loan,2022-02-07,14925.19,0.0804,60.0,C,1659.84,Current,Active,53
2559,2014,Credit Card,2025-09-17,18362.76,0.2379,,A,4143.86,Current,Active,10
2560,2014,Personal Loan,2022-12-27,3106.82,0.1027,24.0,A,0.0,Current,Paid Off,43
2561,2015,Credit Card,2023-11-19,9819.41,0.2592,,E,1796.23,Current,Active,32
2562,2016,Credit Card,2024-09-03,11862.59,0.2411,,A,1869.56,Current,Active,22
2563,2017,Personal Loan,2024-09-27,17194.67,0.1842,48.0,C,8993.64,Current,Active,22
2564,2018,Mortgage,2026-01-05,560268.56,0.0451,240.0,E,501259.63,Current,Active,6
2565,2018,Personal Loan,2022-09-12,21665.9,0.1219,24.0,E,0.0,Current,Paid Off,46
2566,2020,Personal Loan,2023-11-16,3535.87,0.1447,36.0,D,2412.3,90+ DPD,Charged Off,32
2567,2021,Personal Loan,2022-12-01,20917.78,0.1364,48.0,A,2186.29,Current,Active,43
2568,2022,Credit Card,2022-03-15,2269.72,0.2063,,A,1370.32,Current,Active,52
2569,2022,Personal Loan,2025-02-26,13884.8,0.1308,24.0,E,3738.06,90+ DPD,Active,17
2570,2022,Auto Loan,2024-10-24,39703.64,0.0639,72.0,C,25495.18,Current,Active,21
2571,2023,Auto Loan,2025-05-22,16839.95,0.0539,72.0,B,12634.66,Current,Active,14
2572,2025,Auto Loan,2022-01-12,13696.72,0.095,36.0,A,0.0,Current,Paid Off,54
2573,2025,Personal Loan,2025-07-30,18319.28,0.1556,48.0,C,12687.86,Current,Active,12
2574,2025,Personal Loan,2024-09-18,21784.91,0.0946,36.0,A,8113.83,Current,Active,22
2575,2026,Credit Card,2024-04-13,4449.95,0.225,,B,2844.36,Current,Active,27
2576,2026,Mortgage,2024-07-19,274275.1,0.0458,240.0,A,240534.03,Current,Active,24
2577,2027,Mortgage,2023-08-06,393646.03,0.0479,360.0,C,329517.36,30-59 DPD,Active,35
2578,2028,Personal Loan,2025-11-12,11483.58,0.1808,36.0,A,8997.07,Current,Active,8
2579,2029,Credit Card,2023-08-25,17241.95,0.1711,,B,14625.59,Current,Active,35
2580,2030,Personal Loan,2024-02-26,13092.96,0.1153,24.0,D,0.0,Current,Paid Off,29
2581,2031,Credit Card,2026-03-04,4430.56,0.237,,C,3687.44,30-59 DPD,Active,4
2582,2032,Personal Loan,2024-08-18,16069.19,0.1347,24.0,C,787.96,Current,Active,23
2583,2032,Personal Loan,2025-11-05,22734.91,0.1291,36.0,C,18278.47,Current,Active,8
2584,2033,Credit Card,2026-03-10,19563.69,0.2195,,A,2423.93,Current,Active,4
2585,2036,Personal Loan,2024-05-20,21513.55,0.1752,48.0,C,9976.45,30-59 DPD,Active,26
2586,2037,Personal Loan,2022-05-11,19992.02,0.0958,36.0,E,0.0,Current,Paid Off,50
2587,2037,Credit Card,2025-06-29,4245.1,0.2021,,D,1491.57,Current,Active,13
2588,2038,Mortgage,2023-08-07,343561.51,0.0507,180.0,C,276407.55,Current,Active,35
2589,2039,Auto Loan,2024-01-02,41365.15,0.093,36.0,B,6617.56,Current,Active,30
2590,2040,Auto Loan,2024-05-06,42160.08,0.0856,60.0,A,23695.65,Current,Active,26
2591,2040,Credit Card,2022-09-25,7702.75,0.1857,,A,1686.22,Current,Active,46
2592,2041,Personal Loan,2024-06-02,17068.38,0.1744,24.0,B,0.0,Current,Paid Off,25
2593,2041,Credit Card,2025-09-13,14688.85,0.1647,,B,10481.9,Current,Active,10
2594,2041,Credit Card,2024-11-05,14093.12,0.2497,,A,4048.09,Current,Active,20
2595,2042,Credit Card,2025-06-05,10006.08,0.2268,,C,5475.69,60-89 DPD,Active,13
2596,2042,Personal Loan,2024-01-17,22707.44,0.1891,24.0,C,0.0,Current,Paid Off,30
2597,2043,Auto Loan,2025-01-14,12761.5,0.0889,60.0,E,8488.06,90+ DPD,Charged Off,18
2598,2044,Auto Loan,2024-02-13,36364.83,0.0599,72.0,B,19742.19,Current,Active,29
2599,2044,Personal Loan,2024-12-17,11606.77,0.1364,48.0,C,7205.94,Current,Active,19
2600,2045,Credit Card,2025-03-20,8635.38,0.1861,,A,6097.79,Current,Active,16
2601,2046,Credit Card,2024-07-23,14879.59,0.1993,,B,2176.96,Current,Active,24
2602,2047,Credit Card,2022-07-03,19616.22,0.1629,,E,9632.74,90+ DPD,Charged Off,48
2603,2048,Credit Card,2022-09-03,12088.13,0.1688,,C,7131.94,Current,Active,46
2604,2048,Auto Loan,2023-04-12,21683.45,0.0992,60.0,C,6962.0,Current,Active,39
2605,2051,Personal Loan,2026-02-25,10442.35,0.131,36.0,C,8974.18,30-59 DPD,Active,5
2606,2051,Personal Loan,2024-08-20,9324.61,0.1132,48.0,C,4395.79,Current,Active,23
2607,2052,Auto Loan,2023-10-09,44306.07,0.0945,72.0,A,22646.34,Current,Active,33
2608,2052,Auto Loan,2025-10-05,23729.43,0.0503,72.0,B,20739.19,Current,Active,9
2609,2052,Personal Loan,2026-05-29,8804.16,0.1033,48.0,B,7761.26,Current,Active,2
2610,2053,Personal Loan,2026-03-22,14590.22,0.1582,48.0,B,12451.72,Current,Active,4
2611,2055,Personal Loan,2023-02-13,20929.64,0.1229,24.0,B,0.0,Current,Paid Off,41
2612,2055,Personal Loan,2026-03-16,24187.83,0.1174,36.0,A,20824.92,Current,Active,4
2613,2055,Mortgage,2023-07-30,375409.34,0.0691,360.0,A,345194.34,Current,Active,36
2614,2056,Credit Card,2025-11-19,2729.08,0.1782,,A,2179.39,90+ DPD,Charged Off,8
2615,2057,Credit Card,2022-01-31,14356.95,0.2283,,D,7372.79,Current,Active,54
2616,2058,Auto Loan,2023-10-22,19477.45,0.1069,48.0,A,6074.45,Current,Active,33
2617,2059,Auto Loan,2024-01-06,23362.13,0.0859,72.0,D,10965.61,90+ DPD,Charged Off,30
2618,2059,Credit Card,2024-01-31,1884.79,0.2567,,C,588.74,Current,Active,30
2619,2060,Credit Card,2023-07-12,5509.85,0.1766,,B,3868.94,Current,Active,36
2620,2061,Personal Loan,2023-08-18,17515.89,0.1875,48.0,B,4742.9,Current,Active,35
2621,2061,Personal Loan,2025-06-27,11302.08,0.1321,36.0,B,6526.22,Current,Active,13
2622,2061,Auto Loan,2022-07-03,32645.03,0.0857,36.0,A,0.0,Current,Paid Off,48
2623,2063,Personal Loan,2023-02-26,19802.92,0.1067,36.0,B,0.0,Current,Paid Off,41
2624,2063,Personal Loan,2025-11-27,19570.46,0.1089,36.0,D,15028.89,Current,Active,8
2625,2064,Credit Card,2022-12-12,13380.65,0.2508,,C,4439.14,Current,Active,43
2626,2067,Credit Card,2025-02-08,13551.72,0.1839,,C,8265.14,Current,Active,17
2627,2067,Mortgage,2026-01-02,230942.71,0.0529,180.0,E,214371.26,Current,Active,6
2628,2068,Auto Loan,2025-12-10,15721.28,0.0764,36.0,C,12713.11,Current,Active,7
2629,2068,Personal Loan,2025-02-06,9163.19,0.0939,48.0,D,5581.14,Current,Active,17
2630,2068,Personal Loan,2024-09-12,12519.38,0.1848,36.0,E,4568.68,Current,Active,22
2631,2069,Auto Loan,2025-05-18,21516.68,0.0881,36.0,A,13106.19,Current,Active,14
2632,2070,Personal Loan,2025-04-23,3811.47,0.1114,36.0,D,2149.38,Current,Active,15
2633,2072,Auto Loan,2022-11-21,38691.09,0.055,48.0,A,3125.62,Current,Active,44
2634,2073,Personal Loan,2025-12-10,9582.01,0.1683,36.0,A,7339.57,Current,Active,7
2635,2074,Personal Loan,2023-08-05,15941.99,0.1581,48.0,B,4098.2,Current,Active,35
2636,2074,Mortgage,2024-04-24,223057.77,0.055,240.0,C,204357.92,Current,Active,27
2637,2075,Auto Loan,2024-05-12,10836.75,0.0576,36.0,C,2919.99,60-89 DPD,Active,26
2638,2075,Personal Loan,2025-07-14,12636.12,0.159,36.0,A,8264.02,Current,Active,12
2639,2077,Credit Card,2024-08-03,9514.22,0.1786,,A,6768.17,Current,Active,23
2640,2079,Auto Loan,2023-06-28,22983.97,0.077,48.0,C,5287.76,Current,Active,37
2641,2080,Auto Loan,2024-07-05,44516.01,0.0976,48.0,E,20266.0,Current,Active,24
2642,2080,Auto Loan,2026-04-15,42124.64,0.0819,36.0,B,39082.18,30-59 DPD,Active,3
2643,2082,Mortgage,2025-07-08,223995.08,0.0488,240.0,A,192641.16,Current,Active,12
2644,2082,Auto Loan,2024-07-23,10812.91,0.1088,60.0,C,6682.56,Current,Active,24
2645,2082,Credit Card,2022-08-27,1702.16,0.17,,D,1127.9,90+ DPD,Charged Off,47
2646,2083,Credit Card,2024-09-19,17125.47,0.2104,,A,2526.26,Current,Active,22
2647,2083,Credit Card,2022-06-28,16653.84,0.1716,,B,9354.23,Current,Active,49
2648,2084,Personal Loan,2025-06-22,8697.33,0.0903,24.0,A,4065.15,Current,Active,13
2649,2085,Mortgage,2023-08-20,360044.84,0.0468,360.0,A,305707.34,Current,Active,35
2650,2085,Credit Card,2022-06-25,10683.72,0.1889,,B,2740.45,Current,Active,49
2651,2085,Personal Loan,2022-08-05,22826.5,0.1004,36.0,B,0.0,Current,Paid Off,47
2652,2086,Credit Card,2022-09-19,15662.4,0.2062,,D,7084.01,Current,Active,46
2653,2086,Auto Loan,2022-12-24,30516.0,0.0715,36.0,A,0.0,Current,Paid Off,43
2654,2087,Auto Loan,2025-10-15,23306.7,0.0746,72.0,A,18500.57,Current,Active,9
2655,2088,Mortgage,2024-09-21,156639.14,0.0532,360.0,A,136042.84,30-59 DPD,Active,22
2656,2089,Credit Card,2023-09-07,15413.17,0.2598,,A,10313.36,Current,Active,34
2657,2089,Credit Card,2025-03-26,7616.56,0.1721,,C,3466.02,Current,Active,16
2658,2090,Credit Card,2024-12-26,12865.62,0.2571,,B,4717.09,Current,Active,19
2659,2091,Credit Card,2025-09-08,9114.93,0.2432,,D,5597.17,60-89 DPD,Active,10
2660,2092,Credit Card,2023-06-25,15191.02,0.2238,,B,6218.98,30-59 DPD,Active,37
2661,2092,Personal Loan,2025-04-16,7072.69,0.1828,36.0,D,4284.46,Current,Active,15
2662,2093,Personal Loan,2025-10-26,18770.58,0.1306,36.0,C,13399.51,Current,Active,9
2663,2094,Auto Loan,2023-07-16,16947.3,0.0788,48.0,C,4193.98,90+ DPD,Active,36
2664,2094,Auto Loan,2024-09-15,26907.88,0.0696,48.0,C,14560.45,Current,Active,22
2665,2095,Auto Loan,2025-11-03,14451.88,0.0555,72.0,A,12450.07,Current,Active,8
2666,2096,Credit Card,2026-01-30,3863.56,0.1721,,B,1127.58,Current,Active,6
2667,2097,Credit Card,2022-04-06,8589.31,0.2289,,E,7466.59,90+ DPD,Charged Off,51
2668,2097,Credit Card,2023-10-10,13520.04,0.226,,D,11254.99,30-59 DPD,Active,33
2669,2098,Auto Loan,2022-11-03,30091.29,0.0549,60.0,B,7326.61,Current,Active,44
2670,2098,Auto Loan,2023-12-12,8276.15,0.0665,48.0,D,2919.3,90+ DPD,Active,31
2671,2099,Personal Loan,2025-01-05,22515.32,0.0905,36.0,A,10890.47,Current,Active,18
2672,2099,Credit Card,2024-01-02,6699.49,0.1748,,B,2354.25,Current,Active,30
2673,2100,Auto Loan,2022-08-27,43666.88,0.1098,60.0,B,9415.26,Current,Active,47
2674,2101,Credit Card,2024-10-25,15286.74,0.2474,,C,11812.75,30-59 DPD,Active,21
2675,2102,Credit Card,2022-04-13,10351.97,0.2531,,B,4455.58,Current,Active,51
2676,2103,Auto Loan,2025-04-25,14761.18,0.0737,60.0,C,10056.75,Current,Active,15
2677,2105,Credit Card,2024-08-04,15516.46,0.2347,,C,2545.15,Current,Active,23
2678,2106,Auto Loan,2025-10-27,21583.42,0.0798,36.0,B,16342.81,Current,Active,9
2679,2109,Auto Loan,2026-03-03,30695.14,0.0664,48.0,B,27830.13,Current,Active,4
2680,2110,Mortgage,2023-03-27,384735.16,0.0732,240.0,B,308795.3,Current,Active,40
2681,2111,Credit Card,2026-03-06,7639.49,0.2286,,B,3178.05,Current,Active,4
2682,2111,Auto Loan,2024-08-27,37477.84,0.091,48.0,B,19059.61,Current,Active,23
2683,2111,Personal Loan,2023-01-20,15144.76,0.1681,48.0,B,1883.46,Current,Active,42
2684,2112,Auto Loan,2022-09-23,41373.13,0.105,48.0,D,2108.74,Current,Active,46
2685,2112,Credit Card,2025-07-15,8761.6,0.1867,,C,6947.6,Current,Active,12
2686,2113,Mortgage,2023-03-05,507793.46,0.0747,240.0,C,425005.3,90+ DPD,Charged Off,40
2687,2114,Personal Loan,2023-09-15,16186.96,0.1425,48.0,B,4322.02,Current,Active,34
2688,2114,Personal Loan,2023-01-05,5165.01,0.1546,48.0,C,662.0,Current,Active,42
2689,2114,Auto Loan,2024-04-10,22694.71,0.061,60.0,B,11611.56,Current,Active,27
2690,2115,Personal Loan,2022-06-20,20785.33,0.1476,36.0,A,0.0,Current,Paid Off,49
2691,2116,Auto Loan,2025-05-04,21246.9,0.0644,72.0,E,17785.52,Current,Active,14
2692,2117,Mortgage,2022-08-19,329852.88,0.0546,180.0,B,235764.69,Current,Active,47
2693,2118,Auto Loan,2024-07-30,10410.55,0.1042,60.0,C,6120.42,Current,Active,24
2694,2119,Auto Loan,2024-03-27,18877.62,0.0627,60.0,B,9410.81,Current,Active,28
2695,2120,Credit Card,2025-10-18,16343.65,0.2303,,B,5885.92,Current,Active,9
2696,2121,Personal Loan,2025-06-12,21621.01,0.1058,36.0,B,12739.82,Current,Active,13
2697,2121,Personal Loan,2025-07-30,9708.68,0.0924,36.0,D,5144.41,90+ DPD,Charged Off,12
2698,2122,Credit Card,2023-07-01,11581.34,0.1641,,C,4729.78,90+ DPD,Charged Off,36
2699,2122,Credit Card,2022-01-03,18067.93,0.2435,,C,3622.83,Current,Active,54
2700,2127,Auto Loan,2023-04-02,25717.34,0.0569,48.0,D,4882.06,60-89 DPD,Active,39
2701,2127,Credit Card,2025-12-06,17068.4,0.2323,,D,8211.92,30-59 DPD,Active,7
2702,2128,Auto Loan,2022-12-24,40451.45,0.1067,72.0,D,24364.18,90+ DPD,Charged Off,43
2703,2129,Mortgage,2023-03-03,466688.1,0.059,240.0,A,402062.24,Current,Active,40
2704,2130,Auto Loan,2022-07-05,36526.77,0.0626,48.0,A,0.0,Current,Paid Off,48
2705,2132,Credit Card,2023-09-11,7942.92,0.1852,,B,5616.78,Current,Active,34
2706,2132,Credit Card,2023-08-16,5348.8,0.1958,,B,3172.73,Current,Active,35
2707,2133,Auto Loan,2022-07-21,44138.38,0.0901,48.0,B,0.0,Current,Paid Off,48
2708,2134,Mortgage,2024-01-26,446352.8,0.0728,180.0,D,340160.54,90+ DPD,Charged Off,30
2709,2135,Auto Loan,2025-10-17,37634.08,0.072,72.0,C,32547.29,Current,Active,9
2710,2135,Mortgage,2023-09-09,410720.99,0.0525,180.0,A,312433.35,Current,Active,34
2711,2136,Personal Loan,2022-11-03,4110.21,0.1288,48.0,D,358.61,30-59 DPD,Active,44
2712,2136,Auto Loan,2025-01-14,34066.9,0.0952,60.0,C,22561.79,Current,Active,18
2713,2136,Credit Card,2022-04-07,17061.39,0.2234,,D,2034.74,Current,Active,51
2714,2137,Auto Loan,2023-09-08,37196.88,0.051,36.0,C,2069.34,Current,Active,34
2715,2138,Personal Loan,2023-07-24,19028.7,0.0916,36.0,C,0.0,Current,Paid Off,36
2716,2138,Mortgage,2025-06-01,454940.52,0.0601,180.0,C,431623.55,Current,Active,13
2717,2139,Credit Card,2024-12-30,6243.6,0.2267,,B,1014.68,Current,Active,19
2718,2140,Auto Loan,2025-08-05,23917.02,0.088,60.0,A,17679.68,Current,Active,11
2719,2141,Personal Loan,2024-06-06,18076.58,0.0924,36.0,B,5294.22,Current,Active,25
2720,2142,Auto Loan,2024-11-09,23991.42,0.0509,36.0,D,9251.2,90+ DPD,Charged Off,20
2721,2143,Personal Loan,2022-02-09,9565.52,0.1384,36.0,A,0.0,Current,Paid Off,53
2722,2144,Mortgage,2024-09-01,336288.28,0.0622,180.0,D,299866.48,30-59 DPD,Active,22
2723,2144,Personal Loan,2022-05-14,7046.26,0.1403,48.0,C,0.0,Current,Paid Off,50
2724,2145,Auto Loan,2023-09-19,27027.88,0.0832,72.0,C,14302.5,Current,Active,34
2725,2146,Credit Card,2024-09-09,11384.67,0.2498,,C,8014.55,Current,Active,22
2726,2146,Credit Card,2026-04-09,8542.34,0.2015,,A,5683.26,Current,Active,3
2727,2147,Mortgage,2026-01-22,423011.85,0.0535,240.0,B,411567.8,Current,Active,6
2728,2147,Credit Card,2022-08-10,13529.9,0.1722,,A,4392.58,Current,Active,47
2729,2148,Auto Loan,2025-09-21,15361.14,0.0746,60.0,A,12494.52,Current,Active,10
2730,2148,Auto Loan,2022-07-24,38921.09,0.0745,60.0,C,7863.67,30-59 DPD,Active,48
2731,2149,Auto Loan,2024-02-03,42477.09,0.0511,72.0,C,25231.55,Current,Active,29
2732,2150,Credit Card,2024-05-10,4329.44,0.2494,,C,2226.7,Current,Active,26
2733,2151,Personal Loan,2023-02-15,7953.27,0.1698,48.0,C,6299.31,90+ DPD,Charged Off,41
2734,2155,Credit Card,2025-09-30,18567.96,0.2021,,A,10587.82,Current,Active,10
2735,2156,Auto Loan,2023-07-19,33875.6,0.1082,48.0,A,8714.05,Current,Active,36
2736,2157,Personal Loan,2023-11-04,9559.29,0.1351,36.0,C,1074.05,Current,Active,32
2737,2158,Credit Card,2023-09-10,15572.03,0.245,,C,3046.88,Current,Active,34
2738,2158,Credit Card,2023-11-26,7581.82,0.2068,,D,5925.34,30-59 DPD,Active,32
2739,2158,Mortgage,2022-09-06,203468.67,0.0687,360.0,E,177796.73,60-89 DPD,Active,46
2740,2160,Personal Loan,2024-11-23,18213.27,0.1283,24.0,B,2837.07,30-59 DPD,Active,20
2741,2160,Personal Loan,2023-04-26,13067.44,0.1367,36.0,A,0.0,Current,Paid Off,39
2742,2161,Auto Loan,2022-03-19,18990.4,0.0687,36.0,E,0.0,Current,Paid Off,52
2743,2162,Credit Card,2024-08-15,3579.79,0.2097,,B,3006.99,Current,Active,23
2744,2163,Auto Loan,2022-06-04,23070.32,0.0954,60.0,B,4399.29,Current,Active,49
2745,2164,Credit Card,2024-07-04,13268.82,0.1809,,C,5081.96,Current,Active,24
2746,2164,Mortgage,2025-05-07,387061.15,0.0699,360.0,A,366746.91,Current,Active,14
2747,2167,Personal Loan,2026-05-04,12058.41,0.1605,48.0,B,10872.76,Current,Active,2
2748,2167,Auto Loan,2022-05-06,28059.07,0.1042,72.0,A,8339.43,Current,Active,50
2749,2168,Personal Loan,2025-04-07,9152.22,0.1626,48.0,D,6167.58,Current,Active,15
2750,2169,Credit Card,2023-03-17,1820.62,0.2207,,B,1481.55,Current,Active,40
2751,2169,Credit Card,2024-02-06,19226.4,0.1996,,C,11946.53,90+ DPD,Charged Off,29
2752,2170,Credit Card,2023-12-27,10825.88,0.1973,,D,6217.3,Current,Active,31
2753,2170,Personal Loan,2023-01-19,4634.05,0.142,24.0,B,0.0,Current,Paid Off,42
2754,2171,Credit Card,2022-12-12,9489.17,0.178,,A,3181.71,Current,Active,43
2755,2171,Credit Card,2023-05-16,18761.69,0.1614,,D,13371.15,90+ DPD,Charged Off,38
2756,2172,Auto Loan,2024-04-19,11880.18,0.0688,60.0,B,5908.61,Current,Active,27
2757,2173,Credit Card,2023-01-26,7749.6,0.2404,,C,5908.21,Current,Active,42
2758,2174,Personal Loan,2025-10-27,19459.81,0.1279,24.0,C,11401.98,Current,Active,9
2759,2175,Personal Loan,2025-03-14,12663.51,0.1008,36.0,B,6906.84,Current,Active,16
2760,2176,Credit Card,2025-07-03,18264.27,0.2485,,A,12933.44,Current,Active,12
2761,2176,Credit Card,2023-08-10,5200.97,0.2336,,C,4696.72,90+ DPD,Charged Off,35
2762,2177,Auto Loan,2024-12-06,25673.16,0.0717,36.0,C,12534.17,Current,Active,19
2763,2178,Credit Card,2025-09-18,18853.31,0.2328,,A,15191.1,Current,Active,10
2764,2179,Personal Loan,2024-11-29,18975.56,0.1583,36.0,A,8353.33,Current,Active,20
2765,2180,Credit Card,2023-02-15,8178.88,0.1996,,B,1071.01,Current,Active,41
2766,2180,Personal Loan,2026-03-29,14711.09,0.1041,48.0,B,12900.5,Current,Active,4
2767,2180,Personal Loan,2022-04-23,17581.24,0.1786,36.0,A,0.0,Current,Paid Off,51
2768,2181,Credit Card,2024-05-08,14886.95,0.2199,,A,7550.38,Current,Active,26
2769,2181,Personal Loan,2025-09-03,24067.19,0.1255,24.0,A,14566.77,Current,Active,10
2770,2182,Personal Loan,2025-01-23,3760.13,0.1641,24.0,A,946.38,Current,Active,18
2771,2183,Personal Loan,2023-11-17,10849.23,0.1406,24.0,B,0.0,Current,Paid Off,32
2772,2184,Personal Loan,2023-02-07,22924.36,0.111,48.0,B,3384.38,Current,Active,41
2773,2186,Personal Loan,2025-04-23,4097.07,0.1204,24.0,D,1483.14,Current,Active,15
2774,2186,Auto Loan,2022-01-19,32925.04,0.0792,72.0,E,7678.5,90+ DPD,Active,54
2775,2187,Personal Loan,2023-05-22,19874.37,0.1532,24.0,C,0.0,Current,Paid Off,38
2776,2188,Auto Loan,2025-07-29,27809.68,0.0963,72.0,A,20915.8,Current,Active,12
2777,2188,Mortgage,2023-06-19,634455.04,0.0669,240.0,B,515252.47,Current,Active,37
2778,2188,Credit Card,2022-07-30,14886.61,0.2346,,B,3928.88,Current,Active,48
2779,2191,Credit Card,2026-01-29,1243.89,0.2595,,E,851.37,90+ DPD,Charged Off,6
2780,2191,Credit Card,2025-11-30,19115.4,0.2144,,D,3403.63,Current,Active,8
2781,2192,Auto Loan,2022-11-19,42676.72,0.0724,60.0,B,11612.76,30-59 DPD,Active,44
2782,2192,Auto Loan,2025-09-14,37208.16,0.0929,60.0,A,31172.4,Current,Active,10
2783,2193,Personal Loan,2025-08-01,11881.37,0.1794,24.0,C,6378.83,Current,Active,11
2784,2193,Personal Loan,2025-12-13,13359.83,0.1448,36.0,E,10394.34,Current,Active,7
2785,2194,Personal Loan,2024-03-06,19511.06,0.1732,24.0,B,0.0,Current,Paid Off,28
2786,2195,Personal Loan,2022-08-30,6255.91,0.0907,24.0,C,0.0,Current,Paid Off,47
2787,2196,Auto Loan,2022-01-07,23343.77,0.0866,72.0,B,5932.85,Current,Active,54
2788,2197,Credit Card,2024-03-10,17782.91,0.1958,,B,6170.7,Current,Active,28
2789,2198,Auto Loan,2022-12-18,9258.19,0.1042,60.0,A,2367.0,Current,Active,43
2790,2199,Mortgage,2022-08-26,453697.03,0.0573,240.0,B,359229.09,Current,Active,47
2791,2202,Auto Loan,2022-02-07,32948.55,0.0718,60.0,D,14706.7,90+ DPD,Charged Off,53
2792,2202,Auto Loan,2022-12-17,19017.29,0.0694,72.0,C,6919.02,30-59 DPD,Active,43
2793,2203,Credit Card,2025-10-21,5305.99,0.1635,,A,593.64,Current,Active,9
2794,2203,Personal Loan,2025-10-11,16246.66,0.1047,24.0,B,9601.04,Current,Active,9
2795,2204,Auto Loan,2025-04-07,20731.54,0.0687,60.0,C,16141.7,Current,Active,15
2796,2204,Credit Card,2025-12-05,17588.79,0.2203,,D,14451.8,90+ DPD,Charged Off,7
2797,2204,Auto Loan,2024-07-07,9386.26,0.109,36.0,B,3108.31,Current,Active,24
2798,2206,Auto Loan,2025-11-02,30831.63,0.104,36.0,A,23270.34,Current,Active,8
2799,2209,Personal Loan,2022-03-10,3955.67,0.1144,48.0,C,0.0,Current,Paid Off,52
2800,2210,Personal Loan,2023-06-10,3014.27,0.1725,24.0,A,0.0,Current,Paid Off,37
2801,2211,Auto Loan,2024-08-24,23858.93,0.0744,48.0,C,13353.35,90+ DPD,Charged Off,23
2802,2211,Auto Loan,2024-11-03,41597.61,0.0505,48.0,B,23563.08,Current,Active,20
2803,2212,Personal Loan,2023-07-06,17171.61,0.1031,24.0,E,0.0,Current,Paid Off,36
2804,2213,Auto Loan,2022-11-22,44864.12,0.0723,60.0,D,11921.02,Current,Active,44
2805,2214,Auto Loan,2025-01-08,31959.34,0.0984,60.0,C,20250.44,Current,Active,18
2806,2214,Credit Card,2022-12-30,3108.62,0.2365,,C,1275.78,Current,Active,43
2807,2215,Personal Loan,2024-08-24,24970.15,0.1041,36.0,B,8551.23,Current,Active,23
2808,2215,Auto Loan,2024-10-01,35214.68,0.0919,48.0,B,20279.09,Current,Active,21
2809,2216,Personal Loan,2023-12-17,17369.7,0.131,36.0,A,2235.88,Current,Active,31
2810,2216,Personal Loan,2025-12-07,21145.95,0.1138,48.0,B,18719.54,Current,Active,7
2811,2218,Mortgage,2024-09-06,236591.82,0.0483,180.0,C,212572.85,Current,Active,22
2812,2218,Mortgage,2024-06-08,379875.87,0.0473,360.0,D,172501.96,90+ DPD,Charged Off,25
2813,2218,Personal Loan,2023-03-25,8730.37,0.1596,24.0,A,0.0,Current,Paid Off,40
2814,2219,Auto Loan,2025-09-20,39234.97,0.0718,48.0,B,32304.41,Current,Active,10
2815,2219,Credit Card,2023-06-12,3415.5,0.1978,,C,1757.37,90+ DPD,Charged Off,37
2816,2219,Credit Card,2024-08-01,3868.02,0.2181,,A,1133.87,Current,Active,23
2817,2220,Credit Card,2023-08-16,5209.78,0.2294,,B,960.66,Current,Active,35
2818,2221,Auto Loan,2025-04-16,24311.76,0.0886,60.0,A,18107.79,Current,Active,15
2819,2221,Auto Loan,2025-09-04,22544.91,0.0782,60.0,B,17459.85,Current,Active,10
2820,2222,Credit Card,2024-04-29,19978.2,0.2125,,B,2716.37,Current,Active,27
2821,2222,Mortgage,2023-06-24,305789.82,0.0532,360.0,D,278287.23,Current,Active,37
2822,2222,Credit Card,2022-03-23,10024.79,0.1975,,C,4827.86,Current,Active,52
2823,2223,Personal Loan,2025-08-22,19758.92,0.1684,36.0,A,13990.34,Current,Active,11
2824,2224,Credit Card,2024-05-25,2840.68,0.2104,,E,614.71,Current,Active,26
2825,2224,Auto Loan,2024-06-23,34784.54,0.063,48.0,D,17146.01,Current,Active,25
2826,2225,Personal Loan,2025-11-19,17389.24,0.1482,24.0,B,10860.8,Current,Active,8
2827,2226,Mortgage,2024-10-03,167703.37,0.0565,240.0,B,147675.82,Current,Active,21
2828,2227,Credit Card,2024-10-25,5122.88,0.1692,,A,2510.45,Current,Active,21
2829,2228,Auto Loan,2024-01-01,44181.62,0.0557,72.0,B,26442.84,Current,Active,30
2830,2228,Personal Loan,2025-06-09,6662.82,0.1636,36.0,A,3920.28,Current,Active,13
2831,2229,Personal Loan,2024-07-25,13043.16,0.1397,24.0,A,0.0,Current,Paid Off,24
2832,2230,Credit Card,2026-03-05,5715.87,0.1768,,D,4106.82,Current,Active,4
2833,2230,Auto Loan,2024-07-22,18675.39,0.0891,60.0,D,15338.24,90+ DPD,Charged Off,24
2834,2230,Mortgage,2024-10-29,339162.6,0.067,360.0,A,299928.43,Current,Active,21
2835,2231,Personal Loan,2024-08-28,7143.39,0.1866,36.0,B,2605.46,Current,Active,23
2836,2232,Auto Loan,2022-10-11,13764.11,0.1012,48.0,B,870.58,Current,Active,45
2837,2232,Credit Card,2025-01-01,14083.94,0.2047,,A,2459.32,Current,Active,18
2838,2232,Personal Loan,2024-05-07,24194.93,0.1429,24.0,D,0.0,Current,Paid Off,26
2839,2234,Mortgage,2022-02-17,192577.26,0.0664,180.0,A,123892.35,Current,Active,53
2840,2235,Personal Loan,2024-05-19,12910.95,0.1531,24.0,B,0.0,Current,Paid Off,26
2841,2236,Auto Loan,2023-06-06,12087.91,0.1063,36.0,C,0.0,Current,Paid Off,37
2842,2236,Auto Loan,2023-03-16,8076.1,0.0624,36.0,C,0.0,Current,Paid Off,40
2843,2237,Auto Loan,2025-03-21,38598.23,0.0881,60.0,A,28856.83,Current,Active,16
2844,2237,Credit Card,2024-09-13,9211.39,0.2419,,B,5541.31,90+ DPD,Charged Off,22
2845,2238,Auto Loan,2022-09-27,12104.77,0.0999,72.0,A,4530.27,Current,Active,46
2846,2238,Auto Loan,2025-06-20,21489.43,0.0918,72.0,C,15864.05,Current,Active,13
2847,2239,Personal Loan,2024-03-08,6461.08,0.1693,48.0,A,2549.9,Current,Active,28
2848,2239,Personal Loan,2025-02-09,18338.95,0.1429,36.0,A,10088.13,Current,Active,17
2849,2240,Auto Loan,2023-01-30,14601.23,0.0915,72.0,D,10406.39,90+ DPD,Charged Off,42
2850,2241,Auto Loan,2023-05-15,16350.36,0.0815,60.0,B,6137.21,Current,Active,38
2851,2242,Personal Loan,2022-10-27,3010.31,0.0931,48.0,A,170.34,Current,Active,45
2852,2243,Credit Card,2023-12-15,3413.95,0.2071,,A,2387.89,90+ DPD,Charged Off,31
2853,2244,Credit Card,2022-03-10,18046.68,0.1619,,A,5110.75,Current,Active,52
2854,2245,Personal Loan,2022-02-04,16450.09,0.1502,36.0,A,0.0,Current,Paid Off,53
2855,2245,Personal Loan,2025-09-30,11930.92,0.1835,48.0,A,9105.13,Current,Active,10
2856,2246,Credit Card,2026-04-13,14599.8,0.2393,,A,11332.54,Current,Active,3
2857,2246,Personal Loan,2025-05-06,22656.99,0.1532,48.0,B,14976.67,Current,Active,14
2858,2248,Auto Loan,2022-11-08,34926.19,0.0906,72.0,A,12434.77,Current,Active,44
2859,2249,Mortgage,2023-01-20,252712.68,0.0674,180.0,D,182166.94,Current,Active,42
2860,2249,Mortgage,2023-09-06,283796.3,0.0469,180.0,C,215649.32,Current,Active,34
2861,2250,Auto Loan,2024-04-08,11167.3,0.0868,72.0,A,6440.79,Current,Active,27
2862,2252,Personal Loan,2022-06-05,5429.57,0.0952,24.0,B,0.0,Current,Paid Off,49
2863,2252,Mortgage,2023-02-10,314067.83,0.0748,180.0,B,233006.3,Current,Active,41
2864,2253,Credit Card,2025-01-02,11811.3,0.1907,,D,6264.72,60-89 DPD,Active,18
2865,2254,Mortgage,2022-12-03,521671.21,0.0711,240.0,A,403738.11,Current,Active,43
2866,2254,Personal Loan,2026-01-28,18727.08,0.1473,48.0,B,15704.44,Current,Active,6
2867,2255,Auto Loan,2022-05-19,44579.93,0.0943,60.0,B,7370.55,Current,Active,50
2868,2256,Mortgage,2025-08-27,262700.2,0.0593,180.0,A,249292.26,Current,Active,11
2869,2256,Auto Loan,2024-03-08,42352.08,0.0635,36.0,A,8864.21,Current,Active,28
2870,2257,Personal Loan,2023-01-01,16174.7,0.1118,48.0,C,1912.86,60-89 DPD,Active,42
2871,2258,Credit Card,2024-05-28,18783.87,0.1646,,C,10672.33,Current,Active,26
2872,2260,Mortgage,2024-06-22,632239.32,0.0729,360.0,A,608080.91,Current,Active,25
2873,2262,Personal Loan,2023-02-12,17245.47,0.1772,48.0,C,2505.9,Current,Active,41
2874,2263,Credit Card,2024-02-22,12965.94,0.2151,,C,8573.94,Current,Active,29
2875,2263,Mortgage,2024-03-06,383744.17,0.046,360.0,B,347811.47,Current,Active,28
2876,2264,Mortgage,2025-03-31,430079.15,0.0633,360.0,B,358534.44,90+ DPD,Charged Off,16
2877,2265,Personal Loan,2026-02-18,20842.86,0.1713,48.0,B,17971.81,Current,Active,5
2878,2266,Auto Loan,2022-09-04,30682.73,0.0685,60.0,C,6894.6,Current,Active,46
2879,2266,Personal Loan,2024-09-24,7553.03,0.1708,24.0,A,627.89,Current,Active,22
2880,2267,Credit Card,2024-11-24,11378.51,0.2467,,B,3051.44,Current,Active,20
2881,2267,Mortgage,2023-10-07,458438.95,0.0506,240.0,B,410889.83,Current,Active,33
2882,2269,Personal Loan,2023-07-01,23885.58,0.1475,36.0,C,0.0,Current,Paid Off,36
2883,2269,Auto Loan,2026-04-13,19361.9,0.083,48.0,C,16390.09,Current,Active,3
2884,2270,Credit Card,2025-02-27,11686.05,0.2429,,D,10075.18,90+ DPD,Charged Off,17
2885,2271,Personal Loan,2024-08-05,13956.41,0.0907,36.0,B,5103.05,Current,Active,23
2886,2272,Personal Loan,2024-03-12,16410.65,0.1447,36.0,B,3713.11,Current,Active,28
2887,2273,Mortgage,2022-05-23,636446.07,0.0736,360.0,B,528064.49,Current,Active,50
2888,2273,Auto Loan,2023-05-20,12152.9,0.0653,36.0,A,0.0,Current,Paid Off,38
2889,2274,Personal Loan,2024-10-30,8886.12,0.1527,48.0,B,4499.63,Current,Active,21
2890,2274,Personal Loan,2024-10-04,10516.84,0.1208,36.0,D,4067.42,Current,Active,21
2891,2275,Personal Loan,2025-07-06,12180.29,0.1096,48.0,C,9303.31,Current,Active,12
2892,2276,Credit Card,2022-03-05,6755.47,0.1978,,C,5730.85,Current,Active,52
2893,2277,Credit Card,2023-12-24,9111.8,0.2375,,C,5930.7,Current,Active,31
2894,2277,Mortgage,2026-04-13,126275.6,0.0461,180.0,A,123417.34,Current,Active,3
2895,2278,Credit Card,2023-10-24,15849.01,0.1745,,B,6125.77,Current,Active,33
2896,2279,Mortgage,2023-08-27,415843.32,0.0512,240.0,C,324180.21,Current,Active,35
2897,2279,Personal Loan,2024-03-08,3005.05,0.1195,48.0,B,1225.6,Current,Active,28
2898,2280,Credit Card,2023-08-18,4264.85,0.1782,,B,1836.75,Current,Active,35
2899,2280,Personal Loan,2026-03-18,3001.26,0.0913,48.0,C,2835.92,Current,Active,4
2900,2282,Credit Card,2025-09-10,12911.26,0.1967,,B,4571.89,90+ DPD,Charged Off,10
2901,2282,Auto Loan,2024-08-06,12545.14,0.0558,48.0,A,6834.35,Current,Active,23
2902,2283,Personal Loan,2023-12-23,15353.07,0.0944,36.0,A,2074.14,Current,Active,31
2903,2283,Credit Card,2022-11-07,17433.22,0.2495,,B,3197.62,Current,Active,44
2904,2283,Credit Card,2025-10-09,8417.16,0.2531,,A,3926.84,Current,Active,9
2905,2284,Mortgage,2022-08-21,494137.85,0.0559,240.0,A,359428.19,Current,Active,47
2906,2285,Credit Card,2026-03-02,19551.77,0.2349,,B,15375.34,Current,Active,4
2907,2285,Personal Loan,2025-03-21,14170.23,0.1165,24.0,A,4906.82,Current,Active,16
2908,2286,Personal Loan,2023-10-01,24863.51,0.1502,48.0,A,7104.67,Current,Active,33
2909,2286,Mortgage,2024-12-04,215216.85,0.0682,360.0,E,125302.23,90+ DPD,Charged Off,19
2910,2287,Personal Loan,2024-07-22,10519.08,0.1854,24.0,B,0.0,Current,Paid Off,24
2911,2288,Credit Card,2022-05-24,8707.0,0.2379,,B,7370.48,Current,Active,50
2912,2288,Mortgage,2025-11-27,632146.61,0.0663,360.0,E,580820.31,60-89 DPD,Active,8
2913,2289,Personal Loan,2024-09-21,21504.55,0.1175,24.0,D,19812.82,90+ DPD,Charged Off,22
2914,2289,Mortgage,2024-04-15,645251.87,0.0458,360.0,B,538512.02,Current,Active,27
2915,2289,Mortgage,2023-12-19,375356.88,0.0637,240.0,B,303373.04,Current,Active,31
2916,2290,Personal Loan,2022-08-22,3105.16,0.1204,36.0,D,0.0,Current,Paid Off,47
2917,2290,Mortgage,2023-04-13,631675.07,0.0516,360.0,B,583286.39,Current,Active,39
2918,2291,Credit Card,2022-04-25,13503.24,0.1692,,B,6323.72,90+ DPD,Charged Off,51
2919,2291,Auto Loan,2024-04-23,36712.13,0.0659,48.0,C,16081.25,Current,Active,27
2920,2292,Mortgage,2025-08-13,248365.03,0.0735,240.0,C,215023.2,Current,Active,11
2921,2293,Auto Loan,2024-05-24,24541.77,0.0597,72.0,A,15184.22,Current,Active,26
2922,2293,Personal Loan,2023-10-12,19699.23,0.1173,36.0,D,1695.12,30-59 DPD,Active,33
2923,2295,Personal Loan,2024-02-25,3546.06,0.1611,48.0,D,1362.69,Current,Active,29
2924,2296,Mortgage,2023-12-16,574271.52,0.0632,240.0,C,484617.19,Current,Active,31
2925,2296,Auto Loan,2024-11-23,26007.76,0.0531,48.0,A,13746.88,Current,Active,20
2926,2298,Auto Loan,2026-04-01,33218.65,0.0671,60.0,E,30880.55,30-59 DPD,Active,3
2927,2298,Credit Card,2022-07-25,6009.12,0.2302,,D,4225.52,90+ DPD,Charged Off,48
2928,2300,Auto Loan,2025-08-08,22975.17,0.0738,48.0,C,16845.7,Current,Active,11
2929,2300,Personal Loan,2025-05-28,23056.67,0.1531,36.0,B,14369.32,Current,Active,14
2930,2301,Credit Card,2024-03-22,4048.67,0.2428,,A,3215.73,Current,Active,28
2931,2302,Credit Card,2024-07-08,12012.56,0.2139,,C,1261.02,Current,Active,24
2932,2302,Credit Card,2023-07-28,5548.6,0.1607,,B,1322.82,Current,Active,36
2933,2303,Auto Loan,2022-01-10,19724.63,0.1049,60.0,A,1846.36,Current,Active,54
2934,2303,Personal Loan,2024-12-15,5649.61,0.1158,36.0,D,2455.85,Current,Active,19
2935,2304,Mortgage,2023-06-06,436545.79,0.0641,180.0,B,311066.39,90+ DPD,Charged Off,37
2936,2305,Personal Loan,2026-03-26,22910.13,0.093,48.0,C,20096.1,Current,Active,4
2937,2305,Auto Loan,2026-01-03,20749.34,0.0605,72.0,A,17806.09,Current,Active,6
2938,2306,Credit Card,2024-09-30,9987.04,0.1611,,B,6037.21,Current,Active,22
2939,2306,Mortgage,2025-11-07,129072.69,0.067,360.0,C,113595.26,Current,Active,8
2940,2306,Personal Loan,2026-03-07,9883.36,0.1104,48.0,B,8892.25,Current,Active,4
2941,2307,Auto Loan,2023-01-15,8396.36,0.0956,36.0,B,0.0,Current,Paid Off,42
2942,2307,Personal Loan,2022-08-13,11965.66,0.0938,36.0,A,0.0,Current,Paid Off,47
2943,2308,Personal Loan,2024-08-12,23261.52,0.1068,48.0,C,12492.15,Current,Active,23
2944,2308,Personal Loan,2023-01-30,8266.31,0.1162,48.0,A,1018.6,Current,Active,42
2945,2309,Credit Card,2023-10-19,16681.9,0.1703,,C,4317.37,Current,Active,33
2946,2309,Personal Loan,2023-10-02,13155.39,0.1369,36.0,B,1147.35,Current,Active,33
2947,2310,Auto Loan,2022-06-14,13520.43,0.0531,72.0,A,4183.11,Current,Active,49
2948,2311,Auto Loan,2022-09-05,16265.22,0.0677,36.0,A,0.0,Current,Paid Off,46
2949,2311,Auto Loan,2024-10-27,16665.48,0.0514,48.0,A,9507.59,Current,Active,21
2950,2312,Auto Loan,2024-08-08,34504.0,0.0836,72.0,E,23171.98,Current,Active,23
2951,2313,Auto Loan,2022-10-25,37349.0,0.0838,48.0,A,2215.64,Current,Active,45
2952,2314,Auto Loan,2024-10-12,35322.06,0.0556,60.0,C,21870.93,Current,Active,21
2953,2315,Auto Loan,2024-08-24,21132.44,0.0817,60.0,A,13232.42,Current,Active,23
2954,2315,Personal Loan,2024-11-22,24575.8,0.1146,24.0,A,4083.0,Current,Active,20
2955,2315,Personal Loan,2022-11-09,3922.49,0.149,48.0,C,307.02,Current,Active,44
2956,2316,Personal Loan,2024-05-25,12162.64,0.1721,48.0,A,5699.87,Current,Active,26
2957,2318,Personal Loan,2024-01-25,3469.14,0.1551,36.0,D,600.7,30-59 DPD,Active,30
2958,2318,Mortgage,2023-04-20,493794.65,0.0499,240.0,C,386197.75,Current,Active,39
2959,2319,Auto Loan,2025-08-22,39732.86,0.0616,48.0,C,28657.14,Current,Active,11
2960,2320,Auto Loan,2023-10-26,39259.23,0.0533,36.0,A,3225.28,Current,Active,33
2961,2321,Credit Card,2023-12-27,12099.78,0.2552,,A,3047.31,Current,Active,31
2962,2322,Mortgage,2022-01-31,187439.02,0.0613,360.0,B,158336.1,Current,Active,54
2963,2323,Credit Card,2022-10-19,8455.42,0.1722,,D,5723.88,60-89 DPD,Active,45
2964,2323,Mortgage,2024-03-19,337201.87,0.051,240.0,C,280025.51,Current,Active,28
2965,2324,Auto Loan,2026-01-17,38570.92,0.0685,48.0,B,31903.73,Current,Active,6
2966,2325,Mortgage,2025-09-28,423444.1,0.0468,360.0,A,390753.61,Current,Active,10
2967,2325,Auto Loan,2023-01-23,11643.38,0.0503,36.0,A,0.0,Current,Paid Off,42
2968,2328,Mortgage,2025-11-26,387000.98,0.0487,240.0,C,387388.42,Current,Active,8
2969,2329,Credit Card,2023-01-25,4290.23,0.2035,,C,2151.0,Current,Active,42
2970,2330,Auto Loan,2026-01-06,13958.17,0.0634,36.0,C,11753.06,Current,Active,6
2971,2331,Auto Loan,2023-06-06,10794.12,0.071,60.0,A,4291.27,Current,Active,37
2972,2331,Auto Loan,2026-05-02,19076.17,0.0945,72.0,B,18876.83,Current,Active,2
2973,2331,Credit Card,2024-07-06,15306.85,0.2234,,A,3732.14,Current,Active,24
2974,2333,Credit Card,2024-02-05,5085.53,0.2274,,E,4365.56,90+ DPD,Charged Off,29
2975,2334,Credit Card,2022-05-07,14980.42,0.1969,,B,2870.06,Current,Active,50
2976,2334,Credit Card,2025-12-06,18046.2,0.1623,,B,7073.14,Current,Active,7
2977,2334,Credit Card,2025-09-02,6792.43,0.1858,,A,1947.59,Current,Active,10
2978,2335,Credit Card,2022-06-25,3460.8,0.2407,,A,1245.06,Current,Active,49
2979,2336,Credit Card,2025-05-14,9761.54,0.2346,,C,7973.81,Current,Active,14
2980,2336,Credit Card,2022-04-29,10511.71,0.2107,,D,7859.11,30-59 DPD,Active,51
2981,2336,Credit Card,2025-08-08,9509.06,0.1856,,B,4608.33,Current,Active,11
2982,2338,Personal Loan,2022-01-07,18336.84,0.1771,24.0,D,0.0,Current,Paid Off,54
2983,2340,Personal Loan,2025-06-16,23783.0,0.1268,24.0,B,9952.05,Current,Active,13
2984,2341,Personal Loan,2024-09-22,18749.3,0.1859,24.0,B,1622.03,Current,Active,22
2985,2341,Credit Card,2024-12-11,18717.91,0.22,,D,14859.29,Current,Active,19
2986,2342,Auto Loan,2025-04-18,22365.85,0.0564,36.0,B,13534.33,Current,Active,15
2987,2343,Mortgage,2022-01-16,540830.1,0.0588,360.0,A,470514.17,Current,Active,54
2988,2344,Credit Card,2023-03-03,13676.72,0.1724,,B,8736.24,Current,Active,40
2989,2345,Credit Card,2022-02-11,17189.09,0.2338,,A,8152.3,Current,Active,53
2990,2345,Personal Loan,2024-05-19,12503.85,0.162,48.0,B,5461.42,Current,Active,26
2991,2346,Mortgage,2025-07-24,507291.94,0.0502,180.0,D,486734.12,Current,Active,12
2992,2347,Personal Loan,2023-07-08,19818.34,0.1891,36.0,A,0.0,Current,Paid Off,36
2993,2347,Personal Loan,2023-12-04,6100.07,0.1566,36.0,A,772.83,Current,Active,31
2994,2347,Auto Loan,2022-04-13,23598.85,0.091,60.0,A,3364.13,Current,Active,51
2995,2348,Auto Loan,2026-01-10,34676.71,0.1074,48.0,B,29318.54,Current,Active,6
2996,2348,Credit Card,2022-02-23,19534.93,0.1816,,B,16225.29,Current,Active,53
2997,2350,Personal Loan,2024-04-27,8902.91,0.1093,36.0,D,2041.59,30-59 DPD,Active,27
2998,2351,Personal Loan,2022-11-21,22358.32,0.124,36.0,D,0.0,Current,Paid Off,44
2999,2351,Credit Card,2023-10-25,8961.47,0.2089,,D,7196.83,90+ DPD,Active,33
3000,2352,Personal Loan,2025-07-27,12312.21,0.1653,24.0,B,6110.37,Current,Active,12
3001,2353,Mortgage,2022-04-28,591802.56,0.053,240.0,B,455710.16,90+ DPD,Charged Off,51
3002,2353,Auto Loan,2024-04-06,10713.29,0.1056,36.0,A,2536.19,Current,Active,27
3003,2354,Credit Card,2024-08-06,8374.82,0.2543,,B,4125.43,Current,Active,23
3004,2354,Auto Loan,2025-08-17,16877.02,0.0901,48.0,A,11827.03,Current,Active,11
3005,2356,Personal Loan,2025-04-16,11939.15,0.1539,48.0,A,8584.4,Current,Active,15
3006,2356,Credit Card,2022-10-19,16080.44,0.2122,,A,6813.16,30-59 DPD,Active,45
3007,2358,Auto Loan,2025-08-23,14864.19,0.0632,36.0,B,9562.29,Current,Active,11
3008,2359,Auto Loan,2024-04-27,24887.01,0.1087,72.0,A,16139.49,Current,Active,27
3009,2359,Auto Loan,2023-10-20,15550.46,0.0785,48.0,A,5065.81,Current,Active,33
3010,2359,Auto Loan,2024-04-13,27039.39,0.1047,36.0,A,6869.89,Current,Active,27
3011,2360,Credit Card,2022-05-07,17736.24,0.2109,,E,6998.93,Current,Active,50
3012,2361,Mortgage,2026-04-06,404010.07,0.047,180.0,A,407081.58,Current,Active,3
3013,2363,Auto Loan,2023-02-07,9933.95,0.0892,48.0,A,1360.88,Current,Active,41
3014,2365,Credit Card,2026-03-27,5305.37,0.1763,,E,3349.78,Current,Active,4
3015,2366,Auto Loan,2022-02-04,24907.16,0.05,60.0,A,2735.75,Current,Active,53
3016,2367,Auto Loan,2024-12-28,40388.24,0.0554,36.0,A,17366.9,Current,Active,19
3017,2369,Credit Card,2025-11-12,18997.94,0.237,,B,8571.67,Current,Active,8
3018,2369,Auto Loan,2023-07-26,35700.66,0.0785,60.0,C,13605.84,Current,Active,36
3019,2370,Personal Loan,2025-11-12,5727.45,0.1594,48.0,B,4643.41,Current,Active,8
3020,2371,Credit Card,2022-07-30,6473.96,0.238,,B,2322.15,30-59 DPD,Active,48
3021,2372,Credit Card,2022-09-14,3173.14,0.1768,,C,1136.23,Current,Active,46
3022,2372,Personal Loan,2023-12-23,9184.76,0.1173,48.0,A,3103.48,Current,Active,31
3023,2373,Auto Loan,2024-10-18,10375.65,0.088,60.0,B,6867.96,30-59 DPD,Active,21
3024,2374,Auto Loan,2024-08-05,33582.15,0.0901,36.0,B,12391.33,Current,Active,23
3025,2374,Auto Loan,2024-02-17,21653.68,0.0883,48.0,B,8016.79,Current,Active,29
3026,2376,Auto Loan,2025-05-22,9631.02,0.0532,60.0,C,7147.19,Current,Active,14
3027,2378,Personal Loan,2024-04-20,11316.73,0.1352,24.0,B,0.0,Current,Paid Off,27
3028,2378,Auto Loan,2024-03-15,21350.69,0.054,72.0,A,13564.22,Current,Active,28
3029,2379,Auto Loan,2023-10-30,10403.1,0.0669,60.0,C,4329.55,Current,Active,33
3030,2380,Auto Loan,2022-01-13,41543.55,0.0987,48.0,D,0.0,Current,Paid Off,54
3031,2381,Credit Card,2025-11-21,14943.16,0.1841,,B,2092.56,Current,Active,8
3032,2382,Mortgage,2023-03-10,383683.23,0.0571,360.0,C,189412.35,90+ DPD,Charged Off,40
3033,2383,Credit Card,2024-09-24,1870.39,0.2495,,A,774.05,Current,Active,22
3034,2384,Credit Card,2025-08-12,15423.13,0.2116,,C,6694.32,Current,Active,11
3035,2384,Personal Loan,2024-12-25,6014.79,0.1372,48.0,C,3280.54,Current,Active,19
3036,2384,Credit Card,2026-04-08,14482.58,0.197,,D,9779.71,Current,Active,3
3037,2385,Auto Loan,2022-04-04,33205.16,0.0784,60.0,C,4772.86,30-59 DPD,Active,51
3038,2386,Auto Loan,2022-05-15,42401.28,0.0512,60.0,C,6947.91,Current,Active,50
3039,2387,Credit Card,2022-04-03,8915.88,0.1925,,B,7311.94,Current,Active,51
3040,2388,Auto Loan,2023-10-16,16212.44,0.0835,72.0,D,8190.08,Current,Active,33
3041,2388,Personal Loan,2023-10-10,5926.43,0.1444,24.0,C,0.0,Current,Paid Off,33
3042,2389,Credit Card,2025-03-27,2298.73,0.2174,,A,1208.2,Current,Active,16
3043,2389,Mortgage,2024-09-04,574236.32,0.0482,360.0,C,542550.61,Current,Active,22
3044,2390,Auto Loan,2023-07-16,44058.37,0.0629,72.0,C,19849.68,30-59 DPD,Active,36
3045,2390,Auto Loan,2022-02-21,14566.2,0.0522,60.0,D,1595.19,Current,Active,53
3046,2392,Credit Card,2023-03-08,3589.39,0.2557,,C,1554.72,90+ DPD,Active,40
3047,2392,Personal Loan,2025-06-11,14587.53,0.1758,48.0,B,9628.83,Current,Active,13
3048,2393,Auto Loan,2024-03-26,23425.1,0.1014,48.0,B,9760.46,Current,Active,28
3049,2393,Credit Card,2025-01-16,16162.81,0.168,,E,1656.75,60-89 DPD,Active,18
3050,2394,Auto Loan,2025-03-22,18463.12,0.0612,60.0,B,12234.59,Current,Active,16
3051,2394,Personal Loan,2024-02-14,17447.01,0.1376,48.0,B,6741.34,Current,Active,29
3052,2395,Credit Card,2023-01-21,3955.76,0.2092,,A,3418.55,90+ DPD,Charged Off,42
3053,2396,Mortgage,2025-12-18,582117.38,0.0558,360.0,B,311590.7,90+ DPD,Charged Off,7
3054,2397,Personal Loan,2023-03-14,13003.52,0.1393,24.0,B,0.0,Current,Paid Off,40
3055,2398,Auto Loan,2025-05-29,12594.15,0.0574,36.0,C,7418.49,Current,Active,14
3056,2398,Credit Card,2026-05-30,2558.06,0.1772,,D,944.82,Current,Active,2
3057,2398,Personal Loan,2022-10-18,12837.53,0.0982,48.0,B,810.81,Current,Active,45
3058,2399,Personal Loan,2024-08-20,21562.91,0.1755,48.0,B,10331.59,Current,Active,23
3059,2399,Personal Loan,2022-07-12,18014.67,0.1852,24.0,A,0.0,Current,Paid Off,48
3060,2400,Auto Loan,2025-05-22,14222.54,0.05,36.0,A,8610.42,Current,Active,14
3061,2400,Auto Loan,2022-06-30,36940.1,0.1068,48.0,B,0.0,Current,Paid Off,49
3062,2400,Auto Loan,2022-09-19,38030.1,0.0553,48.0,D,1843.54,Current,Active,46
3063,2402,Personal Loan,2022-02-27,11603.34,0.1498,24.0,A,0.0,Current,Paid Off,53
3064,2403,Personal Loan,2024-07-15,19991.75,0.0909,36.0,B,6260.49,Current,Active,24
3065,2403,Credit Card,2025-05-12,9618.66,0.2461,,C,8016.11,Current,Active,14
3066,2404,Credit Card,2022-08-30,17077.27,0.2365,,C,4696.36,Current,Active,47
3067,2406,Credit Card,2023-08-04,12928.23,0.2365,,B,2566.47,Current,Active,35
3068,2409,Mortgage,2022-02-05,606841.34,0.0673,180.0,B,394906.0,Current,Active,53
3069,2410,Credit Card,2026-05-11,4899.25,0.2298,,B,1631.9,Current,Active,2
3070,2411,Auto Loan,2023-07-21,31923.83,0.0811,36.0,D,0.0,Current,Paid Off,36
3071,2413,Personal Loan,2025-06-27,4560.03,0.0917,36.0,D,2959.55,Current,Active,13
3072,2413,Credit Card,2025-12-10,3642.11,0.2222,,C,1781.31,90+ DPD,Charged Off,7
3073,2414,Auto Loan,2023-06-01,20337.5,0.0673,36.0,D,0.0,Current,Paid Off,37
3074,2415,Credit Card,2023-03-08,10416.47,0.2528,,E,5581.88,90+ DPD,Charged Off,40
3075,2416,Personal Loan,2026-04-19,22776.93,0.1435,48.0,B,20563.0,Current,Active,3
3076,2416,Auto Loan,2025-04-22,20788.22,0.0576,36.0,B,11062.57,Current,Active,15
3077,2417,Auto Loan,2022-09-08,12577.54,0.1027,48.0,C,614.94,Current,Active,46
3078,2417,Auto Loan,2024-05-04,15288.56,0.0699,60.0,D,11602.4,90+ DPD,Charged Off,26
3079,2419,Auto Loan,2024-11-15,41690.57,0.0542,60.0,A,25954.4,Current,Active,20
3080,2420,Credit Card,2026-05-27,6746.9,0.1628,,D,3343.05,Current,Active,2
3081,2421,Personal Loan,2023-08-28,21980.55,0.1421,48.0,B,5737.14,Current,Active,35
3082,2421,Auto Loan,2022-07-24,30549.46,0.072,72.0,B,10384.53,60-89 DPD,Active,48
3083,2422,Auto Loan,2024-06-06,36832.58,0.0892,48.0,C,14938.44,90+ DPD,Charged Off,25
3084,2423,Auto Loan,2026-05-29,36938.81,0.1031,60.0,C,33251.83,90+ DPD,Active,2
3085,2425,Personal Loan,2024-11-24,11521.16,0.1256,24.0,C,1732.69,Current,Active,20
3086,2425,Personal Loan,2023-03-27,17650.58,0.0964,48.0,B,2768.93,Current,Active,40
3087,2426,Credit Card,2023-07-18,8177.45,0.2333,,A,6790.67,Current,Active,36
3088,2426,Mortgage,2023-10-23,121025.52,0.0518,180.0,A,98326.96,Current,Active,33
3089,2427,Personal Loan,2024-01-30,21165.62,0.1482,24.0,B,0.0,Current,Paid Off,30
3090,2428,Credit Card,2023-04-23,1274.97,0.1909,,B,701.67,Current,Active,39
3091,2428,Personal Loan,2022-05-09,11579.48,0.1092,48.0,C,0.0,Current,Paid Off,50
3092,2429,Mortgage,2024-05-22,286487.81,0.0688,180.0,B,227671.03,Current,Active,26
3093,2430,Personal Loan,2022-02-12,12210.34,0.0998,48.0,D,0.0,Current,Paid Off,53
3094,2430,Auto Loan,2025-09-17,42240.77,0.0778,36.0,C,27891.75,Current,Active,10
3095,2431,Mortgage,2023-08-01,526214.03,0.0472,360.0,B,464916.41,Current,Active,35
3096,2431,Mortgage,2026-03-22,189060.19,0.0553,180.0,D,176571.39,Current,Active,4
3097,2431,Credit Card,2023-04-19,1592.05,0.256,,C,1055.75,90+ DPD,Charged Off,39
3098,2432,Mortgage,2024-06-30,553315.17,0.0544,180.0,B,464063.79,Current,Active,25
3099,2433,Auto Loan,2022-04-29,39752.14,0.0733,48.0,A,0.0,Current,Paid Off,51
3100,2434,Personal Loan,2026-04-14,20712.19,0.1615,48.0,A,20267.28,Current,Active,3
3101,2434,Credit Card,2023-02-01,17757.22,0.2476,,B,8587.76,90+ DPD,Charged Off,41
3102,2434,Credit Card,2022-05-11,13302.99,0.1946,,A,10712.44,Current,Active,50
3103,2435,Credit Card,2023-03-09,7027.56,0.1781,,A,3527.71,Current,Active,40
3104,2437,Personal Loan,2022-01-15,22123.63,0.1896,24.0,C,0.0,Current,Paid Off,54
3105,2437,Auto Loan,2025-04-29,40217.06,0.0817,60.0,C,29814.68,Current,Active,15
3106,2437,Personal Loan,2025-04-17,18975.27,0.128,48.0,B,12723.94,Current,Active,15
3107,2439,Auto Loan,2023-04-07,22228.44,0.071,36.0,B,0.0,Current,Paid Off,39
3108,2439,Credit Card,2023-01-23,2008.7,0.2141,,B,1338.78,Current,Active,42
3109,2439,Auto Loan,2023-06-29,31755.04,0.0726,36.0,C,0.0,Current,Paid Off,37
3110,2440,Personal Loan,2023-01-01,12404.74,0.173,36.0,B,0.0,Current,Paid Off,42
3111,2441,Auto Loan,2022-09-11,36596.83,0.0995,72.0,D,11956.3,30-59 DPD,Active,46
3112,2441,Credit Card,2023-04-17,14354.9,0.2518,,E,5044.48,30-59 DPD,Active,39
3113,2442,Auto Loan,2023-05-30,37512.76,0.1023,48.0,D,7809.02,Current,Active,38
3114,2443,Mortgage,2023-07-27,539782.86,0.0577,240.0,A,431230.99,Current,Active,36
3115,2444,Credit Card,2026-05-06,12257.19,0.2476,,C,9185.39,Current,Active,2
3116,2445,Credit Card,2024-07-03,8625.7,0.2592,,C,7222.21,Current,Active,24
3117,2448,Mortgage,2022-06-30,293366.21,0.061,180.0,A,213641.17,Current,Active,49
3118,2449,Mortgage,2022-10-19,330154.21,0.0733,240.0,C,242186.42,Current,Active,45
3119,2449,Credit Card,2025-07-26,10672.57,0.1942,,A,5649.37,Current,Active,12
3120,2452,Credit Card,2022-10-24,19828.8,0.1648,,C,15225.86,Current,Active,45
3121,2454,Personal Loan,2025-03-21,20391.47,0.1601,36.0,A,11419.34,Current,Active,16
3122,2456,Credit Card,2025-02-03,9843.18,0.2558,,A,7383.72,Current,Active,17
3123,2457,Credit Card,2023-10-15,19187.28,0.2397,,C,5881.78,Current,Active,33
3124,2458,Auto Loan,2023-11-18,31514.97,0.0616,48.0,D,18262.12,90+ DPD,Charged Off,32
3125,2459,Personal Loan,2026-05-18,8891.87,0.1391,24.0,A,8015.67,Current,Active,2
3126,2460,Auto Loan,2023-05-12,18789.77,0.0756,72.0,B,9144.35,Current,Active,38
3127,2461,Credit Card,2026-01-01,13999.3,0.166,,A,7998.63,Current,Active,6
3128,2462,Auto Loan,2025-03-30,40981.99,0.0932,36.0,D,22299.69,90+ DPD,Charged Off,16
3129,2463,Auto Loan,2024-07-09,19775.72,0.06,48.0,B,9265.31,Current,Active,24
3130,2464,Credit Card,2025-01-30,2872.88,0.2385,,B,1908.01,Current,Active,18
3131,2465,Auto Loan,2022-01-26,14157.87,0.088,60.0,B,1414.98,Current,Active,54
3132,2466,Personal Loan,2024-01-22,7336.64,0.172,48.0,B,2630.78,Current,Active,30
3133,2466,Credit Card,2023-02-12,7461.61,0.1948,,D,2446.42,Current,Active,41
3134,2469,Auto Loan,2023-04-22,42417.64,0.0625,36.0,B,0.0,Current,Paid Off,39
3135,2469,Credit Card,2023-12-04,6796.64,0.2342,,E,1583.19,Current,Active,31
3136,2470,Auto Loan,2025-11-26,32987.3,0.0755,60.0,C,28171.85,Current,Active,8
3137,2470,Personal Loan,2025-04-13,3667.24,0.167,48.0,B,2586.2,Current,Active,15
3138,2471,Auto Loan,2025-03-23,31240.81,0.1069,72.0,A,27883.17,90+ DPD,Charged Off,16
3139,2471,Personal Loan,2024-08-18,21758.42,0.1316,48.0,D,20280.55,90+ DPD,Charged Off,23
3140,2473,Personal Loan,2025-07-01,8947.04,0.0915,48.0,A,6080.97,Current,Active,12
3141,2474,Mortgage,2024-07-04,314707.48,0.0504,180.0,B,269888.07,Current,Active,24
3142,2475,Credit Card,2022-07-16,4033.95,0.2345,,C,3543.15,90+ DPD,Charged Off,48
3143,2475,Auto Loan,2024-06-18,30932.14,0.0814,36.0,B,9610.45,Current,Active,25
3144,2476,Personal Loan,2023-12-12,6319.5,0.0982,24.0,A,0.0,Current,Paid Off,31
3145,2477,Personal Loan,2022-04-13,24002.04,0.1257,24.0,B,0.0,Current,Paid Off,51
3146,2479,Credit Card,2023-08-25,9834.9,0.2588,,C,6488.56,Current,Active,35
3147,2479,Mortgage,2022-10-19,220835.29,0.0614,180.0,D,153980.04,60-89 DPD,Active,45
3148,2481,Credit Card,2025-02-23,17932.11,0.2217,,C,14144.14,Current,Active,17
3149,2482,Auto Loan,2024-03-12,44473.26,0.0945,60.0,A,22621.69,Current,Active,28
3150,2482,Auto Loan,2024-07-06,37887.72,0.0816,72.0,B,23413.84,Current,Active,24
3151,2483,Credit Card,2022-11-02,11773.15,0.1885,,C,7361.06,30-59 DPD,Active,44
3152,2483,Credit Card,2026-04-25,12574.24,0.206,,D,10659.05,Current,Active,3
3153,2484,Mortgage,2022-12-20,348958.11,0.0516,360.0,C,307273.89,Current,Active,43
3154,2485,Auto Loan,2023-10-13,32816.74,0.1058,36.0,C,2786.83,Current,Active,33
3155,2486,Auto Loan,2023-03-12,20213.51,0.0963,48.0,B,3043.98,Current,Active,40
3156,2487,Personal Loan,2022-12-24,7434.36,0.1706,48.0,C,804.85,Current,Active,43
3157,2487,Credit Card,2022-10-27,3586.44,0.1766,,D,1718.88,Current,Active,45
3158,2488,Mortgage,2025-06-26,174301.67,0.0541,360.0,A,165641.22,Current,Active,13
3159,2488,Credit Card,2025-11-03,8143.36,0.2151,,C,1790.95,Current,Active,8
3160,2489,Credit Card,2023-06-02,8486.28,0.2474,,B,2453.12,Current,Active,37
3161,2489,Personal Loan,2025-11-01,8612.2,0.1555,24.0,A,5614.0,Current,Active,8
3162,2490,Personal Loan,2026-03-18,5652.45,0.1726,24.0,D,4378.29,90+ DPD,Charged Off,4
3163,2490,Personal Loan,2024-12-20,12979.66,0.1283,36.0,E,5994.58,60-89 DPD,Active,19
3164,2491,Personal Loan,2022-05-24,14624.87,0.1424,24.0,E,0.0,Current,Paid Off,50
3165,2492,Credit Card,2023-02-11,6008.72,0.2193,,B,3935.2,Current,Active,41
3166,2494,Credit Card,2022-09-12,14218.71,0.1611,,B,2812.01,Current,Active,46
3167,2495,Personal Loan,2023-04-21,21602.23,0.1005,48.0,D,15818.28,90+ DPD,Charged Off,39
3168,2496,Credit Card,2023-02-24,14289.67,0.1761,,C,9091.09,Current,Active,41
3169,2497,Personal Loan,2025-08-14,8326.2,0.1321,48.0,B,6479.6,Current,Active,11
3170,2497,Mortgage,2023-02-16,622149.62,0.0512,180.0,C,478765.64,Current,Active,41
3171,2498,Auto Loan,2023-09-10,44810.37,0.0568,72.0,A,21580.07,Current,Active,34
3172,2498,Personal Loan,2025-03-28,13098.15,0.1444,24.0,B,4041.38,Current,Active,16
3173,2498,Personal Loan,2023-09-27,3219.6,0.0954,36.0,C,183.67,Current,Active,34
3174,2499,Auto Loan,2022-12-31,28317.85,0.0965,72.0,A,10319.71,Current,Active,43
3175,2501,Credit Card,2024-11-23,18968.84,0.2449,,C,6245.38,Current,Active,20
3176,2503,Auto Loan,2022-08-03,21857.85,0.0509,60.0,D,17236.78,90+ DPD,Charged Off,47
3177,2503,Personal Loan,2023-06-19,18194.89,0.1223,24.0,D,0.0,Current,Paid Off,37
3178,2505,Auto Loan,2023-10-27,44083.41,0.1005,60.0,D,19770.26,Current,Active,33
3179,2506,Personal Loan,2023-07-23,11783.41,0.1771,36.0,B,0.0,Current,Paid Off,36
3180,2506,Credit Card,2024-06-03,3723.99,0.1748,,A,1971.68,Current,Active,25
3181,2506,Personal Loan,2022-01-07,7039.28,0.174,24.0,A,0.0,Current,Paid Off,54
3182,2509,Auto Loan,2024-05-02,9157.59,0.0948,60.0,B,4921.03,Current,Active,26
3183,2509,Credit Card,2022-10-25,17441.88,0.1976,,B,7270.04,Current,Active,45
3184,2509,Personal Loan,2025-09-17,24299.72,0.1858,36.0,A,16310.66,Current,Active,10
3185,2510,Personal Loan,2023-01-22,18207.64,0.1377,48.0,A,2346.3,Current,Active,42
3186,2510,Personal Loan,2023-04-20,11907.73,0.1435,36.0,A,0.0,Current,Paid Off,39
3187,2511,Auto Loan,2025-06-23,9845.63,0.1065,48.0,D,3761.76,90+ DPD,Charged Off,13
3188,2512,Mortgage,2023-11-30,357897.96,0.0533,240.0,C,311528.71,Current,Active,32
3189,2514,Credit Card,2024-09-04,11204.25,0.2167,,B,6728.69,Current,Active,22
3190,2515,Personal Loan,2022-10-30,23978.48,0.0945,24.0,D,0.0,Current,Paid Off,45
3191,2515,Credit Card,2024-10-16,6960.16,0.2495,,B,2698.34,Current,Active,21
3192,2516,Credit Card,2022-08-05,15847.49,0.21,,B,12357.05,Current,Active,47
3193,2516,Credit Card,2024-04-16,4385.29,0.1877,,D,3894.24,90+ DPD,Charged Off,27
3194,2518,Auto Loan,2025-12-25,17588.32,0.1082,48.0,C,15506.54,Current,Active,7
3195,2521,Auto Loan,2024-01-01,13946.5,0.0719,48.0,B,5449.9,Current,Active,30
3196,2522,Credit Card,2025-01-21,10716.32,0.1945,,B,5238.71,Current,Active,18
3197,2522,Auto Loan,2022-12-23,16680.57,0.0721,72.0,C,6758.34,Current,Active,43
3198,2523,Personal Loan,2024-05-07,16301.38,0.1239,36.0,B,4380.62,Current,Active,26
3199,2524,Credit Card,2026-04-14,6047.15,0.2427,,B,2242.01,Current,Active,3
3200,2525,Credit Card,2026-01-03,1773.39,0.1699,,B,1432.01,Current,Active,6
3201,2527,Personal Loan,2024-03-23,22777.8,0.1187,48.0,A,9949.08,Current,Active,28
3202,2527,Credit Card,2026-04-06,7119.77,0.1626,,B,3857.11,Current,Active,3
3203,2527,Credit Card,2025-07-09,12191.97,0.2574,,A,3248.0,Current,Active,12
3204,2528,Credit Card,2025-05-06,12189.38,0.2166,,B,3074.53,Current,Active,14
3205,2529,Personal Loan,2025-02-22,16384.61,0.1355,36.0,A,8680.04,Current,Active,17
3206,2530,Mortgage,2022-05-31,165054.74,0.0697,180.0,C,119167.37,Current,Active,50
3207,2531,Credit Card,2022-03-09,16880.54,0.1847,,A,9007.81,Current,Active,52
3208,2532,Mortgage,2024-09-07,349495.18,0.067,360.0,C,322291.86,Current,Active,22
3209,2533,Personal Loan,2025-07-19,9210.93,0.1643,36.0,B,5977.08,Current,Active,12
3210,2533,Auto Loan,2022-07-09,35301.73,0.0679,36.0,C,0.0,Current,Paid Off,48
3211,2533,Personal Loan,2023-08-16,21995.68,0.1118,48.0,C,6105.13,Current,Active,35
3212,2535,Personal Loan,2024-11-06,22406.17,0.0918,48.0,A,11945.18,Current,Active,20
3213,2536,Mortgage,2023-09-30,379801.36,0.0553,240.0,A,302334.7,Current,Active,34
3214,2537,Auto Loan,2023-02-27,18828.15,0.079,60.0,D,5519.05,Current,Active,41
3215,2537,Credit Card,2025-01-23,17252.47,0.1733,,C,1884.97,Current,Active,18
3216,2537,Credit Card,2025-08-03,5585.94,0.1784,,B,2559.86,Current,Active,11
3217,2538,Personal Loan,2022-03-01,23002.76,0.1651,48.0,B,0.0,Current,Paid Off,52
3218,2538,Auto Loan,2022-06-30,18890.86,0.064,72.0,A,6241.56,Current,Active,49
3219,2539,Auto Loan,2025-07-04,43957.18,0.0909,60.0,E,38680.98,90+ DPD,Charged Off,12
3220,2539,Auto Loan,2022-02-04,14410.03,0.1093,72.0,D,3451.13,Current,Active,53
3221,2540,Personal Loan,2023-09-12,13681.73,0.1048,36.0,C,773.82,Current,Active,34
3222,2541,Auto Loan,2023-09-02,44083.33,0.0877,72.0,B,21782.74,Current,Active,34
3223,2541,Personal Loan,2023-04-20,13443.37,0.1717,24.0,A,0.0,Current,Paid Off,39
3224,2543,Personal Loan,2025-07-02,5976.52,0.133,24.0,A,3926.73,90+ DPD,Charged Off,12
3225,2544,Credit Card,2023-04-27,4236.51,0.1876,,E,2486.36,60-89 DPD,Active,39
3226,2545,Credit Card,2025-02-22,2592.62,0.254,,A,757.77,Current,Active,17
3227,2547,Credit Card,2025-04-05,15478.35,0.2198,,C,2491.66,Current,Active,15
3228,2549,Personal Loan,2023-07-11,22282.53,0.1578,24.0,C,0.0,Current,Paid Off,36
3229,2549,Credit Card,2022-08-02,5131.08,0.2244,,C,994.05,Current,Active,47
3230,2550,Credit Card,2022-03-10,6559.59,0.1771,,B,5308.68,Current,Active,52
3231,2550,Personal Loan,2022-06-18,5006.2,0.1215,36.0,A,0.0,Current,Paid Off,49
3232,2551,Auto Loan,2022-10-05,14371.29,0.1,72.0,C,10001.59,90+ DPD,Charged Off,45
3233,2552,Personal Loan,2023-12-05,7136.44,0.1663,48.0,B,2426.91,30-59 DPD,Active,31
3234,2553,Credit Card,2023-12-23,2029.32,0.207,,B,896.4,Current,Active,31
3235,2554,Auto Loan,2024-09-22,41254.33,0.0978,60.0,D,36121.7,90+ DPD,Charged Off,22
3236,2555,Credit Card,2022-06-27,14249.29,0.2272,,E,11716.21,90+ DPD,Charged Off,49
3237,2555,Auto Loan,2023-03-12,29700.08,0.0848,36.0,B,0.0,Current,Paid Off,40
3238,2555,Personal Loan,2025-10-18,3558.32,0.1738,36.0,C,2723.56,Current,Active,9
3239,2556,Personal Loan,2022-12-09,18805.42,0.1842,48.0,A,1833.83,Current,Active,43
3240,2558,Personal Loan,2025-08-17,12421.99,0.0973,36.0,B,8627.05,Current,Active,11
3241,2558,Credit Card,2023-05-02,4347.13,0.2075,,A,3512.39,Current,Active,38
3242,2560,Mortgage,2023-09-08,230196.53,0.0547,360.0,B,190433.91,Current,Active,34
3243,2560,Credit Card,2025-06-09,4305.71,0.2269,,C,1463.74,Current,Active,13
3244,2561,Auto Loan,2025-11-02,34005.85,0.0795,48.0,C,25934.79,30-59 DPD,Active,8
3245,2562,Personal Loan,2024-06-01,20400.59,0.1261,36.0,C,6476.78,Current,Active,25
3246,2562,Credit Card,2022-02-13,16585.97,0.2115,,C,12064.55,Current,Active,53
3247,2563,Credit Card,2023-11-03,9865.81,0.2457,,D,3476.66,Current,Active,32
3248,2564,Personal Loan,2022-06-07,3881.92,0.1559,24.0,D,0.0,Current,Paid Off,49
3249,2564,Credit Card,2024-10-25,17176.06,0.2583,,B,9773.01,30-59 DPD,Active,21
3250,2565,Credit Card,2023-10-28,19789.26,0.2084,,B,4119.31,Current,Active,33
3251,2565,Auto Loan,2024-01-06,8592.28,0.0806,48.0,B,3036.28,Current,Active,30
3252,2565,Credit Card,2023-01-13,18629.45,0.2329,,A,14321.09,Current,Active,42
3253,2566,Personal Loan,2022-02-17,13749.61,0.1196,36.0,D,0.0,Current,Paid Off,53
3254,2566,Auto Loan,2022-08-04,22902.53,0.0617,72.0,C,8272.88,Current,Active,47
3255,2567,Credit Card,2025-01-11,11419.48,0.1636,,A,8777.52,Current,Active,18
3256,2568,Credit Card,2023-02-18,19713.08,0.2427,,A,5916.01,Current,Active,41
3257,2569,Mortgage,2023-12-08,366115.24,0.0617,180.0,A,287652.22,Current,Active,31
3258,2569,Auto Loan,2025-01-14,15062.06,0.1079,36.0,A,7484.61,Current,Active,18
3259,2570,Auto Loan,2026-04-25,28122.73,0.0536,48.0,C,24424.18,90+ DPD,Charged Off,3
3260,2570,Personal Loan,2022-07-01,5068.41,0.1231,24.0,D,0.0,Current,Paid Off,48
3261,2570,Mortgage,2024-08-18,453707.82,0.0621,180.0,D,413920.99,Current,Active,23
3262,2571,Personal Loan,2025-02-28,16031.36,0.1201,24.0,B,4408.38,Current,Active,17
3263,2571,Credit Card,2025-05-22,18186.26,0.1706,,B,4766.93,Current,Active,14
3264,2571,Credit Card,2022-03-30,19976.12,0.2563,,E,17183.39,90+ DPD,Charged Off,52
3265,2573,Personal Loan,2025-12-16,8455.02,0.1888,24.0,C,5537.74,Current,Active,7
3266,2574,Credit Card,2022-07-05,9019.08,0.2559,,D,5408.56,Current,Active,48
3267,2575,Personal Loan,2026-03-05,9354.79,0.1451,36.0,C,8488.14,Current,Active,4
3268,2578,Personal Loan,2025-02-23,19666.93,0.169,36.0,B,10624.45,30-59 DPD,Active,17
3269,2580,Credit Card,2024-01-07,8589.19,0.2211,,E,6923.95,30-59 DPD,Active,30
3270,2581,Personal Loan,2025-11-04,23814.89,0.0924,36.0,D,19390.0,Current,Active,8
3271,2582,Personal Loan,2023-01-05,9113.37,0.0904,48.0,B,1194.31,Current,Active,42
3272,2582,Personal Loan,2023-05-01,18364.44,0.1356,24.0,C,0.0,Current,Paid Off,38
3273,2584,Credit Card,2024-12-25,2126.1,0.1788,,A,1037.85,Current,Active,19
3274,2585,Credit Card,2024-12-27,8432.87,0.1637,,D,4750.27,Current,Active,19
3275,2586,Personal Loan,2024-05-06,20136.32,0.1171,48.0,A,9436.09,Current,Active,26
3276,2587,Mortgage,2025-03-18,217097.37,0.0606,360.0,B,198279.76,Current,Active,16
3277,2588,Personal Loan,2024-08-12,24693.57,0.1282,24.0,C,1171.72,30-59 DPD,Active,23
3278,2588,Credit Card,2024-04-30,17714.45,0.2032,,B,9251.15,30-59 DPD,Active,27
3279,2589,Personal Loan,2025-06-28,12382.01,0.1323,36.0,B,7525.39,Current,Active,13
3280,2590,Personal Loan,2023-06-04,17917.7,0.187,36.0,C,0.0,Current,Paid Off,37
3281,2590,Credit Card,2023-10-04,18422.3,0.1946,,D,8327.4,90+ DPD,Active,33
3282,2591,Auto Loan,2022-03-24,18284.71,0.0847,60.0,B,2205.77,Current,Active,52
3283,2591,Personal Loan,2025-05-21,12847.68,0.1117,48.0,D,9295.01,30-59 DPD,Active,14
3284,2592,Credit Card,2022-09-16,11462.37,0.205,,A,9046.94,Current,Active,46
3285,2592,Personal Loan,2024-03-23,10112.94,0.1017,48.0,B,3806.19,Current,Active,28
3286,2594,Mortgage,2024-07-21,602367.91,0.0513,240.0,B,569163.76,Current,Active,24
3287,2595,Auto Loan,2026-03-28,31486.28,0.0962,48.0,E,19517.82,90+ DPD,Charged Off,4
3288,2595,Auto Loan,2026-04-16,13369.42,0.0581,48.0,E,12055.1,Current,Active,3
3289,2596,Personal Loan,2025-07-17,12822.45,0.1797,36.0,D,8410.51,60-89 DPD,Active,12
3290,2597,Personal Loan,2025-10-08,18406.45,0.0951,36.0,A,13170.3,Current,Active,9
3291,2597,Credit Card,2025-02-20,15278.52,0.2383,,C,12320.4,Current,Active,17
3292,2598,Auto Loan,2024-03-26,39545.53,0.0827,72.0,D,24097.63,Current,Active,28
3293,2599,Auto Loan,2022-06-16,28936.57,0.0772,72.0,B,9593.34,Current,Active,49
3294,2599,Credit Card,2023-12-13,5365.43,0.1675,,C,3894.14,90+ DPD,Charged Off,31
3295,2600,Personal Loan,2022-01-30,9464.52,0.1702,48.0,A,0.0,Current,Paid Off,54
3296,2600,Personal Loan,2025-12-04,15869.28,0.183,48.0,B,13935.12,Current,Active,7
3297,2601,Personal Loan,2023-10-05,17932.25,0.1055,36.0,D,12639.11,90+ DPD,Charged Off,33
3298,2601,Auto Loan,2023-09-19,10041.03,0.077,48.0,D,8202.5,90+ DPD,Charged Off,34
3299,2602,Credit Card,2022-10-22,5860.13,0.1963,,B,773.21,Current,Active,45
3300,2602,Credit Card,2022-08-06,16171.72,0.185,,C,6320.05,Current,Active,47
3301,2603,Personal Loan,2024-04-29,3791.94,0.1166,36.0,A,903.93,Current,Active,27
3302,2603,Personal Loan,2024-10-23,3557.18,0.1222,36.0,A,1396.87,Current,Active,21
3303,2604,Mortgage,2023-03-19,599838.76,0.0586,360.0,B,488573.23,30-59 DPD,Active,40
3304,2604,Personal Loan,2025-09-30,19355.09,0.1194,48.0,B,15662.83,Current,Active,10
3305,2605,Auto Loan,2022-08-31,34703.46,0.0788,36.0,A,0.0,Current,Paid Off,47
3306,2605,Auto Loan,2024-11-12,30649.84,0.1058,48.0,A,18561.73,Current,Active,20
3307,2605,Mortgage,2025-10-06,270561.35,0.0677,360.0,B,252814.56,Current,Active,9
3308,2606,Personal Loan,2024-10-21,3927.95,0.1705,48.0,A,2119.85,Current,Active,21
3309,2607,Personal Loan,2022-07-01,12597.0,0.1382,36.0,E,0.0,Current,Paid Off,48
3310,2608,Auto Loan,2023-08-03,31587.42,0.0926,48.0,C,8723.43,Current,Active,35
3311,2609,Auto Loan,2024-10-30,29358.17,0.0685,48.0,C,15576.21,Current,Active,21
3312,2610,Auto Loan,2024-12-05,33009.83,0.0594,72.0,B,22504.98,Current,Active,19
3313,2611,Personal Loan,2025-12-07,12927.82,0.1063,24.0,D,5268.21,90+ DPD,Charged Off,7
3314,2611,Auto Loan,2022-08-04,22714.55,0.0841,48.0,E,1054.41,Current,Active,47
3315,2612,Credit Card,2022-07-26,3299.3,0.1762,,B,533.93,Current,Active,48
3316,2613,Personal Loan,2023-12-06,6031.75,0.0913,48.0,B,2051.21,Current,Active,31
3317,2614,Auto Loan,2024-01-23,22979.78,0.0782,60.0,A,11282.27,Current,Active,30
3318,2614,Credit Card,2025-09-28,11165.18,0.2448,,A,5341.87,Current,Active,10
3319,2614,Credit Card,2023-10-05,15601.36,0.1983,,B,5299.65,Current,Active,33
3320,2615,Personal Loan,2025-05-30,11450.81,0.1496,36.0,C,8633.64,90+ DPD,Charged Off,14
3321,2615,Auto Loan,2024-04-01,11387.01,0.0817,72.0,C,7375.5,Current,Active,27
3322,2615,Personal Loan,2024-05-27,10240.02,0.164,48.0,B,4899.83,Current,Active,26
3323,2616,Credit Card,2025-01-01,2918.01,0.1644,,D,355.82,Current,Active,18
3324,2617,Auto Loan,2024-02-29,9776.76,0.0565,72.0,B,5396.27,Current,Active,29
3325,2617,Auto Loan,2024-08-31,29680.45,0.0901,72.0,C,18702.68,Current,Active,23
3326,2618,Personal Loan,2025-03-15,22707.77,0.0992,24.0,D,7390.79,90+ DPD,Active,16
3327,2619,Credit Card,2025-09-03,11082.77,0.2008,,E,8112.87,Current,Active,10
3328,2620,Personal Loan,2026-04-26,3215.88,0.168,24.0,A,2909.12,Current,Active,3
3329,2620,Credit Card,2022-06-18,16588.51,0.1638,,B,2197.98,Current,Active,49
3330,2622,Auto Loan,2024-02-06,23606.26,0.0809,36.0,C,4629.98,Current,Active,29
3331,2623,Credit Card,2025-08-08,15059.79,0.2338,,B,2499.03,Current,Active,11
3332,2623,Personal Loan,2022-06-21,5880.4,0.1847,36.0,A,0.0,Current,Paid Off,49
3333,2625,Mortgage,2024-12-10,592727.49,0.065,240.0,B,553931.8,Current,Active,19
3334,2625,Auto Loan,2023-08-31,23779.19,0.0609,60.0,A,9152.85,Current,Active,35
3335,2626,Auto Loan,2026-02-14,11475.96,0.0538,48.0,B,10441.28,Current,Active,5
3336,2627,Credit Card,2025-05-29,18777.63,0.2464,,D,14429.63,90+ DPD,Active,14
3337,2628,Auto Loan,2022-07-12,21374.71,0.0783,48.0,A,0.0,Current,Paid Off,48
3338,2629,Personal Loan,2023-10-05,20777.11,0.1064,48.0,A,5955.66,Current,Active,33
3339,2630,Credit Card,2026-04-07,11658.31,0.2381,,A,5823.08,Current,Active,3
3340,2631,Auto Loan,2025-02-16,43151.1,0.0511,72.0,B,31665.8,Current,Active,17
3341,2631,Auto Loan,2025-07-20,42904.89,0.0583,36.0,B,26445.58,Current,Active,12
3342,2633,Credit Card,2024-05-19,15846.16,0.2279,,C,2707.15,Current,Active,26
3343,2633,Mortgage,2025-07-01,556218.88,0.0611,360.0,A,505645.82,Current,Active,12
3344,2633,Personal Loan,2022-07-27,4419.82,0.1733,48.0,A,0.0,Current,Paid Off,48
3345,2634,Auto Loan,2023-11-01,35343.49,0.0667,36.0,C,3923.64,Current,Active,32
3346,2635,Personal Loan,2023-06-22,7839.78,0.1863,24.0,A,0.0,Current,Paid Off,37
3347,2635,Auto Loan,2024-06-13,25676.81,0.1075,72.0,B,15604.04,Current,Active,25
3348,2636,Credit Card,2025-09-12,5627.6,0.2446,,B,3162.23,Current,Active,10
3349,2638,Personal Loan,2025-10-08,6722.87,0.1825,48.0,C,5271.04,Current,Active,9
3350,2639,Credit Card,2022-01-18,19519.18,0.1918,,B,13181.63,Current,Active,54
3351,2641,Auto Loan,2023-08-29,16785.13,0.0869,60.0,B,6592.77,Current,Active,35
3352,2642,Credit Card,2024-05-13,13153.36,0.2462,,B,2117.58,60-89 DPD,Active,26
3353,2643,Credit Card,2024-03-15,5910.92,0.1935,,D,4531.05,Current,Active,28
3354,2644,Credit Card,2025-03-13,19728.07,0.2475,,C,14435.18,30-59 DPD,Active,16
3355,2646,Personal Loan,2023-04-02,15287.29,0.1215,48.0,B,2896.02,Current,Active,39
3356,2646,Auto Loan,2023-10-04,15892.92,0.0898,60.0,A,7221.31,Current,Active,33
3357,2647,Credit Card,2023-05-14,16620.23,0.163,,A,12190.33,Current,Active,38
3358,2647,Credit Card,2022-08-05,10005.14,0.177,,D,2538.52,Current,Active,47
3359,2647,Credit Card,2023-08-11,4451.6,0.2583,,C,2775.74,90+ DPD,Charged Off,35
3360,2648,Credit Card,2022-05-04,11272.21,0.161,,C,3226.56,30-59 DPD,Active,50
3361,2650,Credit Card,2025-05-10,6419.98,0.1832,,D,3646.47,90+ DPD,Charged Off,14
3362,2651,Auto Loan,2023-06-16,39220.88,0.0629,72.0,A,18838.09,Current,Active,37
3363,2652,Personal Loan,2025-02-14,15369.33,0.1259,36.0,C,8287.74,Current,Active,17
3364,2653,Auto Loan,2022-10-12,34042.65,0.0955,60.0,B,8124.2,Current,Active,45
3365,2655,Personal Loan,2024-02-27,11798.54,0.1721,36.0,B,2199.48,Current,Active,29
3366,2655,Auto Loan,2022-04-07,39407.07,0.0725,48.0,B,0.0,Current,Paid Off,51
3367,2656,Personal Loan,2023-02-05,8897.59,0.1557,48.0,C,1284.29,90+ DPD,Active,41
3368,2656,Personal Loan,2022-03-17,5127.17,0.1235,36.0,B,0.0,Current,Paid Off,52
3369,2657,Personal Loan,2025-08-05,22273.56,0.1533,24.0,C,12643.6,Current,Active,11
3370,2657,Auto Loan,2025-01-05,35115.51,0.0701,60.0,A,22907.26,Current,Active,18
3371,2660,Personal Loan,2025-09-05,21518.4,0.1623,24.0,C,13072.12,Current,Active,10
3372,2662,Personal Loan,2023-07-19,3895.45,0.0902,24.0,E,0.0,Current,Paid Off,36
3373,2663,Credit Card,2022-06-12,14795.97,0.1769,,C,6634.3,Current,Active,49
3374,2664,Credit Card,2025-01-26,19447.47,0.2014,,E,10005.71,Current,Active,18
3375,2666,Auto Loan,2023-05-31,44082.94,0.1051,36.0,B,0.0,Current,Paid Off,38
3376,2667,Auto Loan,2023-08-10,41831.18,0.0809,60.0,A,16245.8,Current,Active,35
3377,2668,Personal Loan,2023-06-15,20977.47,0.1201,24.0,B,0.0,Current,Paid Off,37
3378,2668,Mortgage,2022-10-26,591075.9,0.0513,240.0,D,228159.16,90+ DPD,Charged Off,45
3379,2669,Auto Loan,2024-08-01,31726.31,0.0731,60.0,B,18637.42,Current,Active,23
3380,2670,Personal Loan,2022-08-23,24100.37,0.1318,48.0,A,1250.81,Current,Active,47
3381,2672,Auto Loan,2022-04-22,28122.68,0.0824,48.0,A,0.0,Current,Paid Off,51
3382,2672,Mortgage,2022-01-01,445857.81,0.0556,180.0,B,291765.05,Current,Active,54
3383,2674,Personal Loan,2023-12-21,9178.2,0.105,36.0,C,1304.41,Current,Active,31
3384,2674,Personal Loan,2025-11-13,11707.84,0.1043,48.0,B,10181.56,Current,Active,8
3385,2675,Credit Card,2022-02-26,15613.24,0.2129,,D,8948.78,Current,Active,53
3386,2675,Personal Loan,2025-06-01,10829.28,0.1747,36.0,E,6290.21,90+ DPD,Charged Off,13
3387,2676,Personal Loan,2024-04-01,10110.84,0.1804,48.0,C,4443.68,Current,Active,27
3388,2676,Personal Loan,2025-10-20,16609.41,0.16,36.0,A,11370.05,Current,Active,9
3389,2677,Credit Card,2024-12-17,16288.94,0.1613,,D,4056.03,90+ DPD,Active,19
3390,2681,Credit Card,2024-02-01,11867.08,0.2431,,E,10497.73,90+ DPD,Charged Off,29
3391,2682,Auto Loan,2023-06-30,42654.13,0.0648,60.0,A,15951.97,Current,Active,37
3392,2683,Credit Card,2023-06-26,10358.89,0.2136,,B,6051.97,Current,Active,37
3393,2683,Mortgage,2023-09-18,306661.42,0.0603,360.0,C,287432.29,Current,Active,34
3394,2685,Mortgage,2025-09-05,190782.33,0.0735,240.0,B,165522.0,Current,Active,10
3395,2686,Personal Loan,2023-02-28,24153.69,0.1257,36.0,A,0.0,Current,Paid Off,41
3396,2688,Mortgage,2024-03-07,362396.38,0.0653,360.0,B,321786.15,Current,Active,28
3397,2689,Personal Loan,2023-09-16,16194.22,0.1873,36.0,D,854.65,Current,Active,34
3398,2690,Mortgage,2022-09-01,625762.81,0.0616,360.0,A,565163.44,Current,Active,46
3399,2691,Credit Card,2022-01-21,18489.18,0.2082,,A,5540.42,Current,Active,54
3400,2692,Personal Loan,2023-04-24,10022.5,0.1397,24.0,A,0.0,Current,Paid Off,39
3401,2693,Auto Loan,2023-12-01,26168.54,0.0747,72.0,B,14060.02,Current,Active,31
3402,2693,Credit Card,2024-01-25,1042.06,0.1817,,A,849.2,Current,Active,30
3403,2693,Credit Card,2022-02-17,3334.04,0.2597,,A,1804.94,Current,Active,53
3404,2695,Auto Loan,2022-03-12,43918.5,0.0509,60.0,A,5524.59,Current,Active,52
3405,2696,Mortgage,2023-03-11,583999.88,0.0468,240.0,A,507805.4,Current,Active,40
3406,2697,Personal Loan,2022-11-10,5035.5,0.1197,24.0,C,0.0,Current,Paid Off,44
3407,2698,Credit Card,2023-08-17,10421.17,0.1826,,B,7706.14,Current,Active,35
3408,2699,Credit Card,2024-07-02,5770.15,0.2483,,E,4104.56,Current,Active,24
3409,2700,Auto Loan,2026-01-01,39212.47,0.0591,48.0,D,35436.67,Current,Active,6
3410,2701,Personal Loan,2023-10-25,17657.05,0.1519,36.0,B,1391.5,Current,Active,33
3411,2702,Mortgage,2024-12-02,381650.77,0.0456,360.0,C,341962.38,Current,Active,19
3412,2703,Credit Card,2022-07-12,5399.06,0.1824,,A,1880.54,Current,Active,48
3413,2703,Auto Loan,2024-03-06,32514.81,0.0937,48.0,B,13567.33,Current,Active,28
3414,2703,Mortgage,2025-09-11,572550.05,0.0672,360.0,A,578629.28,Current,Active,10
3415,2704,Credit Card,2023-11-12,8963.92,0.2236,,A,1446.28,Current,Active,32
3416,2704,Credit Card,2024-08-03,14488.95,0.1917,,B,8554.06,Current,Active,23
3417,2705,Mortgage,2023-08-22,313088.69,0.0529,240.0,B,264319.97,Current,Active,35
3418,2706,Auto Loan,2025-04-08,21619.4,0.0745,72.0,B,17168.35,Current,Active,15
3419,2707,Personal Loan,2023-11-26,11452.51,0.0937,36.0,A,1166.66,Current,Active,32
3420,2707,Auto Loan,2025-01-28,25370.14,0.1036,48.0,C,14442.45,Current,Active,18
3421,2708,Personal Loan,2023-09-04,12219.1,0.1585,48.0,D,5058.09,90+ DPD,Charged Off,34
3422,2708,Auto Loan,2023-10-08,8292.51,0.1027,36.0,C,653.28,Current,Active,33
3423,2709,Auto Loan,2022-05-16,32590.82,0.1096,72.0,A,26086.79,90+ DPD,Charged Off,50
3424,2709,Personal Loan,2025-02-22,3170.97,0.0964,24.0,B,949.24,Current,Active,17
3425,2710,Personal Loan,2025-02-28,7580.06,0.1517,48.0,C,4800.36,30-59 DPD,Active,17
3426,2712,Auto Loan,2025-02-17,35701.35,0.0885,72.0,C,28330.85,Current,Active,17
3427,2713,Mortgage,2024-06-06,164350.37,0.0585,360.0,C,158596.57,Current,Active,25
3428,2714,Credit Card,2022-02-18,15456.07,0.241,,A,8316.37,Current,Active,53
3429,2715,Credit Card,2023-11-01,17598.89,0.1989,,B,8387.26,Current,Active,32
3430,2715,Credit Card,2025-05-09,11706.66,0.2393,,C,3412.63,Current,Active,14
3431,2716,Personal Loan,2023-09-13,14706.46,0.1627,48.0,D,3867.54,Current,Active,34
3432,2716,Credit Card,2025-07-18,3286.89,0.1637,,C,2481.31,Current,Active,12
3433,2716,Mortgage,2023-12-16,395943.68,0.062,240.0,C,267729.34,90+ DPD,Charged Off,31
3434,2717,Credit Card,2026-04-20,6041.14,0.2358,,D,4299.37,90+ DPD,Active,3
3435,2718,Personal Loan,2025-09-20,20517.35,0.1652,36.0,E,13365.45,30-59 DPD,Active,10
3436,2718,Auto Loan,2023-03-21,19516.07,0.0879,36.0,A,0.0,Current,Paid Off,40
3437,2719,Credit Card,2023-03-23,15329.59,0.253,,A,7305.96,Current,Active,40
3438,2719,Mortgage,2024-09-19,568719.66,0.0713,360.0,B,558774.95,Current,Active,22
3439,2720,Credit Card,2025-08-08,3023.96,0.2115,,D,1825.17,90+ DPD,Charged Off,11
3440,2720,Personal Loan,2025-09-17,17776.09,0.0981,36.0,C,13371.36,Current,Active,10
3441,2721,Personal Loan,2024-10-08,4038.58,0.1697,24.0,D,497.69,Current,Active,21
3442,2723,Credit Card,2026-01-01,3396.95,0.1856,,B,2329.61,Current,Active,6
3443,2723,Auto Loan,2022-12-13,22954.43,0.0535,60.0,B,6597.87,Current,Active,43
3444,2724,Auto Loan,2025-08-07,18695.74,0.0716,48.0,C,14869.98,60-89 DPD,Active,11
3445,2725,Personal Loan,2024-07-21,12167.14,0.129,48.0,C,5793.29,Current,Active,24
3446,2725,Credit Card,2025-06-09,1240.23,0.2223,,C,407.15,Current,Active,13
3447,2726,Personal Loan,2025-08-19,7459.87,0.115,36.0,A,5277.09,Current,Active,11
3448,2726,Personal Loan,2024-11-25,10302.26,0.1158,48.0,A,6854.1,90+ DPD,Charged Off,20
3449,2727,Credit Card,2023-12-12,9450.17,0.2168,,E,3947.69,90+ DPD,Charged Off,31
3450,2727,Personal Loan,2022-09-03,20385.94,0.1189,48.0,E,920.85,Current,Active,46
3451,2727,Credit Card,2025-06-12,6159.38,0.2126,,B,1964.71,Current,Active,13
3452,2728,Auto Loan,2022-02-02,9296.22,0.0627,36.0,C,0.0,Current,Paid Off,53
3453,2728,Personal Loan,2025-07-18,16227.02,0.1414,48.0,C,11748.69,30-59 DPD,Active,12
3454,2729,Personal Loan,2022-11-16,18204.52,0.1265,24.0,A,0.0,Current,Paid Off,44
3455,2730,Mortgage,2025-09-05,122039.58,0.0666,180.0,A,115446.81,Current,Active,10
3456,2731,Auto Loan,2024-01-21,14228.11,0.0661,60.0,B,6678.4,Current,Active,30
3457,2732,Mortgage,2022-01-20,190684.3,0.0565,180.0,C,129107.09,60-89 DPD,Active,54
3458,2733,Mortgage,2025-03-13,426462.36,0.0457,360.0,B,396857.31,Current,Active,16
3459,2734,Personal Loan,2024-06-20,23241.19,0.1312,48.0,B,11035.58,Current,Active,25
3460,2735,Auto Loan,2024-04-02,21940.2,0.0952,36.0,A,5463.75,Current,Active,27
3461,2735,Personal Loan,2025-07-18,15132.98,0.1433,24.0,A,7183.14,Current,Active,12
3462,2735,Personal Loan,2026-02-01,15513.15,0.136,36.0,B,13461.72,Current,Active,5
3463,2737,Auto Loan,2025-05-28,44309.79,0.0989,36.0,B,24474.59,Current,Active,14
3464,2737,Auto Loan,2026-03-24,14651.61,0.0504,72.0,C,14032.25,Current,Active,4
3465,2738,Auto Loan,2023-07-18,24714.06,0.0613,48.0,A,5865.32,Current,Active,36
3466,2741,Auto Loan,2022-04-06,10030.22,0.0942,36.0,A,0.0,Current,Paid Off,51
3467,2741,Credit Card,2023-10-21,8452.32,0.1917,,B,7088.26,30-59 DPD,Active,33
3468,2742,Personal Loan,2023-07-03,5698.97,0.1179,48.0,E,1394.22,Current,Active,36
3469,2742,Credit Card,2025-09-03,10518.67,0.1887,,B,6633.67,Current,Active,10
3470,2743,Auto Loan,2024-12-02,13238.98,0.0698,36.0,B,6492.63,Current,Active,19
3471,2744,Credit Card,2025-08-17,8998.63,0.2401,,A,4603.47,Current,Active,11
3472,2744,Credit Card,2025-08-01,5761.89,0.16,,B,4173.65,Current,Active,11
3473,2745,Credit Card,2025-12-08,13535.01,0.2196,,B,3290.86,Current,Active,7
3474,2745,Auto Loan,2022-02-10,37591.14,0.1015,36.0,B,0.0,Current,Paid Off,53
3475,2747,Personal Loan,2024-10-18,18467.05,0.1847,48.0,C,10412.46,Current,Active,21
3476,2748,Auto Loan,2022-05-21,9874.24,0.0944,48.0,A,0.0,Current,Paid Off,50
3477,2749,Auto Loan,2025-07-25,19464.62,0.076,60.0,B,15889.62,Current,Active,12
3478,2749,Credit Card,2025-09-09,12886.53,0.2096,,A,10755.67,Current,Active,10
3479,2749,Credit Card,2023-05-18,5200.37,0.1919,,A,2652.13,Current,Active,38
3480,2750,Credit Card,2022-01-30,18971.61,0.2569,,B,7411.78,90+ DPD,Charged Off,54
3481,2750,Credit Card,2025-09-19,19842.6,0.1847,,C,5092.92,Current,Active,10
3482,2751,Auto Loan,2022-05-15,38971.27,0.0629,72.0,A,11224.15,Current,Active,50
3483,2752,Credit Card,2023-04-30,4731.93,0.224,,D,2780.77,90+ DPD,Active,39
3484,2752,Credit Card,2025-01-21,1770.71,0.2065,,A,598.12,Current,Active,18
3485,2752,Auto Loan,2025-12-15,8068.82,0.101,48.0,C,6255.33,Current,Active,7
3486,2753,Personal Loan,2025-10-28,12023.88,0.1092,48.0,B,9793.84,Current,Active,9
3487,2754,Mortgage,2024-01-29,323042.82,0.0606,360.0,B,300804.35,Current,Active,30
3488,2754,Credit Card,2022-10-26,9657.5,0.1849,,B,7436.22,Current,Active,45
3489,2756,Mortgage,2025-10-30,591424.22,0.066,180.0,B,518821.8,Current,Active,9
3490,2756,Personal Loan,2023-04-01,10339.24,0.1149,36.0,C,0.0,Current,Paid Off,39
3491,2757,Personal Loan,2023-03-14,7068.45,0.1378,24.0,C,0.0,Current,Paid Off,40
3492,2758,Credit Card,2023-09-14,17726.76,0.2529,,A,4919.93,Current,Active,34
3493,2759,Mortgage,2026-05-28,502065.24,0.0485,360.0,C,475456.72,Current,Active,2
3494,2761,Credit Card,2023-04-07,15236.66,0.1742,,A,6115.41,Current,Active,39
3495,2761,Auto Loan,2023-06-18,34334.38,0.0848,48.0,B,7888.44,30-59 DPD,Active,37
3496,2762,Auto Loan,2025-08-10,10922.5,0.0919,48.0,A,7625.2,Current,Active,11
3497,2762,Auto Loan,2024-12-12,24040.6,0.084,36.0,A,11062.23,Current,Active,19
3498,2763,Auto Loan,2026-02-24,16034.24,0.0661,60.0,B,14499.68,Current,Active,5
3499,2764,Mortgage,2022-04-29,133503.76,0.0616,180.0,B,91172.78,Current,Active,51
3500,2764,Mortgage,2023-04-17,216216.73,0.0492,240.0,B,167257.62,Current,Active,39
3501,2765,Personal Loan,2024-04-09,3503.01,0.1097,24.0,C,0.0,Current,Paid Off,27
3502,2767,Credit Card,2026-02-08,7865.54,0.2188,,D,4199.96,Current,Active,5
3503,2768,Auto Loan,2026-03-22,18471.32,0.1003,60.0,C,16914.07,Current,Active,4
3504,2768,Auto Loan,2023-06-28,11697.89,0.0993,48.0,C,2767.49,60-89 DPD,Active,37
3505,2771,Personal Loan,2023-03-22,17458.55,0.1759,24.0,D,0.0,Current,Paid Off,40
3506,2773,Personal Loan,2026-03-25,19485.39,0.1113,48.0,C,17961.28,Current,Active,4
3507,2773,Personal Loan,2026-02-16,18780.57,0.0908,36.0,B,16888.96,Current,Active,5
3508,2773,Mortgage,2022-10-01,401213.51,0.0583,240.0,B,314975.25,Current,Active,45
3509,2774,Credit Card,2025-06-08,8638.91,0.187,,B,4924.28,Current,Active,13
3510,2775,Credit Card,2025-03-26,11744.19,0.1983,,C,8989.24,Current,Active,16
3511,2775,Auto Loan,2024-10-26,21935.9,0.0561,60.0,D,14630.05,30-59 DPD,Active,21
3512,2776,Credit Card,2024-08-07,1295.99,0.1714,,B,997.83,Current,Active,23
3513,2776,Credit Card,2024-09-26,3363.89,0.2255,,B,2068.41,Current,Active,22
3514,2778,Credit Card,2025-03-22,4466.33,0.213,,A,717.09,Current,Active,16
3515,2779,Auto Loan,2022-04-01,21576.89,0.0709,60.0,B,3140.16,Current,Active,51
3516,2780,Credit Card,2025-07-31,17004.28,0.2135,,D,4684.15,Current,Active,12
3517,2780,Credit Card,2026-03-21,10093.65,0.1963,,E,8201.17,60-89 DPD,Active,4
3518,2781,Personal Loan,2023-05-16,21295.29,0.1723,24.0,A,0.0,Current,Paid Off,38
3519,2783,Auto Loan,2025-04-10,16835.39,0.1053,72.0,E,12329.97,90+ DPD,Active,15
3520,2784,Auto Loan,2025-06-09,35489.3,0.0732,72.0,D,27033.57,60-89 DPD,Active,13
3521,2784,Personal Loan,2024-01-20,21988.79,0.1157,48.0,C,8418.82,Current,Active,30
3522,2785,Auto Loan,2023-07-25,24078.72,0.0585,72.0,B,12634.31,Current,Active,36
3523,2785,Mortgage,2023-09-05,445738.16,0.0506,240.0,B,377773.21,Current,Active,34
3524,2786,Personal Loan,2023-05-07,9279.54,0.1333,36.0,B,0.0,Current,Paid Off,38
3525,2787,Personal Loan,2022-03-07,19647.26,0.094,48.0,C,0.0,Current,Paid Off,52
3526,2788,Personal Loan,2023-12-18,4799.52,0.172,24.0,C,0.0,Current,Paid Off,31
3527,2789,Auto Loan,2023-08-03,31924.49,0.0794,72.0,D,16599.21,90+ DPD,Active,35
3528,2790,Credit Card,2023-02-13,9876.09,0.2562,,C,2379.51,Current,Active,41
3529,2790,Credit Card,2025-10-06,12043.39,0.2503,,D,11011.26,90+ DPD,Charged Off,9
3530,2791,Personal Loan,2026-03-02,23486.43,0.1735,48.0,C,20435.75,Current,Active,4
3531,2792,Credit Card,2023-02-10,6057.57,0.2372,,C,3129.53,30-59 DPD,Active,41
3532,2793,Personal Loan,2024-02-25,12082.59,0.1648,36.0,C,2442.67,Current,Active,29
3533,2794,Personal Loan,2025-09-25,22400.63,0.1675,24.0,D,12472.54,90+ DPD,Active,10
3534,2795,Personal Loan,2025-09-11,23471.8,0.1182,48.0,B,16742.85,Current,Active,10
3535,2796,Auto Loan,2023-01-22,42152.19,0.0788,60.0,A,11682.72,Current,Active,42
3536,2796,Auto Loan,2024-01-08,17032.49,0.1066,60.0,B,8691.21,30-59 DPD,Active,30
3537,2797,Personal Loan,2022-03-11,19585.29,0.156,24.0,A,0.0,Current,Paid Off,52
3538,2797,Auto Loan,2023-04-27,40775.51,0.0972,60.0,B,14286.47,Current,Active,39
3539,2798,Personal Loan,2024-04-06,19054.32,0.182,24.0,C,0.0,Current,Paid Off,27
3540,2799,Credit Card,2023-07-05,6211.97,0.2494,,A,5243.13,Current,Active,36
3541,2799,Credit Card,2026-03-05,19096.5,0.2444,,A,7378.11,Current,Active,4
3542,2800,Mortgage,2023-03-30,342076.8,0.0613,360.0,A,295665.05,Current,Active,40
3543,2801,Credit Card,2022-06-22,14749.92,0.1685,,B,10335.66,Current,Active,49
3544,2801,Auto Loan,2023-11-01,30052.42,0.1071,36.0,B,3453.12,Current,Active,32
3545,2802,Personal Loan,2025-11-16,10857.05,0.1564,48.0,A,8988.0,Current,Active,8
3546,2803,Auto Loan,2023-02-23,44847.25,0.1079,72.0,B,17698.33,Current,Active,41
3547,2803,Credit Card,2025-12-28,17795.62,0.2425,,B,9282.27,Current,Active,7
3548,2804,Mortgage,2025-04-05,376154.25,0.067,180.0,C,322814.51,30-59 DPD,Active,15
3549,2804,Credit Card,2026-01-20,2154.38,0.2245,,B,1265.38,60-89 DPD,Active,6
3550,2806,Auto Loan,2023-07-27,30135.87,0.0744,72.0,B,15700.68,Current,Active,36
3551,2806,Credit Card,2025-07-06,4570.24,0.1806,,A,3739.86,Current,Active,12
3552,2806,Mortgage,2022-12-11,154802.97,0.0663,360.0,A,141049.45,Current,Active,43
3553,2807,Mortgage,2025-07-08,328634.69,0.0509,240.0,B,318107.37,Current,Active,12
3554,2807,Credit Card,2026-02-23,14055.59,0.2597,,B,6658.9,Current,Active,5
3555,2808,Personal Loan,2023-02-08,15232.61,0.1497,36.0,A,0.0,Current,Paid Off,41
3556,2808,Credit Card,2024-05-08,15003.02,0.1763,,A,6788.66,90+ DPD,Charged Off,26
3557,2809,Credit Card,2025-07-12,15065.79,0.1835,,A,3153.37,Current,Active,12
3558,2810,Personal Loan,2025-07-13,19986.9,0.1121,36.0,C,12781.04,Current,Active,12
3559,2810,Credit Card,2023-06-29,17717.6,0.2299,,C,6368.35,Current,Active,37
3560,2812,Credit Card,2024-09-15,1085.42,0.1824,,B,166.57,Current,Active,22
3561,2813,Credit Card,2026-02-04,15134.3,0.2487,,B,7927.42,Current,Active,5
3562,2813,Credit Card,2024-11-09,8686.9,0.2163,,B,6187.39,Current,Active,20
3563,2814,Credit Card,2023-05-20,9422.09,0.1931,,C,4521.67,Current,Active,38
3564,2814,Credit Card,2022-07-20,17868.1,0.1781,,D,6283.28,90+ DPD,Charged Off,48
3565,2815,Personal Loan,2025-02-24,6908.73,0.1853,48.0,A,4236.35,Current,Active,17
3566,2816,Auto Loan,2024-01-09,12261.98,0.0521,36.0,B,2136.21,Current,Active,30
3567,2817,Credit Card,2025-07-22,6085.7,0.1696,,B,2717.32,30-59 DPD,Active,12
3568,2818,Personal Loan,2026-01-09,3473.3,0.1318,36.0,B,3026.58,Current,Active,6
3569,2818,Personal Loan,2023-07-09,11977.76,0.1597,48.0,A,2954.94,Current,Active,36
3570,2821,Personal Loan,2023-10-09,21668.64,0.1766,36.0,B,1704.56,Current,Active,33
3571,2822,Mortgage,2024-01-13,523659.43,0.0488,240.0,B,479145.58,Current,Active,30
3572,2823,Personal Loan,2024-04-17,7342.07,0.18,24.0,B,0.0,Current,Paid Off,27
3573,2824,Personal Loan,2023-10-01,6401.58,0.154,36.0,C,551.21,Current,Active,33
3574,2826,Auto Loan,2022-09-20,11912.7,0.0942,48.0,A,562.06,Current,Active,46
3575,2826,Auto Loan,2025-09-30,23635.82,0.1048,48.0,A,19272.09,Current,Active,10
3576,2827,Personal Loan,2023-12-31,23063.64,0.124,48.0,E,7823.75,60-89 DPD,Active,31
3577,2827,Auto Loan,2022-07-19,17752.05,0.0822,72.0,D,15751.87,90+ DPD,Charged Off,48
3578,2829,Auto Loan,2024-07-31,39763.78,0.0772,60.0,B,24453.76,Current,Active,24
3579,2829,Auto Loan,2025-10-11,42810.62,0.0888,48.0,B,35147.01,Current,Active,9
3580,2830,Personal Loan,2023-08-17,22438.66,0.1705,36.0,B,1061.5,Current,Active,35
3581,2831,Mortgage,2024-09-25,360963.64,0.0606,180.0,B,319895.25,Current,Active,22
3582,2832,Credit Card,2023-02-22,16202.27,0.2109,,B,7567.92,Current,Active,41
3583,2832,Credit Card,2022-02-05,1490.6,0.1839,,B,345.52,Current,Active,53
3584,2833,Auto Loan,2023-02-20,42232.56,0.0729,48.0,E,6199.13,60-89 DPD,Active,41
3585,2834,Credit Card,2023-06-23,16897.98,0.2324,,C,13611.51,30-59 DPD,Active,37
3586,2835,Credit Card,2025-03-08,5730.92,0.1807,,A,1967.87,Current,Active,16
3587,2836,Personal Loan,2026-03-21,6587.93,0.1449,24.0,A,5643.67,Current,Active,4
3588,2836,Auto Loan,2025-08-20,23640.4,0.0941,72.0,B,18196.68,Current,Active,11
3589,2837,Credit Card,2023-08-08,2552.64,0.2215,,B,2046.39,Current,Active,35
3590,2837,Personal Loan,2025-08-18,3226.32,0.099,48.0,C,2257.9,30-59 DPD,Active,11
3591,2839,Personal Loan,2025-03-01,15765.79,0.1084,36.0,A,8001.92,Current,Active,16
3592,2839,Personal Loan,2023-12-31,13399.67,0.1118,36.0,B,1779.17,Current,Active,31
3593,2840,Credit Card,2025-12-27,13082.88,0.1664,,A,5410.43,Current,Active,7
3594,2840,Credit Card,2023-03-07,14268.47,0.2114,,A,11836.3,Current,Active,40
3595,2841,Personal Loan,2023-07-13,24061.0,0.1249,48.0,B,5637.29,Current,Active,36
3596,2841,Personal Loan,2022-03-09,17202.92,0.1828,48.0,A,0.0,Current,Paid Off,52
3597,2843,Personal Loan,2024-03-22,22364.68,0.1085,48.0,C,8889.58,Current,Active,28
3598,2843,Credit Card,2024-06-09,16986.87,0.2038,,B,7286.19,Current,Active,25
3599,2844,Credit Card,2024-08-03,18801.58,0.1908,,B,9056.83,Current,Active,23
3600,2844,Credit Card,2023-02-27,19501.53,0.2525,,C,8877.27,90+ DPD,Charged Off,41
3601,2846,Personal Loan,2025-08-06,7123.75,0.1767,24.0,D,3690.16,Current,Active,11
3602,2846,Credit Card,2023-04-20,14508.55,0.1779,,C,13503.99,90+ DPD,Charged Off,39
3603,2848,Personal Loan,2022-02-03,19718.08,0.1417,36.0,D,0.0,Current,Paid Off,53
3604,2849,Credit Card,2026-05-19,6376.64,0.2121,,B,4065.54,Current,Active,2
3605,2849,Auto Loan,2024-11-11,8140.25,0.077,60.0,C,5697.9,Current,Active,20
3606,2850,Personal Loan,2024-09-13,22968.29,0.1096,24.0,A,1809.09,Current,Active,22
3607,2851,Credit Card,2023-08-09,12313.77,0.1651,,B,10419.96,Current,Active,35
3608,2852,Auto Loan,2022-01-01,25537.92,0.0982,72.0,A,6555.35,Current,Active,54
3609,2854,Personal Loan,2024-12-30,12285.01,0.1702,36.0,A,5820.86,Current,Active,19
3610,2855,Auto Loan,2022-05-08,33409.8,0.0873,36.0,D,0.0,Current,Paid Off,50
3611,2855,Auto Loan,2026-03-13,11019.55,0.0883,36.0,E,5052.55,90+ DPD,Charged Off,4
3612,2856,Personal Loan,2026-05-29,15038.46,0.1279,24.0,A,13644.86,Current,Active,2
3613,2856,Personal Loan,2022-01-27,13124.37,0.1007,36.0,C,0.0,Current,Paid Off,54
3614,2858,Auto Loan,2025-09-13,43213.86,0.0883,60.0,A,32480.15,Current,Active,10
3615,2858,Mortgage,2023-10-22,622371.1,0.0661,360.0,A,517639.0,Current,Active,33
3616,2859,Auto Loan,2022-09-14,22632.68,0.0896,36.0,C,0.0,Current,Paid Off,46
3617,2860,Mortgage,2023-06-12,636039.45,0.061,180.0,D,502798.35,Current,Active,37
3618,2860,Credit Card,2025-08-21,17372.58,0.2231,,C,13923.08,Current,Active,11
3619,2861,Auto Loan,2022-05-02,17292.69,0.0625,72.0,C,5109.27,Current,Active,50
3620,2861,Mortgage,2025-12-22,528612.13,0.0564,180.0,C,533046.36,Current,Active,7
3621,2862,Credit Card,2023-06-20,1063.45,0.1854,,E,948.66,90+ DPD,Charged Off,37
3622,2863,Mortgage,2023-08-17,519259.96,0.0454,240.0,A,426155.46,Current,Active,35
3623,2864,Personal Loan,2022-04-17,23042.62,0.1297,36.0,A,0.0,Current,Paid Off,51
3624,2866,Credit Card,2025-08-26,15167.0,0.2381,,B,2371.35,Current,Active,11
3625,2867,Auto Loan,2023-03-20,42110.26,0.0574,60.0,A,13428.63,Current,Active,40
3626,2868,Mortgage,2022-08-27,583242.99,0.0611,360.0,B,507609.38,Current,Active,47
3627,2869,Mortgage,2022-10-31,649230.66,0.0559,180.0,B,473413.92,Current,Active,45
3628,2870,Credit Card,2022-12-21,3392.26,0.1844,,E,3077.46,90+ DPD,Charged Off,43
3629,2870,Credit Card,2022-08-30,9329.09,0.2529,,B,1386.32,Current,Active,47
3630,2871,Credit Card,2022-11-29,13034.44,0.2474,,A,8407.14,Current,Active,44
3631,2872,Auto Loan,2025-04-16,43549.18,0.0583,36.0,A,26024.77,Current,Active,15
3632,2873,Credit Card,2022-06-30,3830.22,0.2501,,C,2467.94,90+ DPD,Charged Off,49
3633,2874,Credit Card,2024-05-25,15053.11,0.2356,,A,9517.09,Current,Active,26
3634,2875,Personal Loan,2023-05-08,8328.15,0.1053,48.0,C,1655.14,Current,Active,38
3635,2876,Mortgage,2026-05-22,396879.05,0.0467,360.0,D,390568.22,Current,Active,2
3636,2877,Personal Loan,2022-06-16,19788.95,0.1333,48.0,C,0.0,Current,Paid Off,49
3637,2877,Auto Loan,2026-02-13,18753.17,0.0966,48.0,C,16676.42,Current,Active,5
3638,2877,Mortgage,2026-03-02,319392.64,0.0476,240.0,B,308842.77,Current,Active,4
3639,2878,Personal Loan,2022-07-27,24023.34,0.1259,36.0,A,0.0,Current,Paid Off,48
3640,2880,Personal Loan,2023-10-24,3699.45,0.1683,36.0,D,3092.33,90+ DPD,Charged Off,33
3641,2880,Auto Loan,2023-01-12,14887.99,0.0979,72.0,B,8058.38,90+ DPD,Charged Off,42
3642,2880,Auto Loan,2022-07-17,19498.31,0.06,60.0,B,4053.51,Current,Active,48
3643,2881,Auto Loan,2023-12-21,35234.41,0.0955,72.0,B,20237.29,Current,Active,31
3644,2882,Auto Loan,2022-09-23,18000.87,0.0725,72.0,A,6565.58,Current,Active,46
3645,2883,Credit Card,2023-02-03,15158.09,0.209,,B,4642.56,Current,Active,41
3646,2883,Mortgage,2024-01-18,252413.9,0.0656,360.0,B,231537.27,Current,Active,30
3647,2884,Auto Loan,2025-09-05,41549.63,0.0541,48.0,B,30413.68,Current,Active,10
3648,2884,Credit Card,2025-06-16,14321.64,0.2002,,A,4569.27,Current,Active,13
3649,2885,Auto Loan,2022-02-18,34928.93,0.0915,48.0,A,0.0,Current,Paid Off,53
3650,2886,Auto Loan,2022-08-02,36241.27,0.0787,72.0,A,11789.76,Current,Active,47
3651,2886,Credit Card,2023-06-25,18547.75,0.2415,,C,6633.92,Current,Active,37
3652,2887,Auto Loan,2026-04-26,12580.5,0.1002,36.0,A,11961.97,Current,Active,3
3653,2888,Auto Loan,2024-07-22,28129.6,0.0669,60.0,E,17372.93,Current,Active,24
3654,2889,Auto Loan,2022-06-08,21190.8,0.0961,36.0,C,0.0,Current,Paid Off,49
3655,2890,Auto Loan,2025-05-18,39824.95,0.1011,48.0,D,25554.46,Current,Active,14
3656,2891,Credit Card,2024-02-11,12084.74,0.1623,,C,5396.17,30-59 DPD,Active,29
3657,2891,Mortgage,2023-06-06,175668.27,0.0476,180.0,C,133195.47,90+ DPD,Active,37
3658,2891,Credit Card,2024-12-30,10595.35,0.2254,,A,1615.87,Current,Active,19
3659,2892,Personal Loan,2023-06-03,20505.18,0.12,24.0,B,0.0,Current,Paid Off,37
3660,2892,Credit Card,2023-08-11,18647.46,0.1907,,E,15790.63,90+ DPD,Charged Off,35
3661,2893,Auto Loan,2022-01-25,22456.92,0.0746,72.0,B,5140.21,Current,Active,54
3662,2893,Auto Loan,2023-04-25,19027.31,0.0532,60.0,A,6921.08,Current,Active,39
3663,2894,Credit Card,2023-04-08,13829.68,0.1776,,C,1691.21,Current,Active,39
3664,2894,Auto Loan,2025-12-16,12662.7,0.0688,36.0,C,10226.48,Current,Active,7
3665,2895,Personal Loan,2025-07-02,12501.42,0.1436,48.0,A,8847.59,Current,Active,12
3666,2895,Credit Card,2025-08-06,10328.08,0.2235,,B,6740.3,Current,Active,11
3667,2895,Personal Loan,2023-06-27,6367.06,0.1344,24.0,B,0.0,Current,Paid Off,37
3668,2896,Credit Card,2022-11-23,5357.17,0.2034,,C,3298.16,Current,Active,44
3669,2897,Auto Loan,2024-01-06,17381.95,0.0929,36.0,D,2916.52,Current,Active,30
3670,2897,Mortgage,2026-02-05,336895.49,0.0599,360.0,C,339135.06,Current,Active,5
3671,2898,Personal Loan,2025-06-26,13464.73,0.1682,48.0,A,9860.46,Current,Active,13
3672,2898,Credit Card,2022-06-26,17126.11,0.2441,,A,12763.05,Current,Active,49
3673,2899,Auto Loan,2023-06-30,18343.57,0.0879,48.0,A,4344.77,Current,Active,37
3674,2899,Personal Loan,2025-04-26,9419.64,0.1581,36.0,B,5650.46,Current,Active,15
3675,2899,Auto Loan,2023-01-12,38675.61,0.0956,60.0,A,11373.39,Current,Active,42
3676,2900,Mortgage,2023-03-31,626625.92,0.0591,180.0,A,455640.94,Current,Active,40
3677,2900,Credit Card,2022-07-28,10817.22,0.1786,,A,5737.79,Current,Active,48
3678,2900,Auto Loan,2026-04-18,22854.84,0.0988,48.0,A,21031.18,Current,Active,3
3679,2901,Auto Loan,2023-12-14,34148.25,0.0578,72.0,A,17651.06,Current,Active,31
3680,2901,Mortgage,2024-12-17,198619.33,0.0591,240.0,C,185036.2,Current,Active,19
3681,2903,Credit Card,2025-12-11,3171.79,0.1896,,B,2456.2,Current,Active,7
3682,2903,Personal Loan,2023-06-04,18416.92,0.1305,48.0,A,4429.31,Current,Active,37
3683,2904,Personal Loan,2022-09-05,19670.23,0.1387,24.0,D,0.0,Current,Paid Off,46
3684,2905,Auto Loan,2023-09-12,25575.45,0.0544,72.0,A,13207.09,Current,Active,34
3685,2906,Mortgage,2026-03-02,592885.36,0.0559,240.0,C,552310.37,30-59 DPD,Active,4
3686,2907,Personal Loan,2022-11-28,14648.42,0.1709,36.0,D,0.0,Current,Paid Off,44
3687,2908,Auto Loan,2025-05-27,36355.61,0.0806,48.0,A,25222.32,Current,Active,14
3688,2909,Credit Card,2025-01-20,4906.63,0.1796,,A,2258.97,Current,Active,18
3689,2910,Credit Card,2026-05-24,3732.8,0.1994,,C,1220.85,Current,Active,2
3690,2910,Mortgage,2023-10-22,581819.33,0.0538,360.0,E,399205.32,90+ DPD,Charged Off,33
3691,2912,Auto Loan,2022-01-06,22801.4,0.0973,60.0,B,2311.72,Current,Active,54
3692,2912,Auto Loan,2026-05-03,34850.31,0.0961,48.0,B,25266.45,90+ DPD,Charged Off,2
3693,2913,Personal Loan,2024-10-02,11246.36,0.1168,24.0,C,1308.74,Current,Active,21
3694,2914,Credit Card,2024-12-26,8305.35,0.2513,,A,2723.35,Current,Active,19
3695,2914,Auto Loan,2023-11-08,34288.96,0.0642,60.0,B,15210.41,Current,Active,32
3696,2914,Auto Loan,2023-07-11,35103.9,0.0907,48.0,B,9040.28,Current,Active,36
3697,2915,Mortgage,2023-05-29,258354.23,0.0668,180.0,E,243068.57,90+ DPD,Charged Off,38
3698,2916,Auto Loan,2024-05-15,21351.86,0.0657,60.0,C,12434.54,Current,Active,26
3699,2916,Auto Loan,2024-05-17,13644.06,0.1065,72.0,B,8598.97,Current,Active,26
3700,2917,Credit Card,2023-09-09,3147.92,0.2595,,A,2311.47,Current,Active,34
3701,2918,Personal Loan,2023-10-10,6758.42,0.1692,36.0,A,512.94,Current,Active,33
3702,2918,Auto Loan,2023-01-30,35961.62,0.0792,48.0,A,4641.01,Current,Active,42
3703,2919,Personal Loan,2024-11-23,22013.61,0.1819,24.0,A,3843.83,30-59 DPD,Active,20
3704,2919,Personal Loan,2023-12-02,11185.08,0.1169,24.0,A,0.0,Current,Paid Off,31
3705,2920,Personal Loan,2025-10-02,8690.38,0.1183,48.0,C,6648.81,Current,Active,9
3706,2920,Auto Loan,2024-10-22,30414.86,0.0545,48.0,A,17542.59,Current,Active,21
3707,2921,Personal Loan,2024-12-11,15091.53,0.1638,48.0,C,8476.95,Current,Active,19
3708,2921,Mortgage,2025-10-11,618753.18,0.045,180.0,C,592011.02,Current,Active,9
3709,2922,Credit Card,2024-04-16,18078.01,0.2034,,A,5258.45,Current,Active,27
3710,2923,Auto Loan,2022-07-22,30305.26,0.071,36.0,A,0.0,Current,Paid Off,48
3711,2923,Auto Loan,2024-08-21,26001.76,0.1051,36.0,B,9410.18,Current,Active,23
3712,2924,Personal Loan,2023-02-28,17854.45,0.1176,36.0,B,0.0,Current,Paid Off,41
3713,2925,Auto Loan,2022-02-07,39152.48,0.0805,48.0,B,0.0,Current,Paid Off,53
3714,2925,Personal Loan,2022-04-23,16985.87,0.1194,48.0,B,0.0,Current,Paid Off,51
3715,2926,Auto Loan,2022-07-19,44231.54,0.081,60.0,C,16658.05,90+ DPD,Charged Off,48
3716,2926,Credit Card,2024-04-28,16398.15,0.2594,,D,13273.35,90+ DPD,Charged Off,27
3717,2928,Credit Card,2023-08-16,6032.79,0.2483,,C,2155.05,Current,Active,35
3718,2929,Credit Card,2024-07-01,9335.0,0.1676,,A,2764.51,Current,Active,24
3719,2929,Personal Loan,2026-04-14,11024.28,0.189,48.0,B,10540.01,Current,Active,3
3720,2930,Personal Loan,2025-09-15,24803.87,0.1442,48.0,B,14288.27,90+ DPD,Charged Off,10
3721,2930,Mortgage,2025-02-19,335009.3,0.0717,360.0,A,298087.27,Current,Active,17
3722,2931,Credit Card,2024-08-29,17892.22,0.1939,,B,8074.42,Current,Active,23
3723,2931,Auto Loan,2024-01-03,25257.75,0.0502,60.0,D,11515.93,30-59 DPD,Active,30
3724,2932,Mortgage,2022-08-12,264333.35,0.068,240.0,C,210963.48,Current,Active,47
3725,2933,Credit Card,2025-06-26,7789.08,0.2493,,A,4454.62,Current,Active,13
3726,2937,Personal Loan,2025-12-25,21714.8,0.1741,48.0,B,17660.11,Current,Active,7
3727,2937,Auto Loan,2023-06-04,37853.64,0.0748,48.0,E,22411.44,90+ DPD,Charged Off,37
3728,2939,Auto Loan,2023-12-30,15281.5,0.0777,72.0,C,5628.36,90+ DPD,Charged Off,31
3729,2939,Mortgage,2025-12-15,462339.81,0.075,180.0,C,420384.87,Current,Active,7
3730,2940,Credit Card,2024-09-26,13749.33,0.2447,,D,4366.72,Current,Active,22
3731,2940,Credit Card,2022-09-16,15105.84,0.2368,,A,9975.04,Current,Active,46
3732,2941,Credit Card,2026-02-18,15037.52,0.2509,,A,2593.04,Current,Active,5
3733,2941,Mortgage,2022-07-29,168431.08,0.0578,240.0,B,131942.83,Current,Active,48
3734,2943,Auto Loan,2026-01-09,13300.74,0.0722,60.0,C,12323.23,60-89 DPD,Active,6
3735,2945,Auto Loan,2022-10-20,37601.34,0.0905,36.0,B,0.0,Current,Paid Off,45
3736,2946,Credit Card,2022-11-11,5659.24,0.2157,,B,2373.23,Current,Active,44
3737,2947,Personal Loan,2026-05-10,19935.0,0.1886,36.0,A,18002.02,Current,Active,2
3738,2947,Credit Card,2023-08-11,14816.35,0.2167,,C,11659.28,Current,Active,35
3739,2949,Auto Loan,2025-09-01,38464.97,0.0762,72.0,D,33600.5,Current,Active,10
3740,2950,Personal Loan,2024-06-12,8115.83,0.1501,48.0,B,3935.93,Current,Active,25
3741,2951,Auto Loan,2023-02-04,11345.31,0.0954,36.0,E,0.0,Current,Paid Off,41
3742,2952,Personal Loan,2025-02-09,4679.61,0.1711,36.0,D,3307.94,90+ DPD,Charged Off,17
3743,2953,Auto Loan,2024-06-05,12663.61,0.0584,60.0,E,7542.06,Current,Active,25
3744,2954,Mortgage,2024-03-25,308842.45,0.0515,180.0,B,247417.32,Current,Active,28
3745,2954,Personal Loan,2025-05-16,12642.58,0.1876,48.0,A,8527.12,Current,Active,14
3746,2955,Personal Loan,2025-01-19,13145.07,0.1461,48.0,A,8020.55,Current,Active,18
3747,2956,Personal Loan,2024-11-27,15063.62,0.1312,24.0,C,2439.28,Current,Active,20
3748,2956,Personal Loan,2024-02-22,19810.7,0.135,36.0,B,3721.86,Current,Active,29
3749,2958,Credit Card,2023-06-15,4561.2,0.2104,,B,588.98,Current,Active,37
3750,2958,Personal Loan,2022-12-06,7664.76,0.1365,24.0,A,0.0,Current,Paid Off,43
3751,2959,Auto Loan,2024-04-25,39423.99,0.1049,36.0,B,27630.54,90+ DPD,Charged Off,27
3752,2959,Auto Loan,2024-05-29,14541.29,0.0603,72.0,E,8988.6,Current,Active,26
3753,2960,Personal Loan,2023-08-18,12819.83,0.1255,48.0,B,10481.23,90+ DPD,Charged Off,35
3754,2960,Credit Card,2023-10-24,8812.46,0.2096,,D,5821.95,Current,Active,33
3755,2961,Mortgage,2022-07-18,524852.53,0.0573,240.0,B,419028.11,Current,Active,48
3756,2963,Mortgage,2023-08-31,405181.22,0.0628,180.0,C,320109.06,Current,Active,35
3757,2964,Personal Loan,2024-02-21,10384.42,0.1703,24.0,A,0.0,Current,Paid Off,29
3758,2965,Personal Loan,2022-04-19,12429.26,0.1169,24.0,C,0.0,Current,Paid Off,51
3759,2966,Credit Card,2023-08-08,6745.92,0.2257,,C,5022.36,Current,Active,35
3760,2966,Personal Loan,2023-11-24,3635.78,0.1338,24.0,C,0.0,Current,Paid Off,32
3761,2967,Auto Loan,2024-08-30,11825.13,0.0627,72.0,A,8128.6,Current,Active,23
3762,2969,Credit Card,2026-01-06,3803.03,0.2018,,A,2517.02,Current,Active,6
3763,2970,Credit Card,2024-03-27,2907.5,0.2406,,A,311.17,Current,Active,28
3764,2970,Personal Loan,2025-12-23,4974.3,0.1274,48.0,D,4443.69,Current,Active,7
3765,2970,Auto Loan,2022-08-03,15788.42,0.064,60.0,C,3432.68,Current,Active,47
3766,2972,Auto Loan,2026-01-08,19624.59,0.0841,60.0,D,16691.65,30-59 DPD,Active,6
3767,2972,Mortgage,2023-02-17,536618.71,0.0488,180.0,C,411607.05,Current,Active,41
3768,2973,Personal Loan,2026-01-25,4838.29,0.1841,48.0,B,4114.7,Current,Active,6
3769,2973,Credit Card,2025-06-08,1217.63,0.1779,,C,310.04,Current,Active,13
3770,2974,Auto Loan,2022-08-16,31441.73,0.1019,48.0,A,1472.58,Current,Active,47
3771,2974,Auto Loan,2025-04-24,28634.31,0.0891,60.0,A,20134.71,Current,Active,15
3772,2975,Personal Loan,2025-10-18,22569.69,0.1421,48.0,A,18876.41,Current,Active,9
3773,2976,Personal Loan,2024-03-28,15632.59,0.1732,36.0,D,3310.08,Current,Active,28
3774,2977,Auto Loan,2023-08-10,22786.13,0.0751,48.0,A,6028.3,Current,Active,35
3775,2977,Personal Loan,2026-02-01,18471.11,0.1497,48.0,A,15554.15,Current,Active,5
3776,2978,Auto Loan,2024-11-20,22985.12,0.0765,72.0,C,16336.04,Current,Active,20
3777,2979,Mortgage,2024-05-07,477195.2,0.0691,180.0,D,408270.06,Current,Active,26
3778,2981,Credit Card,2022-08-03,9839.81,0.1695,,A,5696.65,60-89 DPD,Active,47
3779,2982,Personal Loan,2023-02-06,16504.91,0.1171,48.0,B,2505.46,Current,Active,41
3780,2983,Personal Loan,2023-08-02,15343.85,0.1774,48.0,A,4077.41,Current,Active,35
3781,2984,Auto Loan,2023-04-25,10107.41,0.1057,48.0,C,1718.43,Current,Active,39
3782,2984,Credit Card,2024-07-14,15529.58,0.2251,,A,3315.7,Current,Active,24
3783,2985,Auto Loan,2024-07-16,27288.18,0.0605,72.0,B,17492.85,Current,Active,24
3784,2985,Credit Card,2025-01-17,11455.61,0.1943,,A,6597.31,Current,Active,18
3785,2986,Credit Card,2023-12-30,14954.21,0.2373,,C,7772.9,60-89 DPD,Active,31
3786,2986,Auto Loan,2023-03-16,15965.5,0.0967,48.0,B,2744.52,Current,Active,40
3787,2987,Personal Loan,2024-09-19,23002.96,0.1345,48.0,B,12012.18,Current,Active,22
3788,2988,Auto Loan,2025-05-19,26092.08,0.0934,72.0,B,21295.67,Current,Active,14
3789,2989,Personal Loan,2024-05-23,20133.78,0.1298,48.0,C,8779.12,Current,Active,26
3790,2990,Mortgage,2024-04-02,412759.94,0.0463,360.0,A,371334.76,Current,Active,27
3791,2990,Credit Card,2024-05-31,7836.73,0.2177,,B,2374.12,Current,Active,26
3792,2991,Personal Loan,2025-10-29,18403.81,0.1085,24.0,A,11145.86,Current,Active,9
3793,2991,Auto Loan,2023-03-23,14930.18,0.0953,72.0,B,6359.74,Current,Active,40
3794,2991,Mortgage,2023-06-23,140848.09,0.0707,180.0,C,100871.76,Current,Active,37
3795,2992,Credit Card,2025-02-24,16491.67,0.2114,,C,7354.99,Current,Active,17
3796,2993,Mortgage,2022-10-29,348087.38,0.0499,240.0,E,244993.52,90+ DPD,Charged Off,45
3797,2994,Auto Loan,2025-06-18,44287.12,0.09,60.0,C,33112.16,Current,Active,13
3798,2994,Credit Card,2023-05-08,4623.82,0.1833,,C,2546.87,Current,Active,38
3799,2994,Credit Card,2024-07-29,18460.03,0.2311,,C,2633.6,Current,Active,24
3800,2995,Mortgage,2023-04-30,432584.54,0.0689,180.0,C,338800.35,Current,Active,39
3801,2995,Credit Card,2025-09-04,15574.6,0.191,,D,10562.43,Current,Active,10
3802,2996,Credit Card,2022-11-05,9032.96,0.2445,,D,991.01,30-59 DPD,Active,44
3803,2997,Credit Card,2023-06-15,4041.64,0.2045,,C,2114.65,60-89 DPD,Active,37
3804,2998,Credit Card,2024-10-24,14541.29,0.2212,,C,10621.49,90+ DPD,Charged Off,21
3805,2999,Auto Loan,2022-01-19,34678.93,0.0969,48.0,E,0.0,Current,Paid Off,54
3806,3000,Auto Loan,2022-05-24,31410.15,0.0725,72.0,A,9141.51,Current,Active,50
3807,3001,Auto Loan,2024-08-06,9852.78,0.099,36.0,E,4477.13,90+ DPD,Charged Off,23
3808,3002,Credit Card,2022-02-04,10785.64,0.2078,,A,7905.2,Current,Active,53
3809,3003,Auto Loan,2022-12-29,27076.21,0.0593,72.0,B,9648.99,90+ DPD,Charged Off,43
3810,3003,Credit Card,2025-08-28,1707.35,0.2181,,C,298.82,Current,Active,11
3811,3004,Auto Loan,2026-05-18,29864.48,0.0794,48.0,E,28015.08,Current,Active,2
3812,3004,Credit Card,2023-08-06,6337.61,0.2025,,B,3953.16,90+ DPD,Charged Off,35
3813,3005,Personal Loan,2024-11-04,3351.74,0.1665,24.0,A,571.21,Current,Active,20
3814,3005,Credit Card,2026-05-16,12012.52,0.2258,,B,1202.69,Current,Active,2
3815,3005,Personal Loan,2022-02-24,4660.29,0.1408,36.0,C,0.0,Current,Paid Off,53
3816,3006,Personal Loan,2024-12-13,5638.43,0.1808,24.0,C,1202.35,Current,Active,19
3817,3007,Personal Loan,2023-12-31,5283.58,0.1413,48.0,A,1928.87,Current,Active,31
3818,3009,Personal Loan,2025-09-16,10351.4,0.1449,24.0,B,6198.58,Current,Active,10
3819,3009,Personal Loan,2023-10-06,24564.27,0.1387,24.0,A,0.0,Current,Paid Off,33
3820,3010,Auto Loan,2024-09-30,24063.46,0.0906,60.0,C,15009.77,Current,Active,22
3821,3011,Credit Card,2023-06-20,1699.96,0.2399,,C,1036.5,Current,Active,37
3822,3012,Credit Card,2022-09-25,13225.58,0.2135,,A,5807.63,Current,Active,46
3823,3012,Mortgage,2024-10-02,545894.47,0.0532,180.0,B,503421.72,Current,Active,21
3824,3012,Mortgage,2022-07-08,175937.31,0.0667,180.0,A,129560.68,Current,Active,48
3825,3013,Personal Loan,2026-03-29,16564.53,0.17,24.0,B,13333.77,Current,Active,4
3826,3013,Credit Card,2022-05-21,2030.3,0.2051,,B,431.29,Current,Active,50
3827,3014,Credit Card,2024-05-20,11663.15,0.2552,,D,4234.01,30-59 DPD,Active,26
3828,3014,Personal Loan,2022-02-13,24156.13,0.1864,48.0,C,0.0,Current,Paid Off,53
3829,3015,Auto Loan,2023-12-08,41560.55,0.0834,36.0,C,5698.64,Current,Active,31
3830,3015,Credit Card,2024-07-24,18709.76,0.2268,,D,11609.23,60-89 DPD,Active,24
3831,3016,Mortgage,2023-06-27,561731.2,0.0582,360.0,B,496236.22,Current,Active,37
3832,3017,Auto Loan,2024-09-16,8431.01,0.0836,60.0,A,4838.18,Current,Active,22
3833,3018,Personal Loan,2024-01-07,17701.46,0.1227,24.0,B,0.0,Current,Paid Off,30
3834,3019,Personal Loan,2023-02-08,23952.16,0.1262,48.0,B,3288.79,Current,Active,41
3835,3020,Mortgage,2024-03-14,433537.6,0.0742,180.0,B,339986.13,Current,Active,28
3836,3021,Auto Loan,2022-08-19,24910.19,0.107,36.0,C,0.0,Current,Paid Off,47
3837,3022,Credit Card,2022-10-13,17832.01,0.1888,,B,11547.23,Current,Active,45
3838,3023,Personal Loan,2024-10-17,9204.85,0.1155,24.0,A,1135.12,Current,Active,21
3839,3024,Mortgage,2022-06-03,151781.52,0.073,180.0,A,110616.03,Current,Active,49
3840,3025,Auto Loan,2023-07-10,39982.11,0.0922,36.0,D,0.0,Current,Paid Off,36
3841,3027,Credit Card,2024-11-08,4295.93,0.241,,D,3287.4,90+ DPD,Charged Off,20
3842,3027,Mortgage,2023-01-21,302583.08,0.0555,240.0,B,243680.68,Current,Active,42
3843,3028,Mortgage,2025-10-02,181805.23,0.056,240.0,D,178642.73,Current,Active,9
3844,3029,Personal Loan,2024-10-19,15895.6,0.1148,36.0,E,8491.34,90+ DPD,Charged Off,21
3845,3030,Credit Card,2024-11-15,2697.06,0.198,,A,379.99,Current,Active,20
3846,3031,Credit Card,2024-11-26,14929.1,0.2441,,C,2646.81,Current,Active,20
3847,3031,Credit Card,2023-12-02,15508.34,0.2087,,C,8528.61,Current,Active,31
3848,3033,Personal Loan,2024-07-10,21815.33,0.158,36.0,C,6582.34,Current,Active,24
3849,3033,Credit Card,2024-02-03,14689.67,0.2499,,E,5467.93,Current,Active,29
3850,3034,Personal Loan,2024-05-02,3053.43,0.1439,48.0,B,1415.2,Current,Active,26
3851,3035,Credit Card,2023-02-17,11863.72,0.184,,A,2565.0,Current,Active,41
3852,3038,Personal Loan,2022-06-19,11859.74,0.1694,48.0,A,0.0,Current,Paid Off,49
3853,3042,Credit Card,2022-08-04,4458.84,0.1765,,A,2151.64,Current,Active,47
3854,3042,Auto Loan,2022-06-27,14460.08,0.09,72.0,A,4303.75,Current,Active,49
3855,3043,Auto Loan,2025-09-19,32111.17,0.0697,48.0,A,24204.7,Current,Active,10
3856,3043,Credit Card,2025-04-25,3028.14,0.2357,,B,1453.94,Current,Active,15
3857,3045,Personal Loan,2025-11-20,16770.4,0.1669,24.0,A,10569.76,Current,Active,8
3858,3045,Auto Loan,2023-07-31,42320.91,0.0959,48.0,B,10751.35,Current,Active,36
3859,3047,Credit Card,2022-07-10,17737.26,0.1696,,B,10826.57,Current,Active,48
3860,3047,Auto Loan,2023-04-06,30529.95,0.105,36.0,A,0.0,Current,Paid Off,39
3861,3047,Auto Loan,2023-04-14,13928.35,0.0597,60.0,A,5033.85,Current,Active,39
3862,3048,Mortgage,2023-05-25,583091.34,0.0661,240.0,A,489598.41,Current,Active,38
3863,3049,Mortgage,2022-08-30,333344.21,0.0517,240.0,C,247786.8,Current,Active,47
3864,3049,Auto Loan,2022-01-28,20556.52,0.072,48.0,C,0.0,Current,Paid Off,54
3865,3049,Personal Loan,2022-09-09,18743.87,0.1741,24.0,C,0.0,Current,Paid Off,46
3866,3050,Personal Loan,2022-12-23,21659.12,0.1336,24.0,A,0.0,Current,Paid Off,43
3867,3052,Auto Loan,2022-09-29,12842.46,0.0655,60.0,D,2952.11,90+ DPD,Active,46
3868,3052,Personal Loan,2022-11-21,14486.04,0.098,36.0,A,0.0,Current,Paid Off,44
3869,3053,Personal Loan,2024-10-21,15579.09,0.0908,24.0,B,1873.15,Current,Active,21
3870,3053,Auto Loan,2025-01-13,39488.81,0.0672,48.0,B,22745.34,90+ DPD,Charged Off,18
3871,3054,Mortgage,2025-10-23,290993.18,0.0745,360.0,B,258682.66,Current,Active,9
3872,3055,Personal Loan,2023-07-11,17196.2,0.0999,36.0,D,0.0,Current,Paid Off,36
3873,3055,Auto Loan,2024-02-24,41815.97,0.092,72.0,C,22605.22,Current,Active,29
3874,3056,Personal Loan,2022-07-22,8132.86,0.1721,24.0,E,0.0,Current,Paid Off,48
3875,3057,Personal Loan,2025-07-26,18911.25,0.125,24.0,B,9091.39,Current,Active,12
3876,3057,Credit Card,2022-02-19,7451.2,0.177,,A,5378.13,Current,Active,53
3877,3057,Personal Loan,2024-09-10,16170.07,0.1044,24.0,D,11112.94,90+ DPD,Charged Off,22
3878,3058,Auto Loan,2023-05-18,34652.02,0.1094,48.0,C,6647.71,Current,Active,38
3879,3058,Personal Loan,2024-07-25,12663.76,0.1515,36.0,B,4231.91,Current,Active,24
3880,3059,Auto Loan,2022-09-24,30678.37,0.1055,36.0,A,0.0,Current,Paid Off,46
3881,3059,Auto Loan,2022-06-01,15281.65,0.0929,72.0,C,4730.46,Current,Active,49
3882,3060,Auto Loan,2025-07-24,26641.26,0.0595,72.0,C,23257.77,Current,Active,12
3883,3061,Personal Loan,2025-09-19,12262.98,0.1858,24.0,C,7192.58,Current,Active,10
3884,3062,Personal Loan,2025-12-11,20129.02,0.1875,24.0,B,13491.78,Current,Active,7
3885,3063,Credit Card,2023-01-01,9497.47,0.1624,,B,7923.67,Current,Active,42
3886,3063,Auto Loan,2024-06-13,29191.02,0.0755,36.0,C,8952.36,Current,Active,25
3887,3064,Mortgage,2022-09-17,292668.16,0.0468,180.0,E,148969.4,90+ DPD,Charged Off,46
3888,3064,Personal Loan,2026-02-09,10153.64,0.1276,48.0,E,8730.36,30-59 DPD,Active,5
3889,3065,Mortgage,2023-12-12,516358.19,0.0686,240.0,D,464378.77,Current,Active,31
3890,3066,Auto Loan,2023-04-08,24040.93,0.0809,36.0,B,0.0,Current,Paid Off,39
3891,3067,Credit Card,2022-02-07,10220.27,0.1938,,D,2659.19,Current,Active,53
3892,3069,Auto Loan,2025-02-17,25986.49,0.0845,60.0,B,18233.0,Current,Active,17
3893,3070,Mortgage,2024-12-19,332216.67,0.067,180.0,D,300105.65,30-59 DPD,Active,19
3894,3071,Credit Card,2026-01-10,6570.22,0.1808,,C,1930.28,Current,Active,6
3895,3072,Mortgage,2024-08-04,441142.16,0.0739,360.0,D,378761.25,Current,Active,23
3896,3072,Personal Loan,2024-06-01,6243.62,0.1346,24.0,A,0.0,Current,Paid Off,25
3897,3072,Credit Card,2022-06-06,17516.79,0.2496,,B,7753.06,Current,Active,49
3898,3073,Auto Loan,2023-01-09,43079.64,0.0555,60.0,D,12190.47,30-59 DPD,Active,42
3899,3074,Personal Loan,2023-08-10,23205.64,0.1518,36.0,C,15552.95,90+ DPD,Charged Off,35
3900,3074,Mortgage,2026-05-11,579186.71,0.0527,360.0,A,595043.28,30-59 DPD,Active,2
3901,3075,Mortgage,2024-04-06,362771.5,0.0626,360.0,B,328627.9,Current,Active,27
3902,3075,Credit Card,2023-03-07,12878.26,0.2254,,C,6799.25,Current,Active,40
3903,3078,Auto Loan,2025-06-27,38289.84,0.0848,36.0,C,13938.18,90+ DPD,Charged Off,13
3904,3079,Personal Loan,2022-09-01,11361.23,0.0996,24.0,C,0.0,Current,Paid Off,46
3905,3083,Mortgage,2024-09-19,259177.0,0.064,180.0,C,237387.12,Current,Active,22
3906,3085,Mortgage,2023-01-09,225549.29,0.0644,360.0,B,208640.44,Current,Active,42
3907,3085,Auto Loan,2023-02-08,35638.74,0.0702,48.0,B,5279.39,Current,Active,41
3908,3085,Personal Loan,2024-10-27,3081.1,0.1267,48.0,A,1612.61,Current,Active,21
3909,3086,Personal Loan,2023-02-16,19266.79,0.1609,48.0,C,2830.95,Current,Active,41
3910,3086,Personal Loan,2022-04-25,5932.04,0.1249,36.0,C,0.0,Current,Paid Off,51
3911,3088,Credit Card,2025-03-18,18803.4,0.2551,,B,14502.32,Current,Active,16
3912,3089,Credit Card,2024-10-10,19579.93,0.1632,,D,13668.51,Current,Active,21
3913,3090,Personal Loan,2025-10-10,12073.75,0.1784,48.0,C,9937.53,Current,Active,9
3914,3090,Auto Loan,2024-04-11,27111.66,0.0626,36.0,B,6829.8,Current,Active,27
3915,3091,Personal Loan,2022-01-08,22699.5,0.1778,24.0,B,0.0,Current,Paid Off,54
3916,3092,Credit Card,2024-02-04,18926.82,0.232,,A,11284.73,Current,Active,29
3917,3092,Auto Loan,2024-03-30,23875.27,0.0501,72.0,B,14230.33,Current,Active,28
3918,3093,Credit Card,2024-02-21,6108.17,0.2287,,C,1836.66,Current,Active,29
3919,3094,Personal Loan,2024-04-11,7213.28,0.16,36.0,B,1872.21,Current,Active,27
3920,3094,Personal Loan,2025-12-15,18897.1,0.1761,24.0,C,12350.05,60-89 DPD,Active,7
3921,3095,Personal Loan,2026-02-17,20437.86,0.1221,36.0,A,17413.19,Current,Active,5
3922,3096,Auto Loan,2024-01-23,28285.6,0.1029,48.0,A,9823.2,Current,Active,30
3923,3096,Mortgage,2025-11-29,171642.93,0.0679,360.0,A,158980.1,Current,Active,8
3924,3097,Personal Loan,2024-04-15,24841.76,0.1894,24.0,E,0.0,Current,Paid Off,27
3925,3098,Personal Loan,2025-08-20,9543.09,0.144,48.0,A,7519.79,Current,Active,11
3926,3099,Credit Card,2024-08-05,14103.34,0.2087,,B,9573.06,Current,Active,23
3927,3100,Auto Loan,2025-04-03,18049.44,0.087,48.0,C,12813.21,Current,Active,15
3928,3101,Personal Loan,2025-04-05,18485.02,0.1517,24.0,A,6821.82,Current,Active,15
3929,3101,Personal Loan,2025-07-21,13251.4,0.1405,48.0,B,9019.27,Current,Active,12
3930,3102,Credit Card,2022-05-01,18674.8,0.226,,B,2874.99,Current,Active,50
3931,3102,Auto Loan,2024-04-13,9279.16,0.0684,36.0,A,2287.27,Current,Active,27
3932,3103,Auto Loan,2023-12-18,13637.54,0.0732,60.0,C,6908.23,Current,Active,31
3933,3105,Mortgage,2024-11-04,584241.65,0.0654,240.0,A,517912.59,Current,Active,20
3934,3106,Credit Card,2024-06-07,9548.28,0.1717,,D,2182.91,Current,Active,25
3935,3109,Credit Card,2025-05-12,16915.35,0.1934,,B,3142.12,Current,Active,14
3936,3110,Mortgage,2023-11-12,448748.78,0.0618,240.0,C,354842.52,Current,Active,32
3937,3111,Credit Card,2024-09-24,14878.92,0.1821,,D,5341.22,90+ DPD,Charged Off,22
3938,3113,Credit Card,2025-05-08,6899.87,0.2483,,A,5745.95,Current,Active,14
3939,3113,Mortgage,2025-03-27,430872.96,0.0529,180.0,A,381221.78,Current,Active,16
3940,3113,Credit Card,2023-10-30,12603.84,0.2195,,C,7156.64,90+ DPD,Charged Off,33
3941,3114,Auto Loan,2025-08-04,12380.94,0.0882,60.0,C,10105.61,Current,Active,11
3942,3114,Credit Card,2025-09-14,12755.49,0.2086,,A,5321.08,Current,Active,10
3943,3115,Credit Card,2022-08-17,4823.82,0.2242,,A,1700.27,Current,Active,47
3944,3116,Auto Loan,2023-03-20,14613.42,0.1061,36.0,D,0.0,Current,Paid Off,40
3945,3116,Mortgage,2025-10-01,305226.27,0.064,240.0,D,300714.3,Current,Active,9
3946,3116,Auto Loan,2022-10-18,44379.31,0.1034,36.0,B,0.0,Current,Paid Off,45
3947,3117,Auto Loan,2024-03-23,26819.34,0.09,72.0,E,18356.29,90+ DPD,Charged Off,28
3948,3117,Personal Loan,2025-04-06,3719.96,0.11,24.0,D,1566.06,90+ DPD,Charged Off,15
3949,3118,Auto Loan,2025-04-27,19272.34,0.0976,48.0,C,12058.98,Current,Active,15
3950,3118,Credit Card,2022-12-31,16933.43,0.1918,,D,5122.79,Current,Active,43
3951,3119,Credit Card,2023-06-30,17495.06,0.1819,,C,9159.05,30-59 DPD,Active,37
3952,3119,Credit Card,2025-02-18,7043.89,0.2363,,B,4176.05,Current,Active,17
3953,3121,Credit Card,2023-07-15,10510.96,0.1828,,B,8728.66,90+ DPD,Charged Off,36
3954,3123,Auto Loan,2023-06-26,13775.98,0.0986,36.0,E,0.0,Current,Paid Off,37
3955,3123,Credit Card,2025-10-27,3118.95,0.2571,,C,1231.52,Current,Active,9
3956,3124,Credit Card,2026-01-23,7837.15,0.2136,,A,5096.08,Current,Active,6
3957,3124,Personal Loan,2025-02-18,18539.19,0.1567,48.0,A,12254.79,Current,Active,17
3958,3124,Mortgage,2026-04-30,436799.19,0.0578,240.0,A,426244.11,Current,Active,3
3959,3125,Mortgage,2023-10-12,335819.89,0.051,180.0,A,271174.41,Current,Active,33
3960,3125,Auto Loan,2023-06-15,9312.07,0.1065,36.0,A,0.0,Current,Paid Off,37
3961,3128,Credit Card,2023-08-07,9498.41,0.2221,,B,4436.98,Current,Active,35
3962,3128,Mortgage,2023-02-19,383352.74,0.0646,360.0,E,135462.53,90+ DPD,Charged Off,41
3963,3129,Personal Loan,2025-12-12,10190.0,0.1078,36.0,B,8613.06,Current,Active,7
3964,3130,Credit Card,2025-03-09,2371.94,0.2004,,B,423.71,Current,Active,16
3965,3131,Auto Loan,2023-10-10,31637.21,0.1063,60.0,B,15537.43,90+ DPD,Charged Off,33
3966,3132,Credit Card,2026-04-30,8933.12,0.1653,,A,5748.07,Current,Active,3
3967,3133,Credit Card,2022-07-08,15905.83,0.1893,,D,12152.08,90+ DPD,Charged Off,48
3968,3135,Personal Loan,2025-02-14,11562.14,0.1315,24.0,A,3182.75,Current,Active,17
3969,3136,Auto Loan,2022-11-17,35802.86,0.072,36.0,B,0.0,Current,Paid Off,44
3970,3136,Personal Loan,2022-09-20,21398.83,0.1644,48.0,B,981.36,Current,Active,46
3971,3137,Auto Loan,2023-02-28,9168.37,0.0884,72.0,A,4100.78,30-59 DPD,Active,41
3972,3138,Auto Loan,2023-07-16,21818.03,0.0727,48.0,D,5065.81,Current,Active,36
3973,3141,Credit Card,2024-10-20,5328.21,0.1716,,B,2624.09,Current,Active,21
3974,3142,Credit Card,2023-12-20,13084.08,0.229,,B,4787.97,Current,Active,31
3975,3142,Auto Loan,2025-03-23,15921.6,0.0975,72.0,C,12189.22,Current,Active,16
3976,3142,Mortgage,2026-01-13,299524.49,0.0669,240.0,D,194570.25,90+ DPD,Charged Off,6
3977,3144,Credit Card,2026-01-29,1682.45,0.1885,,C,907.94,Current,Active,6
3978,3145,Mortgage,2022-05-22,521356.2,0.0707,240.0,C,432463.47,60-89 DPD,Active,50
3979,3145,Personal Loan,2022-03-31,17377.17,0.1301,24.0,A,0.0,Current,Paid Off,52
3980,3146,Auto Loan,2026-02-08,35755.07,0.1055,72.0,C,14138.94,90+ DPD,Charged Off,5
3981,3147,Credit Card,2022-03-20,4755.75,0.219,,B,3351.2,Current,Active,52
3982,3147,Personal Loan,2026-03-03,10527.79,0.092,24.0,B,8939.95,Current,Active,4
3983,3147,Auto Loan,2024-12-28,18407.27,0.1083,60.0,C,12834.06,Current,Active,19
3984,3148,Credit Card,2026-05-11,7858.42,0.2535,,C,1352.3,Current,Active,2
3985,3148,Personal Loan,2023-08-21,4811.9,0.1415,48.0,B,1334.07,Current,Active,35
3986,3149,Credit Card,2023-03-05,6266.54,0.2044,,B,1343.03,Current,Active,40
3987,3150,Auto Loan,2025-04-09,25806.05,0.0791,72.0,B,18705.12,30-59 DPD,Active,15
3988,3151,Credit Card,2024-10-12,8541.19,0.2035,,B,2744.53,Current,Active,21
3989,3152,Mortgage,2022-01-12,568361.24,0.0588,180.0,B,395484.51,Current,Active,54
3990,3153,Mortgage,2024-09-04,126872.72,0.068,180.0,D,115292.84,Current,Active,22
3991,3154,Auto Loan,2025-11-03,10169.13,0.0817,36.0,D,8218.3,30-59 DPD,Active,8
3992,3155,Auto Loan,2023-07-13,35836.56,0.0682,60.0,C,13380.81,Current,Active,36
3993,3155,Credit Card,2024-09-17,17570.91,0.1765,,B,6619.75,Current,Active,22
3994,3156,Auto Loan,2022-01-23,26650.17,0.0893,72.0,B,6525.25,Current,Active,54
3995,3158,Personal Loan,2022-07-13,21813.73,0.1102,36.0,A,0.0,Current,Paid Off,48
3996,3158,Auto Loan,2022-03-19,28668.89,0.1021,48.0,C,0.0,Current,Paid Off,52
3997,3159,Personal Loan,2025-10-29,8218.71,0.1013,36.0,B,6259.06,Current,Active,9
3998,3161,Personal Loan,2025-03-23,19758.06,0.1293,24.0,A,6526.63,Current,Active,16
3999,3161,Mortgage,2023-08-12,207150.29,0.058,180.0,A,157378.64,Current,Active,35
4000,3162,Credit Card,2025-10-24,2450.44,0.2087,,D,1162.25,Current,Active,9
4001,3163,Mortgage,2023-10-26,502791.64,0.0646,360.0,C,449988.34,Current,Active,33
4002,3163,Credit Card,2025-01-22,14810.21,0.2084,,A,6165.84,Current,Active,18
4003,3164,Personal Loan,2025-07-30,10521.4,0.1822,48.0,B,7409.38,Current,Active,12
4004,3165,Mortgage,2025-03-05,237549.68,0.0582,360.0,B,237264.18,Current,Active,16
4005,3165,Credit Card,2023-02-09,18831.53,0.2054,,A,1936.23,Current,Active,41
4006,3167,Personal Loan,2026-05-21,14545.28,0.1229,24.0,B,12967.71,Current,Active,2
4007,3167,Auto Loan,2025-10-21,34233.93,0.0732,36.0,C,23411.28,60-89 DPD,Active,9
4008,3168,Mortgage,2025-08-18,391934.93,0.0513,180.0,B,347358.94,Current,Active,11
4009,3170,Personal Loan,2026-04-27,15805.12,0.1214,48.0,C,14364.42,60-89 DPD,Active,3
4010,3170,Personal Loan,2023-06-08,11569.57,0.1216,36.0,B,0.0,Current,Paid Off,37
4011,3171,Personal Loan,2024-06-16,17336.48,0.1655,24.0,C,0.0,Current,Paid Off,25
4012,3172,Auto Loan,2023-04-10,30643.11,0.0522,60.0,C,10725.74,60-89 DPD,Active,39
4013,3173,Personal Loan,2023-05-25,19359.91,0.1193,48.0,A,3814.76,Current,Active,38
4014,3175,Credit Card,2022-04-18,15537.08,0.2282,,A,10120.46,Current,Active,51
4015,3176,Auto Loan,2025-02-22,29748.0,0.0664,48.0,D,17807.98,30-59 DPD,Active,17
4016,3177,Auto Loan,2024-01-10,20432.72,0.0683,60.0,D,16067.21,90+ DPD,Charged Off,30
4017,3178,Personal Loan,2026-05-04,14436.24,0.1671,48.0,C,13180.19,Current,Active,2
4018,3178,Personal Loan,2022-11-08,22559.49,0.1212,48.0,B,1709.19,30-59 DPD,Active,44
4019,3179,Credit Card,2022-01-18,7334.99,0.224,,B,5305.09,Current,Active,54
4020,3179,Mortgage,2025-04-08,484098.79,0.0729,240.0,A,423301.49,Current,Active,15
4021,3180,Auto Loan,2022-12-16,31141.52,0.0984,72.0,B,11318.23,Current,Active,43
4022,3181,Auto Loan,2025-11-30,13277.0,0.0532,48.0,C,11100.61,Current,Active,8
4023,3181,Credit Card,2023-11-06,7462.48,0.2409,,E,5801.9,30-59 DPD,Active,32
4024,3182,Mortgage,2022-01-29,280234.38,0.0553,180.0,D,189202.45,Current,Active,54
4025,3184,Credit Card,2025-10-04,6521.29,0.1702,,A,1288.03,Current,Active,9
4026,3185,Personal Loan,2024-11-12,17866.17,0.1748,24.0,E,16626.55,90+ DPD,Charged Off,20
4027,3187,Personal Loan,2023-03-17,13502.42,0.1344,36.0,D,0.0,Current,Paid Off,40
4028,3188,Auto Loan,2025-11-26,16118.53,0.0788,60.0,A,14346.31,Current,Active,8
4029,3189,Personal Loan,2022-07-11,22473.71,0.1262,48.0,B,0.0,Current,Paid Off,48
4030,3189,Personal Loan,2024-08-28,23891.03,0.1779,36.0,C,8579.34,Current,Active,23
4031,3189,Personal Loan,2022-11-25,21335.03,0.1201,24.0,B,0.0,Current,Paid Off,44
4032,3190,Credit Card,2023-12-24,3027.87,0.1618,,D,1495.54,90+ DPD,Charged Off,31
4033,3191,Personal Loan,2023-02-19,9093.19,0.1507,48.0,B,5186.87,90+ DPD,Charged Off,41
4034,3193,Personal Loan,2023-12-20,21645.83,0.1417,48.0,C,7030.8,Current,Active,31
4035,3193,Credit Card,2026-02-28,19593.84,0.247,,B,5419.15,Current,Active,5
4036,3195,Auto Loan,2026-04-09,40712.04,0.066,48.0,B,37346.95,Current,Active,3
4037,3196,Mortgage,2023-01-21,196943.56,0.0709,360.0,C,161985.62,Current,Active,42
4038,3196,Auto Loan,2023-06-13,32538.26,0.1028,36.0,B,0.0,Current,Paid Off,37
4039,3197,Credit Card,2022-09-25,5782.97,0.2365,,A,1912.09,Current,Active,46
4040,3197,Mortgage,2022-08-21,311876.42,0.0615,240.0,B,255137.47,Current,Active,47
4041,3198,Auto Loan,2025-02-26,21628.55,0.0563,72.0,B,17291.55,60-89 DPD,Active,17
4042,3198,Auto Loan,2025-03-19,36095.34,0.0959,72.0,A,25477.28,Current,Active,16
4043,3199,Personal Loan,2025-01-31,15460.83,0.1148,24.0,B,3745.22,Current,Active,18
4044,3200,Auto Loan,2023-01-13,11007.57,0.0558,48.0,C,8005.17,90+ DPD,Charged Off,42
4045,3201,Mortgage,2023-04-18,553604.43,0.0556,180.0,B,397160.62,Current,Active,39
4046,3201,Credit Card,2024-08-15,12418.56,0.1607,,B,6945.65,Current,Active,23
4047,3201,Auto Loan,2022-09-12,37433.6,0.054,48.0,C,1697.64,Current,Active,46
4048,3202,Mortgage,2023-04-11,266903.25,0.0484,240.0,B,202633.65,Current,Active,39
4049,3202,Credit Card,2025-03-21,16413.62,0.211,,B,4348.98,Current,Active,16
4050,3203,Personal Loan,2023-11-02,13115.68,0.0926,48.0,A,4368.51,Current,Active,32
4051,3204,Auto Loan,2024-04-21,33422.37,0.0662,36.0,C,22481.61,90+ DPD,Charged Off,27
4052,3204,Credit Card,2024-10-11,18449.77,0.1673,,C,13275.67,Current,Active,21
4053,3207,Auto Loan,2023-04-11,39178.68,0.0506,36.0,D,0.0,Current,Paid Off,39
4054,3208,Auto Loan,2022-08-21,39449.82,0.0999,72.0,D,13494.59,60-89 DPD,Active,47
4055,3209,Credit Card,2026-03-19,13222.32,0.2168,,B,4717.9,Current,Active,4
4056,3209,Auto Loan,2024-02-16,27160.67,0.0587,60.0,B,14488.77,Current,Active,29
4057,3210,Mortgage,2023-01-07,456634.25,0.0524,360.0,C,398146.94,Current,Active,42
4058,3210,Mortgage,2023-11-28,143489.61,0.0577,360.0,C,126050.45,Current,Active,32
4059,3211,Credit Card,2026-04-22,2464.13,0.1865,,D,1149.74,90+ DPD,Charged Off,3
4060,3212,Mortgage,2023-03-30,166132.93,0.0633,360.0,B,136844.81,Current,Active,40
4061,3213,Personal Loan,2022-12-14,23167.59,0.1622,48.0,C,2289.8,Current,Active,43
4062,3213,Personal Loan,2025-07-23,10170.06,0.1741,48.0,D,7894.9,30-59 DPD,Active,12
4063,3214,Auto Loan,2023-09-23,14996.92,0.0652,36.0,B,805.18,Current,Active,34
4064,3214,Credit Card,2023-07-23,11915.25,0.2411,,B,4057.53,Current,Active,36
4065,3214,Auto Loan,2023-01-09,41678.96,0.0934,72.0,C,17575.16,Current,Active,42
4066,3215,Auto Loan,2023-09-12,40770.87,0.0558,72.0,A,19768.86,Current,Active,34
4067,3215,Mortgage,2026-02-25,350037.26,0.0575,240.0,A,354686.59,Current,Active,5
4068,3216,Auto Loan,2024-09-04,19056.66,0.0707,48.0,A,9969.27,Current,Active,22
4069,3216,Personal Loan,2022-05-26,13575.58,0.1064,24.0,A,0.0,Current,Paid Off,50
4070,3217,Auto Loan,2023-09-21,18663.97,0.0777,36.0,C,980.96,Current,Active,34
4071,3217,Credit Card,2022-05-24,3818.41,0.2351,,C,1438.18,Current,Active,50
4072,3218,Credit Card,2026-05-23,18005.94,0.2169,,C,2812.11,Current,Active,2
4073,3218,Auto Loan,2024-11-23,22677.15,0.0838,36.0,B,9819.27,Current,Active,20
4074,3221,Mortgage,2025-09-12,208872.72,0.0726,360.0,B,184964.52,Current,Active,10
4075,3221,Auto Loan,2022-03-18,20436.17,0.0926,72.0,B,5143.22,Current,Active,52
4076,3222,Personal Loan,2022-02-27,4168.99,0.1178,48.0,C,0.0,Current,Paid Off,53
4077,3223,Credit Card,2022-03-15,9747.31,0.2066,,B,4856.72,Current,Active,52
4078,3225,Auto Loan,2022-05-31,35410.69,0.1071,48.0,C,0.0,Current,Paid Off,50
4079,3225,Credit Card,2023-01-16,11710.41,0.163,,B,7293.99,Current,Active,42
4080,3226,Credit Card,2023-06-12,6722.55,0.2475,,B,2767.85,Current,Active,37
4081,3227,Personal Loan,2023-12-19,21050.26,0.0917,24.0,C,0.0,Current,Paid Off,31
4082,3228,Personal Loan,2024-12-04,14672.2,0.1087,24.0,B,3009.99,Current,Active,19
4083,3229,Personal Loan,2025-11-22,20339.98,0.1242,24.0,D,12836.84,Current,Active,8
4084,3229,Mortgage,2023-01-27,591194.63,0.0496,180.0,D,473541.98,60-89 DPD,Active,42
4085,3230,Personal Loan,2022-12-07,8099.22,0.1636,48.0,C,876.5,Current,Active,43
4086,3232,Credit Card,2024-11-06,18285.05,0.1668,,B,10507.8,Current,Active,20
4087,3233,Personal Loan,2024-09-04,4565.55,0.1115,48.0,C,2455.94,Current,Active,22
4088,3233,Auto Loan,2024-04-20,23918.12,0.0667,60.0,B,13340.91,Current,Active,27
4089,3234,Personal Loan,2024-11-07,5705.18,0.1395,36.0,A,2467.92,Current,Active,20
4090,3235,Personal Loan,2024-04-24,8796.86,0.0939,24.0,B,0.0,Current,Paid Off,27
4091,3236,Credit Card,2025-10-30,13415.01,0.174,,A,9839.41,Current,Active,9
4092,3236,Mortgage,2022-08-12,458334.53,0.0632,360.0,E,174864.27,90+ DPD,Charged Off,47
4093,3237,Personal Loan,2025-01-05,16319.71,0.1807,36.0,D,7801.72,Current,Active,18
4094,3239,Mortgage,2025-08-27,256811.73,0.0603,240.0,B,237235.48,Current,Active,11
4095,3239,Auto Loan,2022-01-05,20005.84,0.0627,60.0,A,1913.17,Current,Active,54
4096,3240,Personal Loan,2024-04-19,16669.22,0.1164,24.0,C,0.0,Current,Paid Off,27
4097,3240,Auto Loan,2023-12-07,16754.62,0.0723,36.0,B,2300.9,Current,Active,31
4098,3240,Credit Card,2025-06-18,11252.44,0.1655,,D,6781.02,Current,Active,13
4099,3241,Auto Loan,2023-07-11,10954.02,0.0938,36.0,B,0.0,Current,Paid Off,36
4100,3243,Credit Card,2023-02-03,7875.38,0.2116,,B,6526.18,Current,Active,41
4101,3243,Credit Card,2023-05-25,1370.36,0.1971,,B,565.18,Current,Active,38
4102,3244,Credit Card,2022-11-17,12844.89,0.2466,,B,2240.9,Current,Active,44
4103,3244,Mortgage,2025-12-08,273097.42,0.0642,360.0,B,272501.44,Current,Active,7
4104,3244,Mortgage,2025-07-08,584644.58,0.0621,240.0,B,538807.15,Current,Active,12
4105,3246,Auto Loan,2025-08-20,9746.81,0.0983,48.0,B,6966.46,Current,Active,11
4106,3247,Credit Card,2022-02-09,10833.13,0.1955,,B,3974.77,90+ DPD,Charged Off,53
4107,3248,Auto Loan,2025-09-30,33241.41,0.1058,60.0,C,28899.34,60-89 DPD,Active,10
4108,3249,Credit Card,2022-07-26,16291.69,0.2576,,A,3068.44,Current,Active,48
4109,3250,Auto Loan,2025-10-23,27163.69,0.103,36.0,C,20041.86,Current,Active,9
4110,3251,Credit Card,2023-05-16,4103.7,0.2396,,B,2209.99,30-59 DPD,Active,38
4111,3251,Credit Card,2022-12-29,14322.72,0.1675,,B,12803.07,90+ DPD,Charged Off,43
4112,3252,Auto Loan,2025-01-16,12596.21,0.0641,36.0,A,5974.87,Current,Active,18
4113,3252,Auto Loan,2025-03-01,26346.16,0.0637,60.0,A,19752.17,Current,Active,16
4114,3253,Credit Card,2022-09-27,1618.95,0.1677,,B,1359.67,Current,Active,46
4115,3254,Auto Loan,2026-04-12,13955.02,0.072,72.0,A,13624.48,Current,Active,3
4116,3254,Personal Loan,2025-06-08,19343.2,0.1792,36.0,A,12924.46,Current,Active,13
4117,3255,Mortgage,2023-12-29,283526.92,0.072,360.0,C,247535.41,Current,Active,31
4118,3255,Personal Loan,2024-02-12,20836.79,0.1663,48.0,D,19416.26,90+ DPD,Charged Off,29
4119,3255,Auto Loan,2023-10-17,39598.95,0.0623,48.0,A,12780.13,Current,Active,33
4120,3256,Personal Loan,2023-06-13,13298.06,0.1342,24.0,A,0.0,Current,Paid Off,37
4121,3256,Personal Loan,2024-10-22,4816.18,0.0965,48.0,A,2516.55,Current,Active,21
4122,3256,Personal Loan,2023-04-09,10245.73,0.1406,36.0,B,0.0,Current,Paid Off,39
4123,3257,Personal Loan,2024-04-14,15185.47,0.099,48.0,B,6955.79,Current,Active,27
4124,3258,Mortgage,2022-02-03,271253.37,0.0703,180.0,C,186930.04,Current,Active,53
4125,3258,Auto Loan,2025-10-31,22397.65,0.1051,60.0,C,17461.98,Current,Active,9
4126,3259,Personal Loan,2024-01-15,10864.51,0.0992,48.0,A,3727.76,Current,Active,30
4127,3260,Personal Loan,2023-01-22,15601.94,0.1454,48.0,D,1849.85,30-59 DPD,Active,42
4128,3260,Credit Card,2022-02-26,16928.92,0.2383,,B,12648.82,Current,Active,53
4129,3260,Credit Card,2025-11-02,16365.65,0.2266,,A,10906.8,Current,Active,8
4130,3261,Mortgage,2023-02-10,274273.06,0.0635,360.0,B,224308.53,Current,Active,41
4131,3262,Auto Loan,2023-07-26,20974.1,0.0719,48.0,A,5214.07,Current,Active,36
4132,3263,Personal Loan,2024-11-18,22793.73,0.1866,24.0,B,3452.26,60-89 DPD,Active,20
4133,3263,Personal Loan,2023-09-04,8426.25,0.1823,36.0,B,432.93,Current,Active,34
4134,3264,Auto Loan,2023-07-22,19670.63,0.0566,60.0,C,7428.35,30-59 DPD,Active,36
4135,3264,Personal Loan,2026-02-10,11301.96,0.1043,36.0,C,9775.63,Current,Active,5
4136,3265,Personal Loan,2024-06-29,10493.75,0.1487,24.0,A,0.0,Current,Paid Off,25
4137,3265,Credit Card,2024-11-10,4929.77,0.1849,,A,3508.14,Current,Active,20
4138,3265,Auto Loan,2023-11-13,37104.51,0.1096,60.0,A,15899.96,Current,Active,32
4139,3266,Mortgage,2026-02-17,550004.25,0.0663,360.0,C,526896.7,Current,Active,5
4140,3267,Personal Loan,2022-05-08,18244.69,0.1291,48.0,B,0.0,Current,Paid Off,50
4141,3268,Auto Loan,2024-05-01,38929.49,0.0679,36.0,A,10655.02,30-59 DPD,Active,26
4142,3268,Auto Loan,2026-04-09,30921.48,0.0595,72.0,B,29398.14,Current,Active,3
4143,3269,Personal Loan,2024-03-04,5615.42,0.1413,24.0,B,0.0,Current,Paid Off,28
4144,3269,Auto Loan,2025-07-10,22946.11,0.057,36.0,C,16052.19,Current,Active,12
4145,3270,Mortgage,2026-02-09,326572.27,0.0621,360.0,A,294972.81,Current,Active,5
4146,3271,Personal Loan,2023-02-22,24411.04,0.1748,36.0,C,0.0,Current,Paid Off,41
4147,3272,Credit Card,2022-09-06,2326.82,0.1956,,D,1456.55,90+ DPD,Charged Off,46
4148,3272,Personal Loan,2026-01-28,13573.87,0.0908,24.0,C,10041.98,60-89 DPD,Active,6
4149,3273,Credit Card,2022-07-31,12202.1,0.218,,B,3951.85,Current,Active,48
4150,3273,Auto Loan,2025-04-30,15116.06,0.0724,48.0,A,10038.03,Current,Active,15
4151,3273,Auto Loan,2026-05-04,16569.99,0.0861,60.0,B,16482.99,Current,Active,2
4152,3274,Credit Card,2024-08-13,16888.83,0.2551,,A,9081.48,Current,Active,23
4153,3275,Auto Loan,2023-04-08,42848.97,0.0684,36.0,E,0.0,Current,Paid Off,39
4154,3276,Personal Loan,2023-02-28,3532.46,0.1539,48.0,A,464.01,Current,Active,41
4155,3277,Personal Loan,2025-08-04,6154.95,0.147,24.0,D,3490.24,Current,Active,11
4156,3278,Auto Loan,2025-05-25,42200.4,0.0911,60.0,D,31740.81,Current,Active,14
4157,3279,Auto Loan,2024-10-07,25294.44,0.0583,60.0,E,16320.58,30-59 DPD,Active,21
4158,3280,Personal Loan,2025-12-14,3827.13,0.1155,36.0,D,2832.36,Current,Active,7
4159,3281,Auto Loan,2024-11-25,17213.98,0.1058,72.0,C,15641.75,90+ DPD,Charged Off,20
4160,3282,Personal Loan,2023-10-20,7231.86,0.159,36.0,A,569.71,Current,Active,33
4161,3282,Personal Loan,2023-04-18,11224.54,0.1301,36.0,B,0.0,Current,Paid Off,39
4162,3283,Personal Loan,2022-05-10,18521.83,0.1591,24.0,B,0.0,Current,Paid Off,50
4163,3284,Personal Loan,2022-11-11,4081.49,0.1699,36.0,D,0.0,Current,Paid Off,44
4164,3285,Credit Card,2025-08-26,8332.51,0.1861,,C,7068.97,Current,Active,11
4165,3286,Auto Loan,2025-11-04,21722.41,0.1035,48.0,E,20517.71,90+ DPD,Charged Off,8
4166,3286,Credit Card,2023-08-28,8660.39,0.1671,,B,4222.68,Current,Active,35
4167,3287,Personal Loan,2024-08-11,18701.19,0.1337,48.0,A,10090.66,Current,Active,23
4168,3288,Auto Loan,2025-08-23,15215.42,0.0622,60.0,D,11814.87,90+ DPD,Charged Off,11
4169,3291,Mortgage,2024-05-26,249822.78,0.0575,360.0,B,218604.56,Current,Active,26
4170,3291,Auto Loan,2026-01-30,40220.2,0.0865,72.0,C,37542.59,30-59 DPD,Active,6
4171,3292,Credit Card,2022-03-20,4828.88,0.1946,,A,1780.8,Current,Active,52
4172,3292,Personal Loan,2025-05-25,23698.02,0.1221,24.0,A,10026.31,Current,Active,14
4173,3292,Auto Loan,2022-03-31,37158.41,0.0672,60.0,A,4692.91,Current,Active,52
4174,3293,Personal Loan,2022-07-05,24174.61,0.1611,24.0,B,0.0,Current,Paid Off,48
4175,3294,Personal Loan,2022-12-17,3520.68,0.1555,36.0,D,0.0,Current,Paid Off,43
4176,3295,Personal Loan,2024-10-28,24814.94,0.1078,48.0,D,13818.08,Current,Active,21
4177,3297,Auto Loan,2024-11-10,21009.78,0.0599,48.0,B,12787.76,Current,Active,20
4178,3298,Credit Card,2024-12-04,6917.97,0.2414,,A,3593.87,Current,Active,19
4179,3298,Credit Card,2025-09-06,9562.42,0.2394,,B,6708.32,Current,Active,10
4180,3299,Credit Card,2025-03-14,13603.35,0.1828,,C,4936.93,Current,Active,16
4181,3300,Auto Loan,2025-07-04,41948.1,0.0927,72.0,B,32729.79,Current,Active,12
4182,3300,Credit Card,2025-09-02,8236.7,0.2511,,C,1366.59,Current,Active,10
4183,3301,Auto Loan,2024-07-02,9439.23,0.0852,48.0,B,4526.85,Current,Active,24
4184,3301,Personal Loan,2023-02-08,21251.74,0.1744,48.0,E,3156.42,Current,Active,41
4185,3303,Credit Card,2024-10-26,6455.95,0.2203,,C,1104.04,Current,Active,21
4186,3304,Personal Loan,2023-06-07,4461.02,0.1815,48.0,C,2572.92,90+ DPD,Charged Off,37
4187,3305,Personal Loan,2025-05-24,6890.58,0.1799,24.0,D,2914.54,Current,Active,14
4188,3305,Mortgage,2022-02-14,146176.32,0.0571,180.0,A,97482.83,Current,Active,53
4189,3306,Credit Card,2024-07-22,10912.81,0.219,,A,4643.06,Current,Active,24
4190,3307,Auto Loan,2024-09-12,28509.95,0.0988,72.0,C,19544.82,Current,Active,22
4191,3307,Personal Loan,2026-05-21,22762.81,0.159,36.0,A,22532.08,Current,Active,2
4192,3307,Credit Card,2023-08-17,10771.79,0.1815,,C,5974.41,90+ DPD,Charged Off,35
4193,3309,Credit Card,2022-08-04,2613.54,0.18,,C,2166.52,90+ DPD,Active,47
4194,3309,Credit Card,2025-07-16,16002.84,0.1812,,A,6919.16,Current,Active,12
4195,3310,Credit Card,2023-02-19,15686.84,0.2365,,B,3118.83,Current,Active,41
4196,3311,Credit Card,2022-11-10,13950.53,0.2016,,A,6554.8,Current,Active,44
4197,3311,Credit Card,2024-06-23,9871.02,0.1687,,A,7806.43,Current,Active,25
4198,3312,Credit Card,2026-04-23,12377.08,0.1927,,A,2807.52,Current,Active,3
4199,3313,Credit Card,2025-12-22,10855.91,0.2521,,C,2985.43,Current,Active,7
4200,3313,Mortgage,2022-07-18,490269.98,0.0589,180.0,C,442324.41,90+ DPD,Charged Off,48
4201,3315,Auto Loan,2025-09-06,34078.76,0.0928,60.0,B,26414.68,Current,Active,10
4202,3315,Mortgage,2025-06-11,502975.91,0.0525,360.0,B,326873.8,90+ DPD,Charged Off,13
4203,3316,Personal Loan,2022-12-30,11579.47,0.1228,48.0,B,10741.67,90+ DPD,Charged Off,43
4204,3317,Personal Loan,2024-05-04,17471.81,0.1505,36.0,B,4387.94,Current,Active,26
4205,3317,Auto Loan,2026-01-02,9526.29,0.1095,36.0,B,7223.22,Current,Active,6
4206,3318,Mortgage,2026-05-02,513847.96,0.0514,180.0,B,489135.36,Current,Active,2
4207,3319,Personal Loan,2025-05-20,17773.37,0.1117,36.0,D,10422.72,Current,Active,14
4208,3321,Credit Card,2026-02-25,19717.32,0.1751,,D,6930.76,Current,Active,5
4209,3321,Mortgage,2024-01-16,412727.98,0.066,240.0,D,327898.04,Current,Active,30
4210,3322,Credit Card,2023-07-23,18046.82,0.1964,,D,2625.3,60-89 DPD,Active,36
4211,3323,Auto Loan,2026-05-29,29386.33,0.0534,72.0,C,26653.65,Current,Active,2
4212,3324,Mortgage,2025-06-29,192408.29,0.0741,180.0,D,178983.79,Current,Active,13
4213,3324,Auto Loan,2023-01-12,40235.45,0.0688,72.0,B,16472.31,Current,Active,42
4214,3324,Personal Loan,2024-05-30,14756.79,0.109,24.0,E,0.0,Current,Paid Off,26
4215,3325,Personal Loan,2023-05-25,21498.68,0.1146,36.0,B,0.0,Current,Paid Off,38
4216,3326,Auto Loan,2025-04-04,11132.57,0.1035,36.0,C,6399.21,Current,Active,15
4217,3326,Personal Loan,2026-04-04,5786.97,0.1857,48.0,A,5653.2,Current,Active,3
4218,3327,Credit Card,2025-08-18,2952.95,0.193,,A,1201.97,Current,Active,11
4219,3328,Credit Card,2025-01-21,9679.09,0.1886,,B,3783.95,Current,Active,18
4220,3329,Mortgage,2023-09-28,309690.29,0.052,240.0,A,252598.4,Current,Active,34
4221,3329,Mortgage,2024-08-10,626290.15,0.0696,240.0,B,524463.58,Current,Active,23
4222,3330,Mortgage,2022-08-13,189378.06,0.055,360.0,B,148352.25,Current,Active,47
4223,3331,Credit Card,2022-01-17,18573.89,0.2477,,D,15770.18,90+ DPD,Charged Off,54
4224,3332,Personal Loan,2024-06-18,3555.91,0.1118,36.0,C,1089.11,Current,Active,25
4225,3333,Credit Card,2024-11-23,7638.16,0.2498,,A,5556.44,Current,Active,20
4226,3335,Personal Loan,2023-07-14,24691.76,0.1861,36.0,C,0.0,Current,Paid Off,36
4227,3336,Personal Loan,2023-12-13,10713.25,0.1093,24.0,B,0.0,Current,Paid Off,31
4228,3337,Credit Card,2024-09-10,8971.87,0.2468,,B,7211.72,Current,Active,22
4229,3337,Auto Loan,2025-04-22,41272.04,0.0908,60.0,B,31907.64,30-59 DPD,Active,15
4230,3337,Mortgage,2022-10-10,352948.24,0.0601,360.0,D,320448.71,Current,Active,45
4231,3338,Auto Loan,2025-10-07,37207.22,0.0931,60.0,B,28645.19,Current,Active,9
4232,3339,Mortgage,2022-01-21,215805.23,0.071,360.0,A,192072.15,Current,Active,54
4233,3340,Credit Card,2023-11-28,11331.86,0.2327,,B,9207.81,Current,Active,32
4234,3340,Credit Card,2022-12-03,16220.21,0.2385,,C,8629.1,Current,Active,43
4235,3343,Credit Card,2026-02-01,15370.41,0.2057,,A,8309.89,Current,Active,5
4236,3343,Auto Loan,2024-12-20,26603.1,0.0727,36.0,C,11311.93,Current,Active,19
4237,3344,Personal Loan,2022-10-17,22790.36,0.1598,24.0,C,0.0,Current,Paid Off,45
4238,3345,Auto Loan,2023-04-13,33528.38,0.0513,48.0,D,6560.47,Current,Active,39
4239,3346,Personal Loan,2025-01-11,10074.99,0.1606,24.0,C,2591.01,Current,Active,18
4240,3348,Credit Card,2024-06-19,19663.63,0.2311,,B,14490.18,30-59 DPD,Active,25
4241,3349,Credit Card,2023-10-22,2897.48,0.2003,,A,2130.62,Current,Active,33
4242,3350,Personal Loan,2023-03-21,16939.97,0.1795,48.0,B,2897.55,Current,Active,40
4243,3351,Mortgage,2024-02-16,162837.48,0.0734,180.0,A,139601.26,Current,Active,29
4244,3351,Credit Card,2025-08-20,2990.82,0.1979,,A,1017.25,Current,Active,11
4245,3352,Credit Card,2024-04-15,9697.55,0.2482,,B,5421.59,30-59 DPD,Active,27
4246,3352,Auto Loan,2025-11-07,10985.51,0.063,48.0,C,8277.38,Current,Active,8
4247,3353,Personal Loan,2022-09-15,6700.2,0.1651,48.0,A,312.7,Current,Active,46
4248,3354,Personal Loan,2026-03-30,17473.08,0.096,48.0,B,16538.14,Current,Active,4
4249,3354,Auto Loan,2024-02-02,24991.65,0.1084,48.0,C,10367.81,Current,Active,29
4250,3355,Personal Loan,2026-05-24,21389.23,0.1523,48.0,A,20382.6,Current,Active,2
4251,3356,Personal Loan,2025-05-04,14800.71,0.173,36.0,C,9394.51,Current,Active,14
4252,3357,Auto Loan,2022-09-20,38428.66,0.0501,48.0,A,2006.6,Current,Active,46
4253,3357,Personal Loan,2022-09-26,18643.68,0.0925,24.0,B,0.0,Current,Paid Off,46
4254,3358,Personal Loan,2022-12-28,20220.25,0.1013,36.0,E,0.0,Current,Paid Off,43
4255,3359,Credit Card,2023-04-27,11727.78,0.2022,,B,9093.73,Current,Active,39
4256,3359,Personal Loan,2022-10-12,21728.63,0.142,48.0,A,1258.57,Current,Active,45
4257,3360,Credit Card,2022-03-26,16331.15,0.1894,,B,9293.38,90+ DPD,Charged Off,52
4258,3360,Auto Loan,2023-09-16,31327.94,0.0679,60.0,A,14235.26,Current,Active,34
4259,3360,Credit Card,2025-01-25,3883.59,0.2145,,A,1928.6,Current,Active,18
4260,3361,Auto Loan,2023-06-02,33753.05,0.0805,48.0,C,7411.65,Current,Active,37
4261,3361,Mortgage,2025-04-10,576093.52,0.0629,180.0,B,518849.8,Current,Active,15
4262,3361,Auto Loan,2023-02-04,35469.61,0.0581,48.0,D,5378.15,60-89 DPD,Active,41
4263,3362,Personal Loan,2023-01-02,18619.4,0.1734,36.0,C,0.0,Current,Paid Off,42
4264,3362,Auto Loan,2022-09-18,42116.81,0.0816,72.0,C,15909.14,Current,Active,46
4265,3363,Credit Card,2022-08-15,7910.0,0.1898,,A,5648.72,Current,Active,47
4266,3364,Auto Loan,2025-06-10,42700.27,0.0894,48.0,C,30004.18,Current,Active,13
4267,3365,Auto Loan,2024-04-09,12336.04,0.0727,48.0,B,5609.66,30-59 DPD,Active,27
4268,3365,Credit Card,2024-06-17,13353.87,0.1908,,A,4227.38,Current,Active,25
4269,3365,Personal Loan,2024-07-22,3503.53,0.1798,36.0,A,1117.92,Current,Active,24
4270,3367,Credit Card,2022-12-25,4919.11,0.2169,,C,621.07,Current,Active,43
4271,3367,Auto Loan,2022-05-21,12111.49,0.0859,48.0,C,0.0,Current,Paid Off,50
4272,3367,Auto Loan,2022-02-15,33899.58,0.0895,60.0,B,3978.95,Current,Active,53
4273,3368,Mortgage,2024-09-19,571874.47,0.0588,180.0,B,511152.34,Current,Active,22
4274,3369,Mortgage,2022-03-03,412340.48,0.074,240.0,E,314777.0,Current,Active,52
4275,3370,Auto Loan,2023-01-24,38614.83,0.0896,72.0,A,15238.39,30-59 DPD,Active,42
4276,3371,Credit Card,2024-02-29,15784.65,0.1987,,E,11352.21,Current,Active,29
4277,3372,Personal Loan,2024-06-10,20963.81,0.1756,48.0,E,17294.25,90+ DPD,Charged Off,25
4278,3373,Credit Card,2022-09-20,6903.51,0.2011,,D,3252.0,Current,Active,46
4279,3373,Auto Loan,2025-12-13,16849.27,0.0528,60.0,D,14313.31,Current,Active,7
4280,3374,Credit Card,2026-02-28,8641.41,0.1639,,B,6340.71,Current,Active,5
4281,3374,Credit Card,2024-03-01,9895.1,0.2097,,D,2517.54,60-89 DPD,Active,28
4282,3374,Personal Loan,2024-08-13,14205.63,0.1787,48.0,C,7423.06,Current,Active,23
4283,3375,Auto Loan,2022-05-28,18345.03,0.0909,60.0,C,2809.17,Current,Active,50
4284,3376,Credit Card,2024-04-08,11323.01,0.1629,,D,8822.13,90+ DPD,Charged Off,27
4285,3376,Auto Loan,2024-01-22,24891.87,0.0846,72.0,B,14965.4,Current,Active,30
4286,3376,Credit Card,2025-02-05,7596.89,0.2294,,D,1716.91,Current,Active,17
4287,3377,Credit Card,2026-05-07,17487.09,0.2469,,B,14633.43,Current,Active,2
4288,3378,Personal Loan,2022-11-04,8862.2,0.164,48.0,C,743.92,Current,Active,44
4289,3379,Personal Loan,2023-12-06,20110.39,0.0975,48.0,C,7155.89,Current,Active,31
4290,3379,Credit Card,2026-01-03,13221.79,0.1918,,A,6987.28,Current,Active,6
4291,3380,Personal Loan,2023-01-26,23929.44,0.1228,24.0,A,0.0,Current,Paid Off,42
4292,3380,Auto Loan,2025-06-24,10570.56,0.0942,36.0,A,6136.36,Current,Active,13
4293,3381,Credit Card,2025-09-16,15652.51,0.232,,E,10693.26,90+ DPD,Charged Off,10
4294,3382,Credit Card,2024-12-11,7259.04,0.218,,C,2970.56,Current,Active,19
4295,3382,Personal Loan,2023-07-25,18586.31,0.1653,48.0,B,4615.19,Current,Active,36
4296,3383,Personal Loan,2024-09-26,11446.17,0.1563,36.0,B,4615.53,Current,Active,22
4297,3384,Personal Loan,2022-12-22,23075.5,0.1385,48.0,C,14222.57,90+ DPD,Charged Off,43
4298,3384,Auto Loan,2022-07-27,28568.11,0.0712,60.0,A,5832.83,Current,Active,48
4299,3384,Personal Loan,2023-12-31,9448.25,0.1509,36.0,B,1296.8,Current,Active,31
4300,3388,Credit Card,2026-03-30,7704.79,0.1933,,A,1827.63,Current,Active,4
4301,3388,Auto Loan,2022-01-04,22844.5,0.062,60.0,A,2286.06,Current,Active,54
4302,3389,Personal Loan,2023-08-24,10461.44,0.164,24.0,D,0.0,Current,Paid Off,35
4303,3390,Personal Loan,2023-02-21,4597.22,0.157,48.0,A,614.81,Current,Active,41
4304,3391,Credit Card,2026-01-23,11322.53,0.2595,,A,9271.39,Current,Active,6
4305,3392,Credit Card,2025-08-05,1741.07,0.2403,,A,652.82,Current,Active,11
4306,3393,Credit Card,2024-01-06,13050.31,0.1843,,A,1388.13,Current,Active,30
4307,3394,Mortgage,2024-03-02,181650.43,0.0697,240.0,B,157696.76,Current,Active,28
4308,3395,Auto Loan,2025-09-17,24003.85,0.0868,36.0,D,17910.44,60-89 DPD,Active,10
4309,3396,Credit Card,2023-02-21,12184.58,0.2537,,C,2663.61,Current,Active,41
4310,3398,Personal Loan,2024-07-21,7434.86,0.1005,24.0,A,0.0,Current,Paid Off,24
4311,3398,Auto Loan,2023-11-09,35630.93,0.051,36.0,C,3720.51,60-89 DPD,Active,32
4312,3399,Credit Card,2025-12-04,19786.25,0.1827,,C,5774.0,Current,Active,7
4313,3399,Credit Card,2024-06-15,14562.74,0.1957,,C,3489.79,Current,Active,25
4314,3400,Credit Card,2026-01-28,7108.85,0.1987,,B,5925.13,Current,Active,6
4315,3401,Credit Card,2023-04-06,19712.78,0.1966,,B,7723.17,Current,Active,39
4316,3401,Personal Loan,2024-08-18,12511.55,0.1735,24.0,B,631.72,Current,Active,23
4317,3401,Mortgage,2025-06-08,269835.43,0.0543,240.0,A,239524.73,Current,Active,13
4318,3402,Credit Card,2024-09-18,6657.04,0.1864,,C,3854.53,90+ DPD,Charged Off,22
4319,3402,Personal Loan,2022-05-06,21959.31,0.1794,48.0,C,0.0,Current,Paid Off,50
4320,3406,Personal Loan,2023-11-07,19041.03,0.1097,48.0,C,6402.58,Current,Active,32
4321,3407,Credit Card,2026-01-05,18649.63,0.1721,,B,10940.56,Current,Active,6
4322,3407,Mortgage,2024-02-22,337983.63,0.061,240.0,D,298095.1,Current,Active,29
4323,3408,Credit Card,2024-12-22,14193.61,0.1762,,C,8550.95,90+ DPD,Active,19
4324,3409,Auto Loan,2023-05-04,10054.34,0.0634,48.0,A,2109.46,Current,Active,38
4325,3410,Auto Loan,2022-12-04,29491.19,0.0904,72.0,E,11166.02,30-59 DPD,Active,43
4326,3410,Mortgage,2024-09-02,552118.59,0.0649,240.0,A,457573.42,30-59 DPD,Active,22
4327,3411,Mortgage,2026-04-29,502612.24,0.0595,180.0,B,499689.0,Current,Active,3
4328,3412,Auto Loan,2025-01-05,33364.65,0.0812,36.0,E,18854.82,90+ DPD,Charged Off,18
4329,3414,Credit Card,2025-05-25,10478.41,0.2501,,A,4965.08,Current,Active,14
4330,3414,Auto Loan,2022-02-01,38981.1,0.0746,36.0,A,0.0,Current,Paid Off,53
4331,3415,Credit Card,2022-06-26,5149.48,0.1699,,B,4331.53,Current,Active,49
4332,3416,Credit Card,2022-11-07,19966.83,0.184,,B,11416.06,Current,Active,44
4333,3417,Credit Card,2023-09-24,2330.85,0.2168,,D,1416.99,Current,Active,34
4334,3417,Credit Card,2026-02-21,10379.94,0.2359,,C,5794.43,Current,Active,5
4335,3418,Auto Loan,2026-01-28,31004.4,0.1086,48.0,A,26872.75,Current,Active,6
4336,3419,Credit Card,2023-07-26,8991.87,0.174,,D,1185.35,Current,Active,36
4337,3419,Credit Card,2026-04-03,13010.94,0.218,,D,3312.93,Current,Active,3
4338,3420,Credit Card,2023-09-17,11608.78,0.2185,,B,4801.38,Current,Active,34
4339,3420,Mortgage,2024-11-09,147705.82,0.0475,180.0,D,132149.75,Current,Active,20
4340,3420,Credit Card,2023-11-17,16237.7,0.2103,,B,8271.7,Current,Active,32
4341,3421,Personal Loan,2025-12-21,16280.42,0.1335,24.0,B,10747.14,Current,Active,7
4342,3422,Auto Loan,2025-05-22,34696.07,0.0889,36.0,E,31532.31,90+ DPD,Charged Off,14
4343,3423,Personal Loan,2025-05-14,16599.85,0.1191,24.0,D,7246.05,Current,Active,14
4344,3424,Credit Card,2023-11-17,16008.09,0.2106,,A,5811.17,Current,Active,32
4345,3425,Credit Card,2026-04-27,9208.47,0.1738,,A,6164.92,Current,Active,3
4346,3425,Credit Card,2022-01-09,1065.15,0.225,,A,467.5,Current,Active,54
4347,3426,Personal Loan,2025-02-11,6841.78,0.1295,48.0,B,4127.3,Current,Active,17
4348,3427,Credit Card,2023-06-12,3151.22,0.2243,,A,345.28,Current,Active,37
4349,3428,Auto Loan,2023-05-27,42152.31,0.0657,48.0,B,8895.73,Current,Active,38
4350,3429,Auto Loan,2023-05-04,21940.78,0.0775,60.0,C,8073.18,Current,Active,38
4351,3430,Auto Loan,2023-08-05,14093.47,0.0927,60.0,C,6112.59,Current,Active,35
4352,3430,Auto Loan,2022-01-25,25429.75,0.0838,72.0,C,6181.36,Current,Active,54
4353,3431,Credit Card,2023-06-23,2138.13,0.1959,,C,608.69,30-59 DPD,Active,37
4354,3432,Mortgage,2023-04-09,474730.42,0.0599,240.0,B,365239.07,Current,Active,39
4355,3432,Credit Card,2022-05-05,3498.11,0.1841,,A,2098.25,Current,Active,50
4356,3433,Credit Card,2023-03-01,12532.94,0.2188,,A,5256.82,Current,Active,40
4357,3434,Auto Loan,2025-10-31,17557.32,0.1096,48.0,B,13870.39,60-89 DPD,Active,9
4358,3436,Auto Loan,2025-03-13,14821.83,0.064,60.0,A,11266.22,Current,Active,16
4359,3436,Credit Card,2023-08-04,11611.64,0.2483,,A,9292.64,Current,Active,35
4360,3437,Personal Loan,2024-10-22,9195.82,0.1804,24.0,D,1191.76,Current,Active,21
4361,3438,Mortgage,2024-01-26,223484.94,0.0672,180.0,A,169250.94,Current,Active,30
4362,3439,Auto Loan,2025-10-08,16834.93,0.0995,60.0,B,12985.26,Current,Active,9
4363,3440,Auto Loan,2024-03-16,16857.4,0.078,48.0,C,6910.93,Current,Active,28
4364,3443,Personal Loan,2025-08-05,15910.21,0.0926,36.0,C,14219.7,90+ DPD,Charged Off,11
4365,3444,Auto Loan,2024-02-28,16007.12,0.0625,48.0,B,5852.45,Current,Active,29
4366,3445,Personal Loan,2025-11-23,7181.07,0.1276,48.0,B,4997.88,90+ DPD,Charged Off,8
4367,3445,Auto Loan,2026-05-09,15302.44,0.0964,36.0,A,14277.73,Current,Active,2
4368,3446,Personal Loan,2022-10-02,4522.8,0.1027,36.0,B,0.0,Current,Paid Off,45
4369,3447,Personal Loan,2026-02-26,4467.42,0.1717,36.0,A,3966.54,Current,Active,5
4370,3447,Credit Card,2025-10-18,13504.27,0.1642,,A,8257.02,Current,Active,9
4371,3448,Mortgage,2026-03-13,389698.49,0.0543,180.0,B,374457.48,Current,Active,4
4372,3449,Auto Loan,2023-02-04,21289.79,0.0577,48.0,D,3255.17,Current,Active,41
4373,3450,Credit Card,2023-06-23,17104.64,0.1712,,C,7489.46,90+ DPD,Charged Off,37
4374,3452,Mortgage,2025-08-18,594569.91,0.0727,360.0,C,552742.37,Current,Active,11
4375,3453,Personal Loan,2024-01-05,15965.36,0.128,48.0,E,7195.61,90+ DPD,Charged Off,30
4376,3454,Credit Card,2022-11-22,14006.4,0.2494,,B,7881.11,Current,Active,44
4377,3454,Credit Card,2026-03-21,6258.67,0.1659,,A,4835.25,Current,Active,4
4378,3455,Auto Loan,2026-03-13,26286.71,0.0567,72.0,A,22881.36,Current,Active,4
4379,3455,Mortgage,2022-09-08,149639.81,0.0526,180.0,A,103158.35,Current,Active,46
4380,3455,Auto Loan,2024-01-10,9072.57,0.0959,36.0,A,1422.84,30-59 DPD,Active,30
4381,3456,Auto Loan,2022-02-20,18668.28,0.0638,72.0,C,16667.03,90+ DPD,Charged Off,53
4382,3456,Personal Loan,2023-06-17,11595.96,0.1849,36.0,C,0.0,Current,Paid Off,37
4383,3457,Personal Loan,2024-10-14,3591.98,0.1802,24.0,B,408.22,Current,Active,21
4384,3457,Credit Card,2025-09-13,7818.48,0.2458,,A,4693.89,Current,Active,10
4385,3458,Personal Loan,2023-11-12,15952.16,0.1304,48.0,C,5330.57,Current,Active,32
4386,3459,Credit Card,2024-02-05,3675.02,0.2568,,D,1313.61,Current,Active,29
4387,3461,Credit Card,2026-05-08,4546.47,0.249,,C,993.58,Current,Active,2
4388,3461,Personal Loan,2022-12-25,8514.11,0.1307,48.0,D,7803.48,90+ DPD,Charged Off,43
4389,3462,Personal Loan,2023-11-25,12871.65,0.1587,48.0,A,4090.87,Current,Active,32
4390,3463,Personal Loan,2022-01-03,12029.89,0.1239,48.0,A,0.0,Current,Paid Off,54
4391,3464,Personal Loan,2025-12-04,22626.31,0.1723,36.0,C,17564.77,Current,Active,7
4392,3464,Auto Loan,2022-05-30,22381.37,0.0526,72.0,B,6878.35,Current,Active,50
4393,3465,Credit Card,2025-05-20,16939.19,0.2424,,C,11673.29,Current,Active,14
4394,3466,Credit Card,2024-09-29,6153.98,0.2187,,B,4098.41,90+ DPD,Charged Off,22
4395,3467,Auto Loan,2026-02-15,35008.84,0.1076,72.0,C,30418.79,Current,Active,5
4396,3467,Auto Loan,2025-11-29,25805.84,0.0935,48.0,A,20150.51,Current,Active,8
4397,3470,Credit Card,2024-04-27,18804.23,0.1683,,C,5213.07,Current,Active,27
4398,3470,Mortgage,2025-02-21,601822.35,0.049,240.0,B,542555.29,Current,Active,17
4399,3472,Personal Loan,2024-03-01,7938.78,0.1534,48.0,A,3118.92,Current,Active,28
4400,3474,Credit Card,2026-01-27,5940.38,0.2528,,A,735.19,Current,Active,6
4401,3475,Credit Card,2023-02-10,3374.73,0.2324,,C,1447.41,90+ DPD,Charged Off,41
4402,3475,Personal Loan,2023-12-12,15201.83,0.1636,36.0,A,1915.72,Current,Active,31
4403,3475,Auto Loan,2025-08-03,31565.28,0.0594,72.0,A,27001.02,Current,Active,11
4404,3476,Credit Card,2024-11-25,2852.25,0.2184,,A,1388.99,Current,Active,20
4405,3477,Auto Loan,2022-07-15,16762.0,0.1024,72.0,C,5258.34,30-59 DPD,Active,48
4406,3478,Personal Loan,2023-11-08,5667.23,0.1807,36.0,C,2506.33,90+ DPD,Charged Off,32
4407,3478,Mortgage,2025-05-14,351643.59,0.0742,360.0,D,336118.64,Current,Active,14
4408,3479,Personal Loan,2023-04-02,12626.87,0.0945,24.0,A,0.0,Current,Paid Off,39
4409,3480,Personal Loan,2024-01-10,6505.37,0.1791,36.0,D,4560.2,90+ DPD,Charged Off,30
4410,3480,Credit Card,2024-10-18,1777.27,0.2146,,C,1186.0,Current,Active,21
4411,3481,Personal Loan,2024-10-28,20759.46,0.1336,24.0,D,8840.3,90+ DPD,Charged Off,21
4412,3481,Personal Loan,2024-09-06,16644.84,0.1017,48.0,E,14584.13,90+ DPD,Charged Off,22
4413,3482,Personal Loan,2022-05-28,15567.16,0.1051,36.0,A,0.0,Current,Paid Off,50
4414,3483,Mortgage,2024-09-22,130738.86,0.0458,360.0,A,123400.82,Current,Active,22
4415,3484,Credit Card,2024-07-02,7568.47,0.2558,,B,4335.96,Current,Active,24
4416,3484,Credit Card,2024-06-23,19807.95,0.1992,,A,15619.35,Current,Active,25
4417,3484,Auto Loan,2022-12-07,28105.74,0.096,60.0,C,8107.73,Current,Active,43
4418,3486,Mortgage,2026-04-14,573264.82,0.0535,360.0,A,567914.11,Current,Active,3
4419,3488,Auto Loan,2024-12-11,9903.72,0.1046,48.0,B,5500.87,Current,Active,19
4420,3488,Personal Loan,2026-01-14,15197.22,0.1629,36.0,A,12327.02,Current,Active,6
4421,3489,Personal Loan,2023-10-12,16030.78,0.1078,24.0,B,0.0,Current,Paid Off,33
4422,3490,Auto Loan,2024-11-26,44283.67,0.0863,72.0,A,33412.57,Current,Active,20
4423,3490,Auto Loan,2024-11-11,19292.94,0.0834,36.0,B,8595.21,Current,Active,20
4424,3491,Personal Loan,2022-02-22,14612.59,0.144,24.0,A,0.0,Current,Paid Off,53
4425,3491,Auto Loan,2022-12-28,27680.2,0.092,72.0,B,10567.94,Current,Active,43
4426,3492,Personal Loan,2024-01-08,9807.36,0.1595,48.0,D,3725.87,Current,Active,30
4427,3492,Auto Loan,2024-12-25,31860.32,0.0915,60.0,C,20911.06,Current,Active,19
4428,3493,Mortgage,2025-09-30,610497.3,0.052,180.0,C,591514.61,Current,Active,10
4429,3494,Credit Card,2025-01-24,19300.71,0.1691,,B,14780.97,Current,Active,18
4430,3495,Mortgage,2024-11-27,523140.22,0.0718,180.0,B,477816.04,Current,Active,20
4431,3496,Auto Loan,2026-02-23,36581.78,0.0622,60.0,B,31128.54,Current,Active,5
4432,3498,Auto Loan,2026-01-16,40024.07,0.0827,60.0,C,37355.12,Current,Active,6
4433,3498,Credit Card,2025-02-16,19448.94,0.1924,,C,6207.25,Current,Active,17
4434,3499,Auto Loan,2022-03-17,22917.66,0.1003,72.0,D,5742.74,30-59 DPD,Active,52
4435,3502,Credit Card,2022-11-15,11986.06,0.2217,,C,7945.01,Current,Active,44
4436,3506,Credit Card,2025-10-27,7458.42,0.1767,,D,980.82,90+ DPD,Active,9
4437,3506,Credit Card,2022-04-07,2089.85,0.1773,,B,1707.0,Current,Active,51
4438,3506,Credit Card,2023-05-02,11395.98,0.2035,,B,3190.21,Current,Active,38
4439,3507,Credit Card,2023-03-27,10709.8,0.2025,,B,8885.77,Current,Active,40
4440,3507,Mortgage,2026-05-27,453871.03,0.0525,360.0,A,406593.15,Current,Active,2
4441,3507,Credit Card,2023-02-16,14038.02,0.2079,,A,2386.87,Current,Active,41
4442,3508,Credit Card,2023-10-25,6548.12,0.2146,,D,3715.34,90+ DPD,Active,33
4443,3509,Personal Loan,2022-03-09,19809.03,0.1332,24.0,B,0.0,Current,Paid Off,52
4444,3509,Credit Card,2022-11-24,10296.0,0.206,,A,8661.92,Current,Active,44
4445,3510,Personal Loan,2025-10-26,4983.53,0.1742,24.0,A,2947.66,Current,Active,9
4446,3511,Personal Loan,2023-01-17,3716.67,0.1004,36.0,B,0.0,Current,Paid Off,42
4447,3513,Auto Loan,2022-04-21,15882.12,0.1085,60.0,A,2494.82,Current,Active,51
4448,3514,Auto Loan,2023-08-18,31231.62,0.0764,36.0,C,1449.0,Current,Active,35
4449,3515,Auto Loan,2024-08-24,19872.82,0.0639,48.0,E,10776.99,90+ DPD,Active,23
4450,3515,Credit Card,2022-11-03,6034.17,0.1975,,D,4149.87,90+ DPD,Charged Off,44
4451,3515,Credit Card,2026-02-23,9209.57,0.1906,,D,5822.62,60-89 DPD,Active,5
4452,3516,Auto Loan,2024-03-25,8807.08,0.0767,48.0,A,5021.75,90+ DPD,Charged Off,28
4453,3517,Personal Loan,2025-06-04,16154.99,0.1624,36.0,A,10362.48,Current,Active,13
4454,3518,Credit Card,2023-09-24,15153.23,0.2121,,A,10892.27,Current,Active,34
4455,3520,Auto Loan,2025-08-10,18276.59,0.0674,60.0,C,14575.18,Current,Active,11
4456,3521,Credit Card,2025-09-03,4854.75,0.1785,,B,2105.16,Current,Active,10
4457,3521,Auto Loan,2026-04-07,37194.35,0.107,36.0,A,30776.84,Current,Active,3
4458,3521,Mortgage,2024-12-11,535875.3,0.0613,240.0,B,501880.17,Current,Active,19
4459,3522,Credit Card,2022-11-08,16992.55,0.2331,,C,10579.95,Current,Active,44
4460,3522,Personal Loan,2023-09-08,12234.77,0.137,48.0,C,3733.99,60-89 DPD,Active,34
4461,3522,Mortgage,2024-05-02,208326.76,0.0543,360.0,D,160901.95,90+ DPD,Charged Off,26
4462,3524,Credit Card,2023-02-11,3518.41,0.239,,A,2434.24,Current,Active,41
4463,3524,Credit Card,2025-07-14,19840.02,0.2365,,A,16687.19,Current,Active,12
4464,3526,Personal Loan,2022-06-23,13246.13,0.1078,24.0,B,0.0,Current,Paid Off,49
4465,3526,Auto Loan,2024-08-17,25999.37,0.0929,60.0,A,15892.11,Current,Active,23
4466,3527,Credit Card,2024-07-05,16911.46,0.2311,,E,12970.06,90+ DPD,Charged Off,24
4467,3527,Mortgage,2024-10-09,495083.05,0.0639,180.0,D,401857.27,60-89 DPD,Active,21
4468,3528,Credit Card,2023-01-07,10942.54,0.2513,,C,4642.65,Current,Active,42
4469,3529,Credit Card,2023-01-20,14240.33,0.2298,,A,2868.25,Current,Active,42
4470,3529,Credit Card,2022-08-25,5392.06,0.1726,,A,2861.85,Current,Active,47
4471,3530,Personal Loan,2024-06-11,7508.74,0.1895,36.0,A,2134.33,Current,Active,25
4472,3531,Mortgage,2024-08-04,626884.2,0.0609,180.0,A,550704.15,Current,Active,23
4473,3531,Credit Card,2024-01-15,1755.83,0.1673,,C,1313.26,90+ DPD,Charged Off,30
4474,3532,Personal Loan,2025-05-20,14187.36,0.1887,48.0,A,9500.35,Current,Active,14
4475,3532,Personal Loan,2025-03-15,10316.01,0.1139,36.0,B,5979.56,Current,Active,16
4476,3533,Personal Loan,2024-05-21,5158.5,0.147,36.0,B,1501.82,Current,Active,26
4477,3533,Personal Loan,2022-11-24,18125.24,0.1461,36.0,C,0.0,Current,Paid Off,44
4478,3534,Mortgage,2024-07-25,183756.74,0.059,180.0,C,152307.26,Current,Active,24
4479,3535,Credit Card,2025-06-26,13409.19,0.2104,,C,11018.59,Current,Active,13
4480,3535,Credit Card,2023-10-20,8139.83,0.2496,,B,6103.81,Current,Active,33
4481,3536,Personal Loan,2022-08-20,16040.22,0.1319,24.0,B,0.0,Current,Paid Off,47
4482,3537,Auto Loan,2024-10-03,33978.98,0.089,36.0,B,13079.05,Current,Active,21
4483,3537,Credit Card,2022-08-18,12461.71,0.1915,,A,8375.17,Current,Active,47
4484,3541,Credit Card,2025-12-16,1059.65,0.2533,,A,310.42,Current,Active,7
4485,3541,Credit Card,2022-10-04,7481.66,0.2364,,B,1726.5,Current,Active,45
4486,3543,Personal Loan,2025-05-21,7425.31,0.123,36.0,B,4625.36,Current,Active,14
4487,3544,Auto Loan,2022-09-11,8356.13,0.0633,60.0,A,1888.97,Current,Active,46
4488,3545,Auto Loan,2022-08-31,28615.53,0.0777,48.0,B,1374.78,Current,Active,47
4489,3545,Auto Loan,2024-01-01,9425.37,0.0659,36.0,B,1482.53,Current,Active,30
4490,3546,Personal Loan,2022-09-07,12843.3,0.1189,36.0,D,0.0,Current,Paid Off,46
4491,3548,Credit Card,2023-02-21,19453.7,0.1959,,A,3486.7,Current,Active,41
4492,3549,Credit Card,2022-12-07,14575.12,0.1707,,C,7016.09,90+ DPD,Charged Off,43
4493,3549,Credit Card,2023-07-20,18474.41,0.1897,,B,4613.88,Current,Active,36
4494,3550,Auto Loan,2025-05-31,11180.13,0.066,48.0,C,7456.83,60-89 DPD,Active,14
4495,3551,Auto Loan,2023-03-16,19701.58,0.0716,72.0,B,9031.5,Current,Active,40
4496,3552,Auto Loan,2025-11-17,15544.33,0.0838,60.0,C,13147.18,Current,Active,8
4497,3553,Credit Card,2023-04-08,12583.13,0.2466,,A,9454.51,Current,Active,39
4498,3553,Credit Card,2025-03-30,5082.99,0.1839,,A,4070.26,Current,Active,16
4499,3555,Personal Loan,2023-11-14,7321.53,0.1834,48.0,D,2383.84,Current,Active,32
4500,3558,Personal Loan,2024-07-24,5698.29,0.1489,48.0,B,2623.05,Current,Active,24
4501,3558,Mortgage,2023-09-25,476847.86,0.0652,180.0,A,365396.42,Current,Active,34
4502,3559,Auto Loan,2024-09-20,42713.61,0.063,36.0,D,16433.68,Current,Active,22
4503,3559,Auto Loan,2023-03-03,41508.59,0.0769,72.0,D,18534.75,30-59 DPD,Active,40
4504,3560,Mortgage,2026-05-12,229225.61,0.056,360.0,B,220985.24,Current,Active,2
4505,3561,Credit Card,2026-03-01,11699.17,0.2565,,B,8120.72,Current,Active,4
4506,3562,Credit Card,2024-01-22,7896.7,0.2131,,C,7021.94,90+ DPD,Charged Off,30
4507,3563,Auto Loan,2022-09-07,23987.65,0.076,72.0,C,7913.94,Current,Active,46
4508,3563,Personal Loan,2026-05-14,15453.42,0.1804,24.0,E,13977.2,60-89 DPD,Active,2
4509,3564,Personal Loan,2024-04-23,3891.87,0.0985,36.0,A,911.0,Current,Active,27
4510,3565,Auto Loan,2022-10-11,16022.6,0.0744,72.0,C,5886.61,30-59 DPD,Active,45
4511,3566,Auto Loan,2025-06-26,44943.77,0.0518,72.0,C,36303.8,Current,Active,13
4512,3568,Auto Loan,2025-05-18,33218.89,0.1041,60.0,A,26606.66,Current,Active,14
4513,3569,Credit Card,2022-04-09,12926.82,0.2454,,D,11701.11,90+ DPD,Charged Off,51
4514,3569,Auto Loan,2022-06-01,8346.1,0.0545,60.0,E,3590.72,90+ DPD,Charged Off,49
4515,3570,Personal Loan,2024-10-07,12899.96,0.0945,36.0,A,5096.21,Current,Active,21
4516,3571,Mortgage,2024-04-01,270556.42,0.048,240.0,C,231535.86,Current,Active,27
4517,3572,Credit Card,2022-12-24,9116.26,0.2053,,B,3612.24,Current,Active,43
4518,3573,Auto Loan,2025-01-10,33655.25,0.108,36.0,A,16359.65,Current,Active,18
4519,3573,Auto Loan,2024-07-31,10841.29,0.0659,72.0,B,7401.9,Current,Active,24
4520,3573,Credit Card,2024-07-22,18947.87,0.2067,,A,3106.82,Current,Active,24
4521,3574,Mortgage,2025-08-19,558750.67,0.0582,360.0,B,537356.55,Current,Active,11
4522,3574,Auto Loan,2024-06-29,23654.25,0.098,72.0,A,16070.39,Current,Active,25
4523,3575,Personal Loan,2025-01-29,7669.17,0.1362,24.0,B,1956.2,Current,Active,18
4524,3576,Personal Loan,2024-10-11,3974.18,0.159,24.0,A,473.44,Current,Active,21
4525,3577,Credit Card,2024-08-26,4793.72,0.2433,,B,2423.16,Current,Active,23
4526,3578,Personal Loan,2022-05-07,12569.37,0.1884,24.0,A,0.0,Current,Paid Off,50
4527,3579,Credit Card,2024-09-30,5133.15,0.1794,,A,3515.33,Current,Active,22
4528,3579,Auto Loan,2024-02-15,17207.53,0.0895,48.0,B,6901.55,Current,Active,29
4529,3579,Mortgage,2022-06-24,444704.43,0.0521,240.0,B,351940.13,Current,Active,49
4530,3580,Personal Loan,2024-06-19,17022.74,0.0919,36.0,C,5043.55,Current,Active,25
4531,3582,Personal Loan,2022-03-08,5679.81,0.1718,36.0,B,0.0,Current,Paid Off,52
4532,3583,Mortgage,2023-09-22,162573.43,0.0505,360.0,B,142869.41,Current,Active,34
4533,3583,Auto Loan,2024-07-25,31217.06,0.1055,72.0,C,18900.51,Current,Active,24
4534,3584,Auto Loan,2024-04-23,14995.32,0.0685,36.0,C,3404.8,Current,Active,27
4535,3586,Mortgage,2023-03-15,280004.68,0.0591,240.0,B,187081.73,90+ DPD,Charged Off,40
4536,3586,Personal Loan,2025-06-23,15056.95,0.153,36.0,D,9556.12,90+ DPD,Active,13
4537,3587,Auto Loan,2023-02-06,38145.38,0.0658,48.0,E,5692.97,Current,Active,41
4538,3588,Personal Loan,2024-06-08,22533.27,0.1046,36.0,D,6708.28,Current,Active,25
4539,3588,Credit Card,2024-07-30,12581.19,0.1757,,E,9507.08,90+ DPD,Charged Off,24
4540,3589,Mortgage,2024-02-21,285887.88,0.0586,240.0,B,258910.63,Current,Active,29
4541,3589,Credit Card,2026-05-03,15382.99,0.1847,,B,2046.83,Current,Active,2
4542,3590,Mortgage,2024-03-20,407275.24,0.064,240.0,B,334877.26,Current,Active,28
4543,3592,Auto Loan,2024-06-29,20404.57,0.0708,72.0,C,13206.97,Current,Active,25
4544,3593,Personal Loan,2023-12-01,14598.78,0.1773,24.0,B,0.0,Current,Paid Off,31
4545,3594,Mortgage,2023-02-02,160586.85,0.0518,240.0,C,139450.24,30-59 DPD,Active,41
4546,3596,Auto Loan,2022-02-17,15826.36,0.0568,72.0,C,3780.7,60-89 DPD,Active,53
4547,3596,Mortgage,2024-10-02,158347.24,0.0562,360.0,A,136437.8,Current,Active,21
4548,3597,Mortgage,2022-01-21,489162.43,0.0699,180.0,D,349382.79,Current,Active,54
4549,3597,Credit Card,2025-02-08,10171.59,0.2379,,E,4405.09,Current,Active,17
4550,3599,Credit Card,2025-02-23,16703.42,0.1632,,B,12513.11,Current,Active,17
4551,3601,Credit Card,2022-09-22,1994.39,0.1804,,A,577.94,Current,Active,46
4552,3601,Credit Card,2023-01-17,9672.0,0.2468,,B,1615.6,Current,Active,42
4553,3602,Credit Card,2024-11-05,16292.47,0.2379,,C,7002.04,Current,Active,20
4554,3604,Personal Loan,2025-01-05,7201.71,0.1108,36.0,B,3707.85,Current,Active,18
4555,3604,Auto Loan,2025-11-09,33533.9,0.0534,48.0,C,25539.09,Current,Active,8
4556,3605,Personal Loan,2023-03-18,5621.04,0.0976,24.0,D,0.0,Current,Paid Off,40
4557,3606,Personal Loan,2024-10-03,19538.31,0.0951,36.0,C,7902.24,Current,Active,21
4558,3606,Personal Loan,2022-01-13,9920.91,0.1207,48.0,C,0.0,Current,Paid Off,54
4559,3607,Personal Loan,2022-05-11,23935.69,0.1003,48.0,A,0.0,Current,Paid Off,50
4560,3608,Auto Loan,2022-07-31,8914.39,0.1079,60.0,C,1786.81,Current,Active,48
4561,3608,Personal Loan,2025-09-06,7259.11,0.1283,36.0,C,3535.74,90+ DPD,Charged Off,10
4562,3609,Mortgage,2022-06-28,132865.87,0.0713,360.0,C,81784.59,90+ DPD,Charged Off,49
4563,3609,Auto Loan,2022-09-16,32522.19,0.0943,72.0,B,11336.83,Current,Active,46
4564,3609,Credit Card,2026-01-13,1692.11,0.2584,,B,796.82,Current,Active,6
4565,3610,Credit Card,2023-12-09,13574.27,0.1715,,C,10818.94,Current,Active,31
4566,3612,Auto Loan,2025-06-03,27271.27,0.0728,48.0,B,18219.97,Current,Active,13
4567,3613,Credit Card,2022-01-15,11738.33,0.2017,,C,9805.37,90+ DPD,Charged Off,54
4568,3614,Auto Loan,2023-06-15,35044.43,0.0793,36.0,B,0.0,Current,Paid Off,37
4569,3614,Auto Loan,2023-09-17,19052.03,0.0805,48.0,D,5088.41,90+ DPD,Active,34
4570,3616,Mortgage,2022-08-01,160327.79,0.0517,180.0,B,117628.08,Current,Active,47
4571,3617,Personal Loan,2024-11-16,3971.89,0.1219,24.0,B,676.75,Current,Active,20
4572,3617,Personal Loan,2022-01-21,9858.89,0.1438,48.0,B,0.0,Current,Paid Off,54
4573,3618,Personal Loan,2022-04-27,18771.35,0.1286,36.0,B,0.0,Current,Paid Off,51
4574,3619,Auto Loan,2025-05-09,27648.59,0.0735,72.0,A,20433.37,Current,Active,14
4575,3619,Credit Card,2022-06-14,5484.22,0.191,,B,4864.26,90+ DPD,Charged Off,49
4576,3622,Credit Card,2024-01-31,3192.97,0.1615,,E,635.95,Current,Active,30
4577,3624,Credit Card,2026-04-07,12359.05,0.249,,C,8259.97,30-59 DPD,Active,3
4578,3624,Auto Loan,2023-11-09,42657.8,0.0617,72.0,C,21541.92,Current,Active,32
4579,3624,Auto Loan,2024-04-09,14813.3,0.0999,60.0,D,8148.95,30-59 DPD,Active,27
4580,3625,Personal Loan,2025-01-08,8073.88,0.1269,48.0,C,5148.67,Current,Active,18
4581,3626,Credit Card,2022-09-07,15714.88,0.2485,,A,10048.78,Current,Active,46
4582,3627,Personal Loan,2026-05-01,3077.53,0.1697,48.0,D,2676.99,Current,Active,2
4583,3627,Auto Loan,2022-05-28,10009.04,0.0537,72.0,B,2982.56,Current,Active,50
4584,3627,Personal Loan,2023-04-22,16377.75,0.1204,24.0,D,0.0,Current,Paid Off,39
4585,3628,Credit Card,2022-02-11,4411.31,0.246,,B,3660.12,Current,Active,53
4586,3632,Auto Loan,2023-07-11,12591.46,0.0638,60.0,B,4615.25,Current,Active,36
4587,3632,Mortgage,2023-01-30,605580.21,0.049,180.0,A,482556.02,Current,Active,42
4588,3634,Mortgage,2024-07-02,128693.22,0.047,180.0,A,102788.17,Current,Active,24
4589,3635,Auto Loan,2026-05-11,15412.96,0.0584,60.0,A,15460.43,Current,Active,2
4590,3636,Auto Loan,2026-02-02,14080.43,0.0884,48.0,B,12592.84,Current,Active,5
4591,3636,Personal Loan,2024-06-26,8548.9,0.1018,48.0,A,4115.63,Current,Active,25
4592,3637,Personal Loan,2024-06-17,11151.87,0.1031,48.0,A,4879.85,Current,Active,25
4593,3637,Credit Card,2025-05-22,16269.48,0.2093,,C,13573.69,Current,Active,14
4594,3639,Personal Loan,2022-12-16,15637.78,0.091,48.0,B,1477.04,Current,Active,43
4595,3641,Auto Loan,2023-02-12,8983.27,0.053,48.0,A,1196.07,Current,Active,41
4596,3642,Personal Loan,2022-04-04,20768.43,0.117,48.0,B,0.0,Current,Paid Off,51
4597,3642,Personal Loan,2026-03-10,18246.35,0.1874,24.0,B,13804.16,Current,Active,4
4598,3643,Auto Loan,2025-06-07,19691.52,0.0628,48.0,B,13036.23,30-59 DPD,Active,13
4599,3645,Personal Loan,2024-11-17,12058.4,0.1642,24.0,A,2024.88,Current,Active,20
4600,3646,Auto Loan,2023-01-08,36833.12,0.0611,72.0,A,15342.18,Current,Active,42
4601,3647,Personal Loan,2022-01-05,11169.09,0.1506,48.0,E,0.0,Current,Paid Off,54
4602,3648,Mortgage,2022-06-16,297883.95,0.0576,360.0,A,257789.55,Current,Active,49
4603,3648,Auto Loan,2022-02-28,17155.06,0.1046,60.0,A,1985.75,Current,Active,53
4604,3651,Personal Loan,2023-05-29,22227.01,0.1739,24.0,B,0.0,Current,Paid Off,38
4605,3652,Auto Loan,2022-01-15,18551.38,0.0638,60.0,B,1751.29,Current,Active,54
4606,3654,Credit Card,2023-12-17,16472.51,0.2358,,A,3722.63,Current,Active,31
4607,3654,Auto Loan,2025-08-05,38700.19,0.0767,36.0,A,26484.36,Current,Active,11
4608,3655,Personal Loan,2025-09-25,17754.43,0.1765,48.0,B,13406.28,Current,Active,10
4609,3656,Personal Loan,2023-06-10,3932.18,0.1593,24.0,A,0.0,Current,Paid Off,37
4610,3657,Personal Loan,2023-12-13,24541.44,0.1847,24.0,E,0.0,Current,Paid Off,31
4611,3657,Auto Loan,2022-08-03,23710.88,0.0918,36.0,C,0.0,Current,Paid Off,47
4612,3658,Mortgage,2023-03-26,133650.97,0.062,180.0,D,94957.0,Current,Active,40
4613,3658,Auto Loan,2023-01-29,9850.61,0.0998,60.0,A,2888.48,Current,Active,42
4614,3658,Auto Loan,2025-03-07,32444.23,0.0587,72.0,C,26236.87,Current,Active,16
4615,3659,Credit Card,2023-07-15,15357.24,0.2242,,B,10930.57,Current,Active,36
4616,3660,Personal Loan,2026-02-05,13549.24,0.1578,24.0,C,10677.66,Current,Active,5
4617,3661,Personal Loan,2026-05-20,20686.77,0.1036,24.0,E,17242.39,Current,Active,2
4618,3661,Personal Loan,2026-01-14,9307.32,0.1556,24.0,C,7223.52,30-59 DPD,Active,6
4619,3662,Credit Card,2024-10-26,1610.47,0.2157,,C,651.39,90+ DPD,Charged Off,21
4620,3662,Auto Loan,2023-02-12,24814.04,0.0964,48.0,D,21234.19,90+ DPD,Charged Off,41
4621,3662,Personal Loan,2024-06-19,3054.6,0.0928,24.0,B,0.0,Current,Paid Off,25
4622,3664,Personal Loan,2026-04-25,17831.75,0.1339,36.0,C,11955.85,90+ DPD,Charged Off,3
4623,3664,Auto Loan,2023-07-27,11992.72,0.0868,48.0,B,2914.28,Current,Active,36
4624,3666,Credit Card,2025-10-11,9869.08,0.205,,C,4510.67,Current,Active,9
4625,3668,Auto Loan,2025-11-29,31407.68,0.0669,36.0,B,24263.46,Current,Active,8
4626,3669,Personal Loan,2026-01-14,15271.07,0.1747,36.0,A,12365.63,Current,Active,6
4627,3670,Personal Loan,2025-10-17,13659.78,0.1151,48.0,C,10678.7,Current,Active,9
4628,3671,Mortgage,2024-06-03,391002.39,0.0518,180.0,B,307410.76,Current,Active,25
4629,3671,Mortgage,2025-06-03,351312.62,0.0709,360.0,C,331756.95,Current,Active,13
4630,3672,Mortgage,2024-07-23,332057.35,0.0562,180.0,A,288761.03,Current,Active,24
4631,3672,Credit Card,2022-08-12,3910.0,0.1696,,A,1151.01,Current,Active,47
4632,3673,Auto Loan,2026-03-11,32886.03,0.0631,60.0,A,31075.34,Current,Active,4
4633,3674,Credit Card,2025-08-05,9933.19,0.1652,,A,6679.09,Current,Active,11
4634,3674,Personal Loan,2024-09-07,13594.97,0.1173,48.0,A,6638.64,Current,Active,22
4635,3675,Credit Card,2023-02-24,14991.39,0.1739,,C,1753.51,Current,Active,41
4636,3676,Auto Loan,2023-04-27,11314.75,0.0725,36.0,C,0.0,Current,Paid Off,39
4637,3677,Credit Card,2023-08-31,6190.81,0.1612,,A,5176.91,Current,Active,35
4638,3677,Auto Loan,2025-06-17,38360.98,0.0621,36.0,A,25717.16,Current,Active,13
4639,3677,Credit Card,2022-04-17,4757.69,0.2266,,A,2406.21,Current,Active,51
4640,3678,Credit Card,2022-05-19,18411.5,0.1905,,B,6399.11,Current,Active,50
4641,3679,Mortgage,2024-01-03,592552.29,0.0484,240.0,B,533326.92,Current,Active,30
4642,3679,Credit Card,2024-07-13,11837.31,0.1847,,B,9707.08,Current,Active,24
4643,3680,Credit Card,2025-11-24,3744.6,0.1949,,B,2534.82,Current,Active,8
4644,3680,Credit Card,2025-01-01,9386.72,0.243,,A,1294.48,Current,Active,18
4645,3681,Mortgage,2026-04-26,564596.26,0.0569,240.0,A,538278.47,Current,Active,3
4646,3682,Personal Loan,2023-03-20,14713.96,0.1822,36.0,A,0.0,Current,Paid Off,40
4647,3683,Personal Loan,2022-06-01,13523.06,0.1524,36.0,B,0.0,Current,Paid Off,49
4648,3683,Credit Card,2023-05-27,18258.33,0.2392,,C,14669.39,Current,Active,38
4649,3684,Personal Loan,2025-07-25,7949.34,0.189,36.0,D,3165.91,90+ DPD,Charged Off,12
4650,3684,Credit Card,2022-01-07,13806.35,0.2066,,D,4845.12,60-89 DPD,Active,54
4651,3685,Mortgage,2025-07-02,190892.32,0.0498,360.0,C,175302.87,Current,Active,12
4652,3686,Personal Loan,2026-03-03,14187.76,0.1855,48.0,D,13552.8,30-59 DPD,Active,4
4653,3686,Personal Loan,2025-04-13,9377.71,0.1812,48.0,B,6383.71,Current,Active,15
4654,3688,Personal Loan,2025-05-09,9609.95,0.1327,48.0,D,7018.52,Current,Active,14
4655,3689,Mortgage,2023-06-17,158475.91,0.0643,180.0,C,114432.68,Current,Active,37
4656,3689,Auto Loan,2024-04-27,34759.89,0.092,36.0,E,8444.32,30-59 DPD,Active,27
4657,3690,Credit Card,2025-07-04,7938.25,0.2239,,C,4565.01,Current,Active,12
4658,3690,Mortgage,2025-03-26,322386.44,0.0504,180.0,A,282284.66,Current,Active,16
4659,3690,Credit Card,2024-09-27,18590.12,0.2599,,C,2002.59,30-59 DPD,Active,22
4660,3691,Mortgage,2025-10-21,483115.18,0.0456,240.0,B,439357.83,Current,Active,9
4661,3692,Mortgage,2023-05-31,408105.71,0.0748,360.0,C,340280.49,Current,Active,38
4662,3694,Auto Loan,2023-08-14,29572.13,0.0813,60.0,C,11859.88,Current,Active,35
4663,3695,Credit Card,2022-08-08,14011.1,0.2306,,B,8202.59,90+ DPD,Charged Off,47
4664,3699,Mortgage,2024-07-12,329339.38,0.0511,360.0,A,308907.28,Current,Active,24
4665,3700,Auto Loan,2023-03-14,38831.08,0.093,48.0,C,5885.89,Current,Active,40
4666,3705,Credit Card,2023-05-02,11483.49,0.1936,,B,9286.48,Current,Active,38
4667,3706,Auto Loan,2023-11-03,42088.72,0.0721,60.0,A,20266.39,Current,Active,32
4668,3709,Personal Loan,2025-12-15,11963.64,0.1249,48.0,C,9999.57,Current,Active,7
4669,3709,Credit Card,2022-10-14,6615.96,0.1757,,B,2709.96,30-59 DPD,Active,45
4670,3711,Mortgage,2023-02-26,169920.2,0.0671,360.0,B,137453.62,Current,Active,41
4671,3712,Auto Loan,2025-11-07,17061.98,0.066,36.0,D,12671.82,Current,Active,8
4672,3712,Personal Loan,2023-11-03,12698.56,0.1011,48.0,E,7262.07,90+ DPD,Charged Off,32
4673,3714,Personal Loan,2024-01-31,17239.3,0.1102,24.0,B,0.0,Current,Paid Off,30
4674,3715,Credit Card,2024-02-04,4727.36,0.2003,,B,1360.34,Current,Active,29
4675,3715,Mortgage,2022-05-14,347451.22,0.0488,180.0,C,246391.98,Current,Active,50
4676,3715,Credit Card,2022-11-29,13172.31,0.1755,,C,8476.49,Current,Active,44
4677,3716,Mortgage,2025-01-02,247005.32,0.0532,360.0,C,232653.44,Current,Active,18
4678,3716,Credit Card,2023-03-16,17424.75,0.1655,,B,10127.0,Current,Active,40
4679,3718,Personal Loan,2024-02-03,5453.78,0.153,36.0,A,974.53,Current,Active,29
4680,3720,Credit Card,2022-11-16,4271.52,0.2489,,A,2439.14,Current,Active,44
4681,3723,Auto Loan,2022-10-13,14577.31,0.1073,48.0,D,5269.58,90+ DPD,Charged Off,45
4682,3725,Personal Loan,2025-12-27,13231.94,0.1062,48.0,B,11068.58,Current,Active,7
4683,3726,Auto Loan,2026-03-17,12468.85,0.0609,72.0,C,11907.78,Current,Active,4
4684,3727,Personal Loan,2024-03-13,24757.91,0.0923,24.0,D,0.0,Current,Paid Off,28
4685,3728,Personal Loan,2025-11-07,13718.56,0.1148,36.0,A,10579.16,Current,Active,8
4686,3729,Auto Loan,2022-06-14,33840.49,0.0528,48.0,D,0.0,Current,Paid Off,49
4687,3730,Personal Loan,2023-12-26,22043.93,0.1203,36.0,C,2761.87,Current,Active,31
4688,3731,Credit Card,2024-04-16,14820.53,0.1656,,C,4815.45,Current,Active,27
4689,3731,Mortgage,2022-11-23,202200.64,0.0703,240.0,D,167474.72,30-59 DPD,Active,44
4690,3733,Auto Loan,2023-03-17,32350.49,0.0807,60.0,B,10680.82,Current,Active,40
4691,3734,Personal Loan,2025-04-30,22979.01,0.1123,36.0,A,13058.36,Current,Active,15
4692,3735,Personal Loan,2022-01-28,23212.94,0.1654,48.0,C,0.0,Current,Paid Off,54
4693,3736,Credit Card,2022-06-24,9284.82,0.2104,,D,3661.17,Current,Active,49
4694,3738,Auto Loan,2025-11-15,44230.74,0.0805,36.0,A,34907.13,Current,Active,8
4695,3738,Credit Card,2022-04-03,8535.95,0.1881,,B,6312.59,Current,Active,51
4696,3739,Personal Loan,2024-12-05,8237.47,0.1466,36.0,A,3653.64,Current,Active,19
4697,3739,Credit Card,2025-01-13,15237.34,0.214,,D,6713.96,Current,Active,18
4698,3740,Personal Loan,2022-06-17,15606.95,0.1829,36.0,C,0.0,Current,Paid Off,49
4699,3741,Mortgage,2023-09-07,458085.02,0.0511,180.0,B,363578.19,Current,Active,34
4700,3741,Personal Loan,2025-05-08,12060.58,0.149,48.0,B,7972.83,Current,Active,14
4701,3742,Personal Loan,2024-08-02,4261.0,0.1281,48.0,B,2316.31,Current,Active,23
4702,3742,Personal Loan,2025-01-01,8997.82,0.1286,36.0,A,4064.85,Current,Active,18
4703,3742,Personal Loan,2025-01-02,16953.6,0.154,24.0,B,4218.39,Current,Active,18
4704,3743,Mortgage,2024-06-20,124762.2,0.0528,240.0,C,108611.47,Current,Active,25
4705,3744,Auto Loan,2024-09-25,26308.81,0.0556,72.0,D,18557.64,Current,Active,22
4706,3746,Auto Loan,2024-04-27,17050.46,0.1007,60.0,C,9499.19,Current,Active,27
4707,3746,Credit Card,2022-07-31,7497.01,0.2017,,A,6335.3,Current,Active,48
4708,3747,Auto Loan,2025-11-20,43742.61,0.09,36.0,B,35456.67,Current,Active,8
4709,3747,Auto Loan,2025-12-09,36084.48,0.0623,36.0,A,28077.33,Current,Active,7
4710,3747,Personal Loan,2025-05-02,12165.57,0.1503,24.0,A,4695.82,Current,Active,14
4711,3749,Auto Loan,2023-02-04,22739.82,0.0942,72.0,B,9620.04,Current,Active,41
4712,3751,Mortgage,2025-03-14,504604.79,0.0484,180.0,A,459984.38,Current,Active,16
4713,3752,Personal Loan,2025-02-06,11542.8,0.1305,48.0,E,9713.88,90+ DPD,Charged Off,17
4714,3752,Auto Loan,2023-02-21,37011.32,0.0564,36.0,D,0.0,Current,Paid Off,41
4715,3753,Auto Loan,2022-04-28,21820.26,0.0519,60.0,D,9459.02,90+ DPD,Charged Off,51
4716,3753,Auto Loan,2025-04-25,28097.91,0.0896,60.0,B,21372.35,Current,Active,15
4717,3754,Auto Loan,2025-05-31,15030.28,0.0522,72.0,A,12621.65,Current,Active,14
4718,3755,Credit Card,2024-09-17,12824.55,0.191,,A,3170.65,Current,Active,22
4719,3756,Auto Loan,2022-04-09,12495.82,0.0516,36.0,C,0.0,Current,Paid Off,51
4720,3757,Credit Card,2024-02-05,18694.82,0.1899,,D,14611.53,Current,Active,29
4721,3757,Personal Loan,2024-08-12,12872.81,0.1808,36.0,C,4823.09,Current,Active,23
4722,3758,Personal Loan,2022-05-29,15150.5,0.1169,48.0,D,0.0,Current,Paid Off,50
4723,3758,Auto Loan,2024-03-04,31902.92,0.0906,60.0,B,17544.2,Current,Active,28
4724,3758,Mortgage,2025-09-09,513429.86,0.0583,180.0,E,467855.32,Current,Active,10
4725,3759,Credit Card,2023-01-20,1587.88,0.2479,,B,983.8,90+ DPD,Charged Off,42
4726,3759,Auto Loan,2025-10-11,31661.95,0.0932,36.0,B,23673.65,Current,Active,9
4727,3760,Auto Loan,2025-01-10,37099.66,0.0985,72.0,B,28876.63,30-59 DPD,Active,18
4728,3761,Credit Card,2024-08-09,3724.94,0.2407,,B,2564.17,Current,Active,23
4729,3761,Auto Loan,2025-07-29,30513.26,0.0954,36.0,A,20446.96,Current,Active,12
4730,3762,Auto Loan,2025-03-04,24607.57,0.0542,72.0,E,20093.5,30-59 DPD,Active,16
4731,3762,Auto Loan,2022-07-18,39197.51,0.0926,36.0,B,0.0,Current,Paid Off,48
4732,3763,Mortgage,2022-04-08,302071.04,0.0589,360.0,A,242070.12,Current,Active,51
4733,3763,Auto Loan,2022-10-19,42761.71,0.1043,72.0,B,14809.09,30-59 DPD,Active,45
4734,3763,Personal Loan,2022-11-02,9158.31,0.1061,48.0,A,790.47,Current,Active,44
4735,3764,Credit Card,2022-10-03,12196.48,0.2594,,D,1813.74,30-59 DPD,Active,45
4736,3764,Personal Loan,2025-12-25,21855.68,0.0928,24.0,D,15211.57,30-59 DPD,Active,7
4737,3766,Credit Card,2023-11-11,17320.34,0.1621,,D,7402.36,Current,Active,32
4738,3767,Auto Loan,2024-06-08,19549.46,0.1089,48.0,B,8789.73,Current,Active,25
4739,3768,Auto Loan,2023-05-19,14883.6,0.1097,60.0,C,5650.82,Current,Active,38
4740,3768,Credit Card,2023-08-07,14920.86,0.1919,,C,4687.06,Current,Active,35
4741,3769,Personal Loan,2024-05-04,12083.5,0.136,36.0,D,3375.84,Current,Active,26
4742,3770,Mortgage,2022-03-31,159414.1,0.0624,240.0,B,126715.29,Current,Active,52
4743,3771,Auto Loan,2025-01-16,42876.36,0.0709,48.0,C,26432.54,Current,Active,18
4744,3772,Mortgage,2025-05-20,400931.73,0.0608,360.0,D,384809.5,Current,Active,14
4745,3772,Personal Loan,2025-03-14,14484.22,0.0911,48.0,C,9362.54,Current,Active,16
4746,3775,Auto Loan,2022-11-28,42750.74,0.0929,60.0,B,11322.66,Current,Active,44
4747,3776,Auto Loan,2024-12-14,31321.78,0.0862,72.0,A,23315.02,Current,Active,19
4748,3776,Credit Card,2022-10-15,15787.21,0.2214,,A,7272.44,Current,Active,45
4749,3777,Credit Card,2023-03-22,1800.99,0.1799,,B,1343.0,Current,Active,40
4750,3778,Personal Loan,2024-10-04,14954.8,0.1337,36.0,B,5632.37,Current,Active,21
4751,3778,Personal Loan,2023-09-04,9189.11,0.1489,48.0,B,2557.04,Current,Active,34
4752,3779,Auto Loan,2023-06-26,42468.31,0.0797,60.0,D,28180.76,90+ DPD,Charged Off,37
4753,3779,Auto Loan,2023-10-30,36912.77,0.0603,60.0,D,24038.46,90+ DPD,Charged Off,33
4754,3780,Mortgage,2025-09-08,645984.53,0.0583,360.0,B,657841.03,Current,Active,10
4755,3780,Personal Loan,2025-04-21,13484.8,0.1229,36.0,C,7566.61,Current,Active,15
4756,3780,Auto Loan,2022-09-16,24779.48,0.0792,48.0,D,1171.82,Current,Active,46
4757,3781,Auto Loan,2022-10-28,20382.55,0.0704,48.0,A,1271.75,Current,Active,45
4758,3782,Credit Card,2024-12-05,12689.63,0.1784,,C,7056.31,30-59 DPD,Active,19
4759,3782,Personal Loan,2022-07-20,12810.13,0.1299,36.0,C,0.0,Current,Paid Off,48
4760,3784,Mortgage,2025-04-11,514580.17,0.0583,360.0,C,512849.79,Current,Active,15
4761,3784,Personal Loan,2023-04-12,20409.35,0.1629,48.0,B,3639.7,Current,Active,39
4762,3787,Mortgage,2024-09-30,324248.88,0.0692,240.0,C,289182.79,Current,Active,22
4763,3787,Credit Card,2023-08-31,19005.01,0.209,,B,13242.26,90+ DPD,Charged Off,35
4764,3788,Auto Loan,2024-12-24,28364.93,0.0876,48.0,A,17506.95,Current,Active,19
4765,3788,Personal Loan,2023-10-31,17570.83,0.1297,24.0,A,0.0,Current,Paid Off,33
4766,3789,Credit Card,2026-05-19,15896.28,0.2085,,D,7509.73,Current,Active,2
4767,3790,Credit Card,2025-08-19,19203.58,0.1887,,D,9487.39,Current,Active,11
4768,3790,Personal Loan,2025-01-27,14455.08,0.1115,24.0,C,3585.58,Current,Active,18
4769,3791,Credit Card,2025-05-24,3719.01,0.1698,,B,1621.87,Current,Active,14
4770,3791,Personal Loan,2024-03-27,14922.77,0.1755,48.0,C,6111.15,60-89 DPD,Active,28
4771,3792,Personal Loan,2025-09-08,14200.34,0.1102,36.0,D,9547.44,90+ DPD,Active,10
4772,3793,Credit Card,2023-08-28,13456.1,0.2429,,C,6301.8,Current,Active,35
4773,3794,Credit Card,2022-03-13,10590.27,0.2192,,A,2580.33,Current,Active,52
4774,3794,Credit Card,2026-04-06,5776.93,0.2022,,B,2062.83,Current,Active,3
4775,3795,Credit Card,2026-05-17,13982.85,0.2359,,A,7350.73,Current,Active,2
4776,3795,Auto Loan,2024-10-27,37980.9,0.0556,36.0,D,16078.4,Current,Active,21
4777,3796,Credit Card,2024-04-06,10598.02,0.1744,,B,8297.05,Current,Active,27
4778,3797,Personal Loan,2022-09-28,23888.85,0.1228,36.0,B,0.0,Current,Paid Off,46
4779,3798,Personal Loan,2024-05-13,6233.29,0.1812,36.0,A,1612.69,Current,Active,26
4780,3799,Credit Card,2023-12-20,10796.31,0.2513,,C,2194.29,Current,Active,31
4781,3799,Auto Loan,2024-12-17,15662.23,0.0805,60.0,B,10931.32,Current,Active,19
4782,3801,Personal Loan,2025-07-01,15521.29,0.1418,48.0,B,11572.47,Current,Active,12
4783,3801,Auto Loan,2025-12-17,9248.86,0.1027,72.0,A,8520.23,Current,Active,7
4784,3801,Mortgage,2022-03-01,253048.12,0.0628,180.0,B,182352.26,Current,Active,52
4785,3802,Credit Card,2024-07-29,14164.11,0.2507,,A,11609.23,Current,Active,24
4786,3803,Personal Loan,2025-03-16,5599.9,0.1134,24.0,C,1746.05,Current,Active,16
4787,3804,Auto Loan,2024-01-01,8246.11,0.0779,60.0,E,4243.13,Current,Active,30
4788,3804,Personal Loan,2022-01-08,15420.31,0.1523,36.0,C,0.0,Current,Paid Off,54
4789,3805,Personal Loan,2025-11-21,13996.44,0.1256,48.0,B,10691.11,Current,Active,8
4790,3805,Auto Loan,2024-09-29,14326.32,0.0807,36.0,B,5406.71,Current,Active,22
4791,3806,Auto Loan,2023-11-15,35412.24,0.1001,72.0,A,19177.11,Current,Active,32
4792,3806,Personal Loan,2024-09-22,15442.92,0.1276,36.0,A,5863.47,Current,Active,22
4793,3807,Credit Card,2023-01-11,11189.41,0.1785,,A,5995.68,Current,Active,42
4794,3808,Personal Loan,2024-02-21,13516.62,0.1149,48.0,C,5425.03,Current,Active,29
4795,3808,Credit Card,2022-08-04,16452.88,0.2046,,B,6472.3,Current,Active,47
4796,3809,Auto Loan,2023-10-01,26457.94,0.0565,60.0,B,11422.36,Current,Active,33
4797,3810,Mortgage,2022-02-24,541354.84,0.0485,360.0,C,494272.36,90+ DPD,Charged Off,53
4798,3812,Personal Loan,2025-06-25,14962.01,0.1056,36.0,C,9963.36,30-59 DPD,Active,13
4799,3812,Credit Card,2026-05-19,7608.31,0.1797,,E,3384.52,90+ DPD,Active,2
4800,3813,Credit Card,2023-11-12,10437.76,0.2059,,A,3800.15,Current,Active,32
4801,3815,Mortgage,2024-01-15,472033.34,0.0463,180.0,C,182028.53,90+ DPD,Charged Off,30
4802,3816,Credit Card,2025-11-08,12949.11,0.2445,,A,6237.37,Current,Active,8
4803,3817,Personal Loan,2022-09-02,17355.06,0.1,36.0,A,0.0,Current,Paid Off,46
4804,3818,Auto Loan,2022-05-21,43643.49,0.0712,60.0,D,6809.28,Current,Active,50
4805,3819,Personal Loan,2022-03-17,7118.36,0.0945,36.0,A,0.0,Current,Paid Off,52
4806,3821,Personal Loan,2024-03-08,18718.7,0.1669,24.0,C,0.0,Current,Paid Off,28
4807,3821,Personal Loan,2025-02-15,6393.45,0.125,24.0,A,1937.48,Current,Active,17
4808,3821,Mortgage,2022-08-08,404258.6,0.0474,180.0,A,296126.16,Current,Active,47
4809,3822,Credit Card,2026-02-22,13822.56,0.2001,,C,8242.64,Current,Active,5
4810,3822,Credit Card,2022-05-11,19172.37,0.2272,,C,13726.54,90+ DPD,Charged Off,50
4811,3824,Mortgage,2026-05-25,581727.05,0.0592,240.0,B,542690.04,Current,Active,2
4812,3826,Personal Loan,2023-09-18,9360.93,0.1602,36.0,E,5582.06,90+ DPD,Charged Off,34
4813,3826,Mortgage,2022-06-16,131628.13,0.0667,360.0,B,108701.71,Current,Active,49
4814,3827,Mortgage,2024-04-28,184640.17,0.047,240.0,B,148009.85,Current,Active,27
4815,3828,Auto Loan,2025-10-11,39970.15,0.0718,36.0,B,27992.71,Current,Active,9
4816,3828,Credit Card,2022-12-15,7278.97,0.1729,,A,5218.63,Current,Active,43
4817,3830,Personal Loan,2023-03-22,24238.74,0.1358,48.0,C,3663.77,Current,Active,40
4818,3830,Personal Loan,2024-04-07,7542.45,0.0964,24.0,B,0.0,Current,Paid Off,27
4819,3833,Mortgage,2024-10-06,530339.08,0.0542,180.0,A,437992.45,Current,Active,21
4820,3834,Mortgage,2023-04-23,429620.13,0.0626,360.0,C,357588.21,Current,Active,39
4821,3835,Mortgage,2024-04-12,377701.51,0.0684,240.0,C,342945.57,Current,Active,27
4822,3835,Credit Card,2022-10-22,1397.06,0.1963,,D,1177.55,Current,Active,45
4823,3836,Auto Loan,2024-09-30,37230.88,0.0596,48.0,B,18221.17,Current,Active,22
4824,3838,Credit Card,2024-02-20,6560.4,0.2406,,B,3598.02,Current,Active,29
4825,3838,Personal Loan,2022-12-13,3173.2,0.1052,24.0,A,0.0,Current,Paid Off,43
4826,3840,Credit Card,2024-02-27,18325.13,0.2079,,C,11636.77,Current,Active,29
4827,3840,Mortgage,2023-03-21,525845.73,0.067,360.0,D,472267.16,30-59 DPD,Active,40
4828,3840,Personal Loan,2023-11-29,22272.03,0.1435,36.0,E,2539.92,30-59 DPD,Active,32
4829,3841,Credit Card,2025-12-21,18085.38,0.2226,,E,3061.23,60-89 DPD,Active,7
4830,3842,Credit Card,2025-03-17,8508.16,0.2354,,E,1852.88,30-59 DPD,Active,16
4831,3843,Personal Loan,2022-04-28,6130.75,0.1886,36.0,E,0.0,Current,Paid Off,51
4832,3843,Mortgage,2022-08-07,494624.64,0.0653,180.0,C,362837.76,Current,Active,47
4833,3844,Mortgage,2025-03-31,520628.24,0.0593,240.0,B,501975.85,Current,Active,16
4834,3844,Mortgage,2022-12-10,545157.61,0.0659,180.0,B,404747.45,Current,Active,43
4835,3845,Personal Loan,2024-04-07,11135.08,0.1131,36.0,A,2922.88,Current,Active,27
4836,3845,Personal Loan,2025-03-13,19589.83,0.0974,36.0,B,11007.91,Current,Active,16
4837,3846,Personal Loan,2022-06-08,8522.47,0.1252,36.0,C,0.0,Current,Paid Off,49
4838,3847,Mortgage,2023-06-24,528753.11,0.0731,240.0,C,457329.07,Current,Active,37
4839,3847,Credit Card,2023-07-17,10235.86,0.1679,,B,3411.39,Current,Active,36
4840,3848,Personal Loan,2024-03-02,20837.13,0.1725,36.0,E,4744.45,Current,Active,28
4841,3851,Mortgage,2024-10-14,230873.71,0.0711,240.0,B,218111.46,Current,Active,21
4842,3852,Credit Card,2023-05-11,18772.63,0.1948,,A,9692.4,Current,Active,38
4843,3853,Auto Loan,2025-01-05,25402.75,0.0863,48.0,A,15577.43,Current,Active,18
4844,3853,Personal Loan,2024-02-26,12360.06,0.1688,24.0,B,0.0,Current,Paid Off,29
4845,3854,Auto Loan,2024-12-25,37839.38,0.0735,48.0,E,31028.91,90+ DPD,Charged Off,19
4846,3855,Personal Loan,2023-09-21,17067.75,0.1229,24.0,B,0.0,Current,Paid Off,34
4847,3856,Auto Loan,2022-04-09,19858.94,0.0802,36.0,D,0.0,Current,Paid Off,51
4848,3857,Personal Loan,2023-08-08,5227.96,0.0965,36.0,C,265.61,Current,Active,35
4849,3857,Mortgage,2023-05-24,345070.74,0.0693,360.0,A,282514.88,Current,Active,38
4850,3858,Auto Loan,2024-03-29,26054.66,0.0945,36.0,D,5889.04,Current,Active,28
4851,3859,Credit Card,2024-12-02,16531.17,0.1921,,E,14149.83,90+ DPD,Charged Off,19
4852,3860,Auto Loan,2024-11-08,11749.33,0.0812,48.0,B,7161.13,Current,Active,20
4853,3862,Credit Card,2025-10-13,12682.19,0.1756,,C,9477.09,Current,Active,9
4854,3862,Credit Card,2023-06-02,12625.69,0.2256,,C,5970.48,Current,Active,37
4855,3864,Personal Loan,2024-03-07,23644.98,0.1718,36.0,A,5284.95,Current,Active,28
4856,3864,Auto Loan,2024-04-29,33585.24,0.0998,48.0,D,13489.51,Current,Active,27
4857,3864,Auto Loan,2025-04-16,44322.43,0.0871,72.0,C,34332.2,Current,Active,15
4858,3865,Auto Loan,2023-08-07,27462.98,0.0847,72.0,B,13079.25,Current,Active,35
4859,3865,Auto Loan,2024-12-25,22307.02,0.0807,36.0,A,9671.51,Current,Active,19
4860,3866,Auto Loan,2025-12-11,24235.64,0.0569,60.0,B,21081.66,Current,Active,7
4861,3867,Personal Loan,2026-03-26,21459.99,0.1058,48.0,C,19492.56,Current,Active,4
4862,3867,Personal Loan,2023-05-14,3637.51,0.1721,36.0,B,0.0,Current,Paid Off,38
4863,3867,Credit Card,2023-04-06,14300.66,0.166,,A,5511.88,Current,Active,39
4864,3868,Personal Loan,2022-04-30,7305.59,0.117,24.0,C,0.0,Current,Paid Off,51
4865,3868,Credit Card,2024-10-25,7760.73,0.2205,,C,3843.03,Current,Active,21
4866,3868,Auto Loan,2024-03-26,32480.9,0.0693,72.0,A,18671.64,Current,Active,28
4867,3870,Personal Loan,2022-06-02,19230.68,0.1295,48.0,A,0.0,Current,Paid Off,49
4868,3871,Personal Loan,2024-04-07,4968.77,0.1722,36.0,D,1249.49,90+ DPD,Active,27
4869,3871,Auto Loan,2025-11-04,38529.26,0.0878,60.0,B,30066.54,Current,Active,8
4870,3872,Credit Card,2023-01-26,13975.47,0.1705,,B,6696.91,Current,Active,42
4871,3873,Credit Card,2025-03-22,13024.33,0.1923,,A,3800.15,Current,Active,16
4872,3873,Auto Loan,2025-09-25,30256.45,0.1051,36.0,A,21217.22,Current,Active,10
4873,3874,Personal Loan,2024-07-20,23206.95,0.1511,24.0,A,0.0,Current,Paid Off,24
4874,3874,Credit Card,2024-10-25,8100.96,0.2537,,A,5983.83,Current,Active,21
4875,3875,Personal Loan,2026-05-30,23925.85,0.1332,48.0,C,23243.82,Current,Active,2
4876,3875,Mortgage,2024-07-04,631201.65,0.0637,180.0,B,542315.64,Current,Active,24
4877,3877,Auto Loan,2025-07-05,39664.11,0.0966,60.0,B,32546.41,Current,Active,12
4878,3878,Auto Loan,2022-04-11,44355.74,0.0925,72.0,B,13061.7,Current,Active,51
4879,3879,Mortgage,2025-05-01,150266.92,0.0654,360.0,B,133433.2,Current,Active,14
4880,3880,Personal Loan,2022-03-01,10542.51,0.1783,36.0,B,0.0,Current,Paid Off,52
4881,3880,Auto Loan,2024-09-25,43812.34,0.0744,60.0,B,25966.98,Current,Active,22
4882,3882,Mortgage,2023-11-03,323679.79,0.0537,360.0,C,270202.49,Current,Active,32
4883,3883,Auto Loan,2023-09-08,28752.62,0.0881,72.0,C,14395.54,Current,Active,34
4884,3884,Personal Loan,2023-02-09,3082.72,0.1804,24.0,B,0.0,Current,Paid Off,41
4885,3886,Auto Loan,2023-04-27,44527.31,0.0837,36.0,B,0.0,Current,Paid Off,39
4886,3887,Credit Card,2025-07-24,8278.49,0.2341,,A,6763.82,Current,Active,12
4887,3888,Personal Loan,2024-10-03,23161.38,0.1651,48.0,C,12243.66,Current,Active,21
4888,3892,Personal Loan,2023-07-02,15831.8,0.1899,36.0,A,0.0,Current,Paid Off,36
4889,3893,Personal Loan,2024-09-23,20188.06,0.1262,24.0,B,1745.37,Current,Active,22
4890,3893,Auto Loan,2022-05-09,19459.63,0.0508,48.0,B,0.0,Current,Paid Off,50
4891,3893,Credit Card,2024-01-24,16839.95,0.2591,,B,8759.18,Current,Active,30
4892,3894,Credit Card,2023-11-26,13265.35,0.1628,,B,6814.57,Current,Active,32
4893,3894,Credit Card,2024-02-11,8511.72,0.2146,,A,2481.83,Current,Active,29
4894,3895,Auto Loan,2025-08-11,23406.4,0.055,36.0,B,16210.36,Current,Active,11
4895,3897,Personal Loan,2023-08-01,10423.8,0.1816,24.0,B,0.0,Current,Paid Off,35
4896,3900,Mortgage,2023-03-04,190504.09,0.0482,240.0,B,164399.85,Current,Active,40
4897,3900,Credit Card,2023-12-08,18564.62,0.2321,,A,8724.36,Current,Active,31
4898,3902,Credit Card,2024-07-25,19087.38,0.242,,C,6497.73,30-59 DPD,Active,24
4899,3903,Auto Loan,2022-02-04,10412.64,0.0931,60.0,E,1120.29,Current,Active,53
4900,3903,Credit Card,2025-07-27,17042.29,0.2101,,C,1913.69,Current,Active,12
4901,3904,Mortgage,2022-12-19,636060.8,0.0469,360.0,B,509433.79,Current,Active,43
4902,3904,Auto Loan,2025-01-25,12321.44,0.0707,72.0,A,8813.5,Current,Active,18
4903,3905,Mortgage,2022-03-14,191094.81,0.0711,180.0,A,133069.52,Current,Active,52
4904,3905,Auto Loan,2023-02-22,20779.86,0.0642,36.0,A,0.0,Current,Paid Off,41
4905,3906,Personal Loan,2022-04-30,19982.44,0.1452,36.0,A,0.0,Current,Paid Off,51
4906,3906,Mortgage,2023-03-18,608682.54,0.0462,240.0,C,490300.49,Current,Active,40
4907,3907,Auto Loan,2025-07-01,13018.42,0.0794,60.0,C,9748.02,Current,Active,12
4908,3907,Auto Loan,2022-05-20,21269.44,0.068,72.0,B,6481.34,Current,Active,50
4909,3909,Auto Loan,2024-07-31,11850.75,0.0605,72.0,C,7178.42,Current,Active,24
4910,3910,Auto Loan,2023-03-05,26663.94,0.1006,48.0,B,20062.91,90+ DPD,Charged Off,40
4911,3910,Credit Card,2023-10-02,15649.26,0.2051,,A,12045.46,Current,Active,33
4912,3911,Credit Card,2026-05-14,10353.39,0.2582,,C,8640.77,Current,Active,2
4913,3911,Credit Card,2023-04-08,3196.88,0.1812,,D,2145.51,Current,Active,39
4914,3918,Auto Loan,2023-08-19,20607.84,0.0741,72.0,D,10930.9,Current,Active,35
4915,3918,Personal Loan,2025-12-25,7333.7,0.1007,24.0,C,5059.39,Current,Active,7
4916,3919,Credit Card,2023-02-09,1568.42,0.168,,B,906.75,Current,Active,41
4917,3920,Credit Card,2026-03-14,7052.91,0.2421,,B,4419.33,Current,Active,4
4918,3920,Credit Card,2023-06-22,1815.14,0.2058,,C,564.82,Current,Active,37
4919,3921,Auto Loan,2023-03-21,14814.28,0.0899,36.0,D,0.0,Current,Paid Off,40
4920,3924,Credit Card,2024-06-17,19968.4,0.2599,,B,9510.31,Current,Active,25
4921,3925,Personal Loan,2024-06-17,23606.92,0.147,36.0,C,6709.82,Current,Active,25
4922,3925,Credit Card,2022-12-20,19431.53,0.2379,,A,2597.42,Current,Active,43
4923,3926,Auto Loan,2023-06-22,38784.06,0.0861,48.0,B,8594.53,Current,Active,37
4924,3926,Personal Loan,2024-04-22,4733.44,0.1261,48.0,C,2011.12,Current,Active,27
4925,3927,Auto Loan,2024-11-08,27574.27,0.0684,72.0,A,18461.89,Current,Active,20
4926,3928,Credit Card,2023-01-27,6072.39,0.1634,,B,4258.42,90+ DPD,Charged Off,42
4927,3928,Auto Loan,2025-11-07,37277.04,0.0639,48.0,B,30079.17,Current,Active,8
4928,3929,Credit Card,2023-08-24,13148.31,0.1906,,A,7173.24,Current,Active,35
4929,3930,Mortgage,2022-01-28,355331.24,0.0717,360.0,B,305193.78,Current,Active,54
4930,3930,Credit Card,2025-02-23,19270.76,0.2394,,B,4554.38,Current,Active,17
4931,3931,Personal Loan,2025-12-25,11647.77,0.1659,36.0,B,9084.05,30-59 DPD,Active,7
4932,3932,Mortgage,2026-05-08,275439.46,0.057,180.0,C,265931.7,90+ DPD,Active,2
4933,3934,Credit Card,2026-02-23,5437.9,0.205,,A,3209.78,Current,Active,5
4934,3934,Credit Card,2026-03-08,11782.88,0.2382,,B,9306.33,Current,Active,4
4935,3935,Auto Loan,2022-04-12,31172.2,0.0523,36.0,B,0.0,Current,Paid Off,51
4936,3935,Personal Loan,2022-10-10,14779.24,0.1768,36.0,C,0.0,Current,Paid Off,45
4937,3935,Auto Loan,2026-03-12,24690.99,0.0805,60.0,D,23135.22,60-89 DPD,Active,4
4938,3936,Personal Loan,2023-12-14,5076.08,0.1814,48.0,B,1697.81,Current,Active,31
4939,3937,Auto Loan,2025-10-14,44313.4,0.0515,72.0,B,37434.14,Current,Active,9
4940,3938,Auto Loan,2024-10-24,17730.9,0.074,72.0,B,11381.52,Current,Active,21
4941,3939,Auto Loan,2025-08-02,25091.22,0.0617,72.0,A,21539.41,Current,Active,11
4942,3940,Auto Loan,2022-04-16,34517.65,0.0927,60.0,C,5292.18,Current,Active,51
4943,3941,Credit Card,2024-08-04,11457.02,0.2211,,A,3389.76,Current,Active,23
4944,3942,Auto Loan,2025-02-16,29945.99,0.0937,36.0,A,16523.68,Current,Active,17
4945,3943,Credit Card,2023-05-30,11625.25,0.2132,,B,5188.79,90+ DPD,Charged Off,38
4946,3943,Personal Loan,2022-01-17,8817.36,0.104,48.0,B,0.0,Current,Paid Off,54
4947,3944,Auto Loan,2023-10-07,31532.96,0.0872,36.0,A,2705.72,Current,Active,33
4948,3944,Personal Loan,2022-07-24,20005.82,0.1496,24.0,A,0.0,Current,Paid Off,48
4949,3945,Mortgage,2023-07-07,188140.1,0.0614,240.0,A,166142.01,Current,Active,36
4950,3946,Personal Loan,2022-08-28,15947.1,0.1371,24.0,D,0.0,Current,Paid Off,47
4951,3946,Auto Loan,2026-05-23,39431.54,0.1078,36.0,D,36746.6,Current,Active,2
4952,3947,Auto Loan,2023-11-02,24641.62,0.073,36.0,C,2486.93,Current,Active,32
4953,3947,Auto Loan,2022-09-07,11313.89,0.0824,48.0,C,4478.78,90+ DPD,Charged Off,46
4954,3948,Auto Loan,2022-07-11,31098.9,0.0795,48.0,B,0.0,Current,Paid Off,48
4955,3951,Mortgage,2022-09-09,350467.42,0.0735,240.0,A,288019.87,Current,Active,46
4956,3952,Credit Card,2022-10-31,12909.19,0.2284,,B,7841.06,Current,Active,45
4957,3953,Credit Card,2023-09-04,13790.58,0.2511,,C,12944.24,90+ DPD,Charged Off,34
4958,3953,Credit Card,2025-12-19,12558.73,0.1989,,B,10195.99,Current,Active,7
4959,3954,Personal Loan,2024-10-17,18275.28,0.1164,24.0,D,2113.26,30-59 DPD,Active,21
4960,3955,Personal Loan,2025-07-31,17126.0,0.1398,24.0,B,8755.94,Current,Active,12
4961,3956,Personal Loan,2024-03-08,18531.39,0.1867,36.0,B,4264.56,Current,Active,28
4962,3957,Credit Card,2024-07-21,7559.78,0.1781,,A,930.61,Current,Active,24
4963,3958,Auto Loan,2026-03-18,33696.35,0.0903,48.0,C,28412.65,Current,Active,4
4964,3958,Personal Loan,2023-08-16,22083.87,0.1499,48.0,D,6038.61,60-89 DPD,Active,35
4965,3959,Mortgage,2022-05-04,144267.59,0.0727,360.0,C,112155.82,90+ DPD,Charged Off,50
4966,3959,Auto Loan,2022-02-14,44868.96,0.0893,48.0,C,0.0,Current,Paid Off,53
4967,3959,Mortgage,2025-06-03,123326.93,0.0546,180.0,B,111214.87,Current,Active,13
4968,3960,Auto Loan,2026-03-12,17938.6,0.1086,36.0,C,15454.51,Current,Active,4
4969,3960,Credit Card,2022-12-04,2505.26,0.2239,,C,1322.98,30-59 DPD,Active,43
4970,3961,Personal Loan,2023-09-08,23499.57,0.096,36.0,B,1322.66,Current,Active,34
4971,3962,Auto Loan,2023-09-21,38039.87,0.0778,72.0,C,18706.33,Current,Active,34
4972,3963,Credit Card,2026-03-25,9307.41,0.228,,C,5147.11,Current,Active,4
4973,3963,Auto Loan,2023-09-25,28189.36,0.1047,36.0,A,1412.37,Current,Active,34
4974,3964,Auto Loan,2025-09-18,42121.6,0.068,60.0,A,33869.48,Current,Active,10
4975,3965,Credit Card,2023-05-20,15601.03,0.1993,,A,14736.35,90+ DPD,Charged Off,38
4976,3965,Credit Card,2022-11-13,13958.99,0.2238,,C,8410.72,Current,Active,44
4977,3967,Personal Loan,2024-01-20,6378.89,0.164,48.0,B,2389.54,Current,Active,30
4978,3967,Personal Loan,2025-07-12,22553.03,0.1217,24.0,A,11381.9,Current,Active,12
4979,3968,Credit Card,2022-09-23,10243.84,0.2451,,A,1567.8,Current,Active,46
4980,3969,Auto Loan,2023-01-16,37259.94,0.1083,36.0,B,0.0,Current,Paid Off,42
4981,3970,Mortgage,2025-10-29,311245.74,0.0726,180.0,A,282666.26,Current,Active,9
4982,3971,Credit Card,2024-08-24,3583.77,0.2073,,A,2827.73,Current,Active,23
4983,3971,Personal Loan,2023-03-23,6537.18,0.1833,36.0,D,0.0,Current,Paid Off,40
4984,3972,Personal Loan,2026-03-19,10612.35,0.128,48.0,C,9646.16,Current,Active,4
4985,3972,Personal Loan,2025-10-07,21948.53,0.1614,36.0,B,15431.37,Current,Active,9
4986,3973,Auto Loan,2025-05-03,16233.94,0.0592,48.0,C,11179.82,Current,Active,14
4987,3973,Credit Card,2023-01-18,18805.59,0.22,,B,8115.33,Current,Active,42
4988,3974,Personal Loan,2026-04-17,19067.09,0.0991,48.0,B,17141.08,Current,Active,3
4989,3974,Auto Loan,2023-01-29,27573.95,0.101,36.0,B,0.0,Current,Paid Off,42
4990,3977,Mortgage,2024-06-06,229829.02,0.0456,360.0,C,215926.9,Current,Active,25
4991,3978,Personal Loan,2024-07-09,7314.36,0.0985,36.0,B,2454.47,Current,Active,24
4992,3978,Personal Loan,2023-11-27,9717.49,0.0989,24.0,C,0.0,Current,Paid Off,32
4993,3980,Credit Card,2022-11-04,14024.25,0.2459,,D,7232.52,Current,Active,44
4994,3981,Mortgage,2022-06-16,532271.28,0.0519,240.0,D,406341.38,Current,Active,49
4995,3983,Personal Loan,2025-08-21,22994.08,0.149,48.0,C,17096.68,Current,Active,11
4996,3983,Auto Loan,2022-12-29,31114.68,0.0807,60.0,B,9130.77,Current,Active,43
4997,3984,Credit Card,2026-01-05,6476.95,0.2391,,A,3728.02,Current,Active,6
4998,3985,Personal Loan,2026-02-08,10670.67,0.1039,36.0,C,8469.57,Current,Active,5
4999,3985,Credit Card,2025-05-30,1583.83,0.2257,,B,1200.77,Current,Active,14
5000,3986,Credit Card,2022-01-08,7183.92,0.168,,B,6016.71,Current,Active,54
5001,3986,Personal Loan,2024-04-10,7467.52,0.1359,48.0,B,3230.85,Current,Active,27
5002,3987,Personal Loan,2026-01-05,18242.18,0.1864,48.0,B,16728.21,Current,Active,6
5003,3987,Credit Card,2024-04-11,3787.14,0.1971,,B,2170.6,Current,Active,27
5004,3988,Auto Loan,2024-11-26,43873.91,0.0854,72.0,B,28908.53,Current,Active,20
5005,3988,Personal Loan,2024-01-12,19785.38,0.1406,48.0,B,7206.76,Current,Active,30
5006,3989,Personal Loan,2023-04-11,15133.06,0.1619,36.0,C,0.0,Current,Paid Off,39
5007,3989,Credit Card,2025-12-07,4383.54,0.2319,,C,2873.92,Current,Active,7
5008,3990,Auto Loan,2022-10-15,41382.65,0.0605,60.0,B,9566.42,Current,Active,45
5009,3990,Auto Loan,2023-11-14,29887.57,0.064,60.0,A,13576.07,Current,Active,32
5010,3991,Auto Loan,2022-09-17,39030.96,0.0711,72.0,E,30776.77,90+ DPD,Charged Off,46
5011,3991,Personal Loan,2025-06-04,19195.71,0.1635,36.0,C,12124.83,Current,Active,13
5012,3991,Credit Card,2026-02-13,12648.48,0.2219,,D,10241.66,90+ DPD,Active,5
5013,3993,Personal Loan,2022-08-15,15323.02,0.1787,24.0,C,0.0,Current,Paid Off,47
5014,3994,Mortgage,2024-06-04,567806.79,0.045,180.0,E,454453.09,60-89 DPD,Active,25
5015,3995,Personal Loan,2022-08-17,12117.03,0.1803,48.0,E,6125.31,90+ DPD,Charged Off,47
5016,3996,Auto Loan,2023-10-15,9095.36,0.0874,72.0,B,5108.06,Current,Active,33
5017,3997,Personal Loan,2023-08-02,5669.21,0.1136,48.0,D,3113.77,90+ DPD,Charged Off,35
5018,3997,Personal Loan,2023-10-17,11543.22,0.1382,48.0,E,3673.43,60-89 DPD,Active,33
5019,3998,Credit Card,2022-08-07,17491.45,0.2477,,B,9198.28,Current,Active,47
5020,3998,Credit Card,2023-07-23,14624.72,0.1788,,C,3816.67,Current,Active,36
5021,3999,Credit Card,2022-06-18,7838.02,0.1723,,B,2023.73,Current,Active,49
5022,4001,Personal Loan,2024-02-19,23701.86,0.1152,24.0,C,0.0,Current,Paid Off,29
5023,4001,Credit Card,2022-06-26,3921.05,0.2424,,C,1979.31,Current,Active,49
5024,4002,Auto Loan,2025-08-18,14271.36,0.0513,60.0,C,11247.18,Current,Active,11
5025,4002,Auto Loan,2022-01-02,12480.86,0.0665,60.0,A,1174.07,Current,Active,54
5026,4004,Auto Loan,2024-02-20,30647.79,0.0754,48.0,B,12262.9,Current,Active,29
5027,4005,Personal Loan,2024-08-28,22876.29,0.1745,24.0,C,1121.85,60-89 DPD,Active,23
5028,4005,Credit Card,2022-03-03,9496.64,0.1983,,B,4226.33,Current,Active,52
5029,4006,Credit Card,2023-11-23,3009.27,0.218,,B,2334.85,Current,Active,32
5030,4006,Personal Loan,2023-11-23,12123.04,0.1385,24.0,B,0.0,Current,Paid Off,32
5031,4009,Mortgage,2026-01-27,527278.83,0.0636,360.0,C,529314.25,Current,Active,6
5032,4010,Auto Loan,2025-05-12,40246.54,0.0942,60.0,C,31405.58,Current,Active,14
5033,4011,Auto Loan,2022-07-10,29419.52,0.0813,60.0,B,21321.22,90+ DPD,Charged Off,48
5034,4012,Mortgage,2023-07-10,647733.85,0.0634,240.0,B,571790.4,Current,Active,36
5035,4012,Credit Card,2025-07-10,19308.73,0.2329,,A,11365.11,Current,Active,12
5036,4014,Credit Card,2022-05-14,16686.15,0.2275,,B,13862.09,Current,Active,50
5037,4014,Personal Loan,2024-02-02,17586.36,0.1885,36.0,A,3220.64,Current,Active,29
5038,4015,Auto Loan,2022-05-18,9999.28,0.0742,48.0,A,0.0,Current,Paid Off,50
5039,4016,Auto Loan,2022-11-29,41892.54,0.0715,60.0,B,11003.48,Current,Active,44
5040,4017,Mortgage,2022-09-05,539761.54,0.0709,240.0,A,402141.0,Current,Active,46
5041,4020,Credit Card,2026-04-30,5493.55,0.1697,,A,4042.07,Current,Active,3
5042,4020,Credit Card,2022-12-13,12943.65,0.1813,,B,7805.24,Current,Active,43
5043,4021,Auto Loan,2025-01-24,39801.53,0.064,36.0,D,35498.94,90+ DPD,Charged Off,18
5044,4022,Credit Card,2022-09-20,8573.71,0.1657,,B,7163.6,Current,Active,46
5045,4022,Credit Card,2023-09-22,4460.45,0.1722,,B,1405.84,60-89 DPD,Active,34
5046,4023,Personal Loan,2024-02-14,13597.54,0.1348,24.0,B,0.0,Current,Paid Off,29
5047,4024,Personal Loan,2025-11-24,6387.67,0.1259,24.0,B,4016.8,Current,Active,8
5048,4026,Personal Loan,2022-12-20,3391.78,0.1487,48.0,A,358.42,Current,Active,43
5049,4027,Auto Loan,2024-09-24,9847.21,0.0895,48.0,E,5337.7,60-89 DPD,Active,22
5050,4028,Personal Loan,2022-12-06,6681.27,0.098,48.0,C,2340.01,90+ DPD,Charged Off,43
5051,4028,Credit Card,2023-11-16,4531.87,0.175,,D,1605.19,Current,Active,32
5052,4029,Personal Loan,2022-03-03,23303.53,0.1441,24.0,C,0.0,Current,Paid Off,52
5053,4029,Auto Loan,2023-11-20,26399.13,0.1075,60.0,A,11222.61,Current,Active,32
5054,4031,Credit Card,2025-09-30,13387.09,0.2215,,C,2906.52,90+ DPD,Active,10
5055,4032,Mortgage,2022-09-05,427922.83,0.0563,180.0,D,323553.34,60-89 DPD,Active,46
5056,4033,Personal Loan,2025-07-19,20238.37,0.1019,36.0,B,13244.17,Current,Active,12
5057,4033,Personal Loan,2024-07-17,22030.98,0.1082,24.0,A,0.0,Current,Paid Off,24
5058,4034,Credit Card,2024-04-28,7888.51,0.23,,A,3030.53,Current,Active,27
5059,4035,Personal Loan,2023-06-26,7543.32,0.1838,48.0,B,1812.19,Current,Active,37
5060,4038,Personal Loan,2023-01-01,14134.44,0.154,36.0,C,0.0,Current,Paid Off,42
5061,4038,Personal Loan,2023-01-30,9363.11,0.1596,48.0,C,1151.67,Current,Active,42
5062,4039,Personal Loan,2022-11-11,11192.08,0.1029,24.0,E,0.0,Current,Paid Off,44
5063,4039,Personal Loan,2025-11-17,3449.02,0.181,24.0,D,2082.94,Current,Active,8
5064,4040,Mortgage,2025-07-17,374598.25,0.0735,240.0,C,335268.74,Current,Active,12
5065,4040,Auto Loan,2025-06-18,44099.94,0.0552,48.0,B,29978.48,Current,Active,13
5066,4040,Credit Card,2022-08-25,10965.27,0.2369,,A,5287.62,Current,Active,47
5067,4041,Personal Loan,2025-07-02,6885.15,0.1052,24.0,A,3482.98,Current,Active,12
5068,4042,Personal Loan,2022-12-13,11124.98,0.1557,36.0,A,0.0,Current,Paid Off,43
5069,4042,Credit Card,2022-05-18,4292.27,0.2212,,B,3489.34,Current,Active,50
5070,4043,Credit Card,2023-01-29,3956.8,0.2426,,C,3231.73,90+ DPD,Charged Off,42
5071,4044,Credit Card,2022-10-14,12598.41,0.2346,,C,3188.49,Current,Active,45
5072,4045,Personal Loan,2024-12-12,4559.63,0.1086,36.0,B,2127.76,Current,Active,19
5073,4045,Personal Loan,2023-05-23,3928.07,0.1281,36.0,A,0.0,Current,Paid Off,38
5074,4046,Credit Card,2023-10-27,17067.86,0.1966,,C,13502.75,90+ DPD,Charged Off,33
5075,4046,Personal Loan,2022-09-12,10618.23,0.1722,36.0,B,0.0,Current,Paid Off,46
5076,4046,Credit Card,2025-10-19,12492.49,0.2529,,C,1520.68,Current,Active,9
5077,4047,Personal Loan,2024-04-06,20469.1,0.1681,48.0,B,8166.6,Current,Active,27
5078,4047,Personal Loan,2025-02-13,8780.79,0.1429,36.0,D,4731.33,Current,Active,17
5079,4048,Personal Loan,2022-06-27,14900.36,0.1092,24.0,D,0.0,Current,Paid Off,49
5080,4049,Credit Card,2023-06-18,11255.61,0.1639,,D,5269.5,Current,Active,37
5081,4049,Credit Card,2022-08-19,4157.02,0.2049,,D,3039.03,Current,Active,47
5082,4050,Credit Card,2022-02-18,14221.79,0.2028,,B,5224.08,Current,Active,53
5083,4051,Mortgage,2025-04-28,628032.62,0.0517,360.0,C,596660.69,Current,Active,15
5084,4051,Personal Loan,2023-01-25,8356.19,0.1408,36.0,B,0.0,Current,Paid Off,42
5085,4052,Auto Loan,2024-01-30,37435.92,0.0523,72.0,B,21357.43,Current,Active,30
5086,4052,Personal Loan,2023-01-29,9140.12,0.1046,48.0,D,1193.38,Current,Active,42
5087,4055,Personal Loan,2023-11-10,20201.01,0.1081,36.0,B,17686.79,90+ DPD,Charged Off,32
5088,4055,Mortgage,2022-12-26,312409.64,0.0544,240.0,C,239934.48,Current,Active,43
5089,4056,Personal Loan,2022-03-28,8838.33,0.1038,24.0,B,0.0,Current,Paid Off,52
5090,4058,Auto Loan,2023-05-28,27722.36,0.0834,72.0,A,12499.44,Current,Active,38
5091,4058,Personal Loan,2022-07-19,6436.24,0.1182,36.0,A,0.0,Current,Paid Off,48
5092,4060,Mortgage,2023-02-16,545201.0,0.0473,240.0,B,420788.72,Current,Active,41
5093,4061,Personal Loan,2024-02-16,13497.59,0.1588,24.0,D,0.0,Current,Paid Off,29
5094,4062,Personal Loan,2024-02-22,16641.24,0.1135,36.0,B,3088.88,Current,Active,29
5095,4062,Credit Card,2022-11-11,1188.11,0.1974,,B,862.48,90+ DPD,Charged Off,44
5096,4063,Credit Card,2026-03-29,4395.65,0.2477,,A,1433.79,Current,Active,4
5097,4063,Personal Loan,2024-12-14,3864.82,0.142,24.0,A,822.01,Current,Active,19
5098,4065,Auto Loan,2025-10-04,32147.62,0.0863,48.0,A,23764.69,Current,Active,9
5099,4065,Personal Loan,2024-02-07,17789.69,0.1237,36.0,B,3621.61,Current,Active,29
5100,4066,Personal Loan,2022-03-25,6296.89,0.1718,48.0,A,0.0,Current,Paid Off,52
5101,4067,Personal Loan,2023-01-04,24957.53,0.1216,36.0,B,0.0,Current,Paid Off,42
5102,4067,Personal Loan,2023-06-30,21435.25,0.107,48.0,B,4621.41,Current,Active,37
5103,4069,Auto Loan,2022-05-22,43773.24,0.0587,48.0,B,0.0,Current,Paid Off,50
5104,4070,Mortgage,2025-07-16,612945.18,0.07,360.0,B,551210.13,30-59 DPD,Active,12
5105,4071,Credit Card,2025-04-14,11094.49,0.2162,,A,6288.74,Current,Active,15
5106,4071,Credit Card,2023-09-24,13654.15,0.2547,,C,6676.11,Current,Active,34
5107,4072,Personal Loan,2023-06-04,23815.32,0.1618,48.0,C,5698.59,90+ DPD,Active,37
5108,4072,Mortgage,2026-03-21,595338.96,0.0681,360.0,B,614205.34,Current,Active,4
5109,4073,Personal Loan,2024-09-22,14306.79,0.1897,36.0,A,5347.79,Current,Active,22
5110,4074,Auto Loan,2025-03-26,8528.71,0.0828,60.0,E,5928.61,Current,Active,16
5111,4074,Credit Card,2026-04-24,9115.05,0.2513,,D,3013.62,Current,Active,3
5112,4076,Auto Loan,2024-02-06,35289.89,0.0729,72.0,B,20634.22,Current,Active,29
5113,4077,Auto Loan,2025-08-04,22783.57,0.0924,48.0,C,17135.0,90+ DPD,Active,11
5114,4078,Auto Loan,2024-07-08,28941.04,0.1025,60.0,D,15966.41,Current,Active,24
5115,4078,Credit Card,2022-03-28,3625.29,0.1831,,C,1740.06,Current,Active,52
5116,4078,Personal Loan,2023-08-20,24193.28,0.1257,36.0,C,1126.49,Current,Active,35
5117,4079,Credit Card,2026-01-27,10468.52,0.1746,,A,8225.66,Current,Active,6
5118,4080,Credit Card,2022-06-03,9013.53,0.2314,,D,5195.8,Current,Active,49
5119,4081,Credit Card,2025-12-14,16952.95,0.1657,,C,12296.06,Current,Active,7
5120,4081,Personal Loan,2026-02-12,9923.25,0.1888,48.0,A,8721.09,Current,Active,5
5121,4082,Personal Loan,2023-01-14,16460.54,0.1509,24.0,C,0.0,Current,Paid Off,42
5122,4083,Auto Loan,2022-05-19,23229.62,0.0587,72.0,B,7045.64,Current,Active,50
5123,4083,Mortgage,2022-11-27,327486.09,0.0735,360.0,B,274347.28,Current,Active,44
5124,4085,Personal Loan,2022-02-07,23138.61,0.1461,24.0,A,0.0,Current,Paid Off,53
5125,4086,Personal Loan,2025-01-08,10130.38,0.1216,36.0,B,5191.0,Current,Active,18
5126,4087,Credit Card,2023-03-24,11977.45,0.233,,E,8798.86,30-59 DPD,Active,40
5127,4087,Personal Loan,2024-10-08,5174.24,0.1553,36.0,A,2110.22,Current,Active,21
5128,4088,Personal Loan,2025-10-22,20150.16,0.0949,48.0,A,15331.22,Current,Active,9
5129,4088,Auto Loan,2024-07-13,24886.7,0.0757,60.0,E,17624.59,90+ DPD,Charged Off,24
5130,4089,Credit Card,2025-05-27,13441.75,0.1605,,A,9557.69,Current,Active,14
5131,4089,Credit Card,2026-02-03,4221.2,0.191,,B,1768.24,Current,Active,5
5132,4090,Credit Card,2023-04-09,16103.94,0.2408,,C,9466.95,60-89 DPD,Active,39
5133,4091,Credit Card,2023-01-07,11632.66,0.208,,C,4539.18,Current,Active,42
5134,4091,Personal Loan,2023-10-05,16247.41,0.1672,36.0,B,1368.08,Current,Active,33
5135,4092,Personal Loan,2026-04-30,14070.23,0.0952,24.0,A,11994.5,Current,Active,3
5136,4093,Credit Card,2025-01-29,4545.25,0.2037,,C,909.09,Current,Active,18
5137,4093,Auto Loan,2024-09-25,25418.81,0.0737,48.0,A,14024.83,Current,Active,22
5138,4094,Personal Loan,2023-01-03,23179.97,0.1306,24.0,B,0.0,Current,Paid Off,42
5139,4094,Auto Loan,2023-12-24,9960.58,0.0869,72.0,E,8394.03,90+ DPD,Charged Off,31
5140,4096,Credit Card,2024-07-25,4648.0,0.2255,,A,2668.26,Current,Active,24
5141,4097,Auto Loan,2023-05-22,41963.12,0.107,48.0,D,9059.49,30-59 DPD,Active,38
5142,4097,Personal Loan,2024-04-23,3488.49,0.1867,36.0,D,3039.91,90+ DPD,Charged Off,27
5143,4098,Credit Card,2025-08-10,5702.6,0.1892,,D,3392.7,Current,Active,11
5144,4098,Auto Loan,2023-06-08,24683.1,0.0988,36.0,C,0.0,Current,Paid Off,37
5145,4099,Personal Loan,2022-12-28,11920.01,0.151,24.0,A,0.0,Current,Paid Off,43
5146,4099,Personal Loan,2026-05-01,16346.01,0.1227,24.0,A,14763.89,Current,Active,2
5147,4100,Auto Loan,2025-10-26,24669.99,0.0508,60.0,C,21479.57,Current,Active,9
5148,4101,Personal Loan,2024-08-31,5647.32,0.143,48.0,A,3048.47,Current,Active,23
5149,4102,Credit Card,2025-08-27,10019.0,0.1857,,C,7689.25,Current,Active,11
5150,4103,Personal Loan,2026-04-09,22151.5,0.1857,24.0,D,19499.83,Current,Active,3
5151,4104,Credit Card,2022-01-03,15559.46,0.2285,,B,11962.81,Current,Active,54
5152,4104,Auto Loan,2025-06-26,31118.64,0.0871,72.0,C,23318.61,Current,Active,13
5153,4105,Credit Card,2023-11-16,1259.61,0.1818,,A,770.08,Current,Active,32
5154,4106,Personal Loan,2022-04-27,6301.97,0.1246,48.0,B,0.0,Current,Paid Off,51
5155,4106,Credit Card,2023-03-04,3755.38,0.1834,,B,1990.51,90+ DPD,Charged Off,40
5156,4108,Auto Loan,2022-03-30,38803.32,0.0648,72.0,C,21685.68,90+ DPD,Charged Off,52
5157,4110,Credit Card,2024-06-11,17463.52,0.2144,,B,8934.33,Current,Active,25
5158,4111,Credit Card,2025-08-14,19139.71,0.2125,,B,10916.19,Current,Active,11
5159,4111,Mortgage,2025-04-18,604828.53,0.0505,180.0,D,406227.07,90+ DPD,Charged Off,15
5160,4111,Personal Loan,2023-01-10,6556.41,0.0984,36.0,C,0.0,Current,Paid Off,42
5161,4112,Auto Loan,2025-09-28,12982.84,0.0683,72.0,D,7341.72,90+ DPD,Charged Off,10
5162,4113,Auto Loan,2023-01-28,35561.39,0.0693,60.0,C,10057.66,Current,Active,42
5163,4114,Personal Loan,2025-09-28,12342.72,0.158,48.0,B,9138.39,Current,Active,10
5164,4116,Personal Loan,2023-01-26,8735.48,0.1491,24.0,B,0.0,Current,Paid Off,42
5165,4117,Personal Loan,2026-04-13,11123.83,0.1055,36.0,E,9621.36,90+ DPD,Active,3
5166,4117,Personal Loan,2023-04-21,6020.74,0.1883,24.0,C,0.0,Current,Paid Off,39
5167,4118,Credit Card,2022-03-14,14616.09,0.2333,,C,10465.19,90+ DPD,Charged Off,52
5168,4118,Credit Card,2023-09-24,4464.91,0.2557,,A,2928.33,Current,Active,34
5169,4120,Mortgage,2024-02-04,342509.55,0.0617,180.0,A,295683.2,Current,Active,29
5170,4121,Auto Loan,2026-04-02,37645.76,0.099,72.0,C,35221.6,Current,Active,3
5171,4121,Credit Card,2023-02-09,1225.03,0.2034,,C,860.04,Current,Active,41
5172,4122,Auto Loan,2023-11-30,31838.39,0.0636,48.0,A,10235.48,Current,Active,32
5173,4122,Auto Loan,2025-07-18,30479.86,0.0755,60.0,D,10938.13,90+ DPD,Charged Off,12
5174,4123,Auto Loan,2023-05-20,37656.67,0.0862,72.0,B,17885.55,Current,Active,38
5175,4124,Auto Loan,2024-09-04,9632.72,0.0746,36.0,B,8442.35,90+ DPD,Charged Off,22
5176,4125,Credit Card,2026-02-26,16339.0,0.2131,,B,12945.9,Current,Active,5
5177,4126,Personal Loan,2022-12-07,3315.28,0.1449,36.0,B,0.0,Current,Paid Off,43
5178,4127,Credit Card,2024-09-22,5376.26,0.2015,,B,4750.12,90+ DPD,Charged Off,22
5179,4127,Mortgage,2024-01-31,472033.53,0.0559,240.0,D,181420.21,90+ DPD,Charged Off,30
5180,4129,Personal Loan,2023-06-16,11934.2,0.1251,36.0,A,0.0,Current,Paid Off,37
5181,4130,Credit Card,2024-04-08,8931.55,0.184,,C,3424.44,90+ DPD,Charged Off,27
5182,4131,Credit Card,2024-11-11,16682.79,0.2057,,C,2790.95,Current,Active,20
5183,4132,Personal Loan,2025-10-13,15945.02,0.1446,36.0,D,11625.45,Current,Active,9
5184,4133,Credit Card,2023-03-16,10714.3,0.1603,,B,9097.32,Current,Active,40
5185,4134,Mortgage,2023-07-18,520844.25,0.0726,240.0,E,380572.61,90+ DPD,Charged Off,36
5186,4135,Auto Loan,2025-10-20,25483.66,0.0629,72.0,C,21502.28,Current,Active,9
5187,4135,Personal Loan,2023-10-04,9406.65,0.1499,48.0,A,3065.14,Current,Active,33
5188,4136,Mortgage,2023-12-07,341175.66,0.0464,240.0,B,283851.34,30-59 DPD,Active,31
5189,4137,Credit Card,2026-02-14,4721.5,0.2269,,C,1044.91,Current,Active,5
5190,4137,Credit Card,2022-06-10,9503.44,0.2486,,A,5724.38,Current,Active,49
5191,4138,Personal Loan,2023-07-08,16673.37,0.1867,48.0,D,4167.9,30-59 DPD,Active,36
5192,4138,Personal Loan,2026-05-31,16353.59,0.1054,36.0,C,14990.62,Current,Active,2
5193,4140,Personal Loan,2022-10-07,11921.42,0.1898,24.0,B,0.0,Current,Paid Off,45
5194,4141,Credit Card,2025-06-10,12642.18,0.1768,,B,8565.25,Current,Active,13
5195,4141,Personal Loan,2022-02-08,15878.88,0.1455,24.0,A,0.0,Current,Paid Off,53
5196,4141,Mortgage,2023-05-28,220214.41,0.0674,180.0,C,181526.32,Current,Active,38
5197,4142,Personal Loan,2026-03-24,15776.32,0.1061,36.0,C,13764.91,Current,Active,4
5198,4142,Auto Loan,2022-09-22,25676.39,0.0641,72.0,A,9401.15,Current,Active,46
5199,4143,Personal Loan,2022-06-12,17351.17,0.1303,24.0,A,0.0,Current,Paid Off,49
5200,4144,Credit Card,2024-09-29,14712.93,0.1799,,C,9880.65,Current,Active,22
5201,4144,Credit Card,2023-11-11,15159.22,0.2171,,A,11030.06,Current,Active,32
5202,4146,Auto Loan,2023-12-17,34718.03,0.0822,72.0,C,17915.91,Current,Active,31
5203,4147,Personal Loan,2024-08-22,8491.88,0.1265,36.0,B,2861.02,Current,Active,23
5204,4148,Personal Loan,2022-12-09,14729.15,0.0901,36.0,D,0.0,Current,Paid Off,43
5205,4149,Credit Card,2022-05-27,11131.62,0.2415,,C,1822.56,Current,Active,50
5206,4150,Credit Card,2025-10-19,2931.58,0.2572,,D,1996.06,Current,Active,9
5207,4150,Personal Loan,2023-08-16,13303.96,0.1749,36.0,C,692.63,30-59 DPD,Active,35
5208,4151,Mortgage,2024-11-22,446570.71,0.0614,180.0,C,416642.06,Current,Active,20
5209,4152,Personal Loan,2024-08-29,23588.48,0.1745,48.0,B,11088.46,Current,Active,23
5210,4152,Auto Loan,2023-11-02,42242.61,0.0737,72.0,B,22225.45,Current,Active,32
5211,4152,Auto Loan,2025-03-04,32736.33,0.0785,60.0,B,22004.35,Current,Active,16
5212,4153,Credit Card,2026-05-18,12130.7,0.2078,,B,7252.58,Current,Active,2
5213,4154,Credit Card,2023-02-25,2234.46,0.2229,,D,1577.44,90+ DPD,Charged Off,41
5214,4154,Mortgage,2024-10-17,201210.51,0.0641,240.0,D,166788.6,90+ DPD,Charged Off,21
5215,4155,Mortgage,2023-07-04,420024.94,0.0461,180.0,C,342921.78,Current,Active,36
5216,4156,Personal Loan,2023-06-29,4364.7,0.1402,24.0,A,0.0,Current,Paid Off,37
5217,4158,Personal Loan,2024-03-02,5078.89,0.1581,36.0,C,1126.92,Current,Active,28
5218,4159,Auto Loan,2022-07-05,40945.27,0.0661,60.0,C,7559.29,Current,Active,48
5219,4160,Auto Loan,2025-07-30,9020.48,0.1015,60.0,B,6584.26,Current,Active,12
5220,4160,Auto Loan,2026-03-14,9269.81,0.0606,48.0,B,8795.83,30-59 DPD,Active,4
5221,4161,Credit Card,2024-11-19,9839.71,0.2029,,A,2183.91,Current,Active,20
5222,4162,Mortgage,2024-10-29,513145.49,0.0496,240.0,A,463575.56,Current,Active,21
5223,4162,Personal Loan,2026-04-20,5039.88,0.1383,24.0,A,4278.83,Current,Active,3
5224,4163,Credit Card,2026-03-08,17732.78,0.2022,,C,11108.6,Current,Active,4
5225,4163,Personal Loan,2024-02-25,8513.97,0.1662,36.0,D,1682.22,90+ DPD,Active,29
5226,4163,Credit Card,2026-02-27,9804.58,0.2073,,B,3816.88,Current,Active,5
5227,4164,Credit Card,2022-03-27,10463.11,0.2364,,B,3120.53,Current,Active,52
5228,4166,Credit Card,2023-03-29,19298.25,0.2136,,C,9823.53,Current,Active,40
5229,4167,Auto Loan,2023-07-04,34088.77,0.0998,72.0,B,17036.07,Current,Active,36
5230,4167,Personal Loan,2025-12-17,4469.11,0.1441,36.0,C,3759.02,60-89 DPD,Active,7
5231,4167,Credit Card,2026-04-17,11812.61,0.1826,,B,6519.86,Current,Active,3
5232,4168,Credit Card,2023-12-11,17430.27,0.202,,B,6290.16,Current,Active,31
5233,4169,Auto Loan,2023-02-12,41590.28,0.0851,60.0,B,12684.24,Current,Active,41
5234,4169,Mortgage,2026-05-20,373543.0,0.0564,240.0,A,356743.18,Current,Active,2
5235,4170,Personal Loan,2024-05-31,18543.85,0.1348,24.0,D,0.0,Current,Paid Off,26
5236,4170,Credit Card,2023-05-09,16490.02,0.2159,,B,4338.61,Current,Active,38
5237,4171,Personal Loan,2022-10-21,14712.02,0.1039,48.0,C,952.92,Current,Active,45
5238,4171,Credit Card,2025-05-20,10583.33,0.2364,,C,5826.37,Current,Active,14
5239,4172,Personal Loan,2024-03-19,3294.68,0.1333,48.0,D,1853.98,90+ DPD,Charged Off,28
5240,4172,Personal Loan,2022-05-22,12637.27,0.13,24.0,E,0.0,Current,Paid Off,50
5241,4173,Credit Card,2023-02-01,13028.25,0.2567,,C,10239.99,Current,Active,41
5242,4173,Credit Card,2022-08-29,11651.57,0.1766,,B,8848.49,Current,Active,47
5243,4174,Credit Card,2026-04-01,9598.12,0.1604,,B,3491.23,Current,Active,3
5244,4175,Credit Card,2025-06-09,6717.96,0.1608,,C,2398.42,Current,Active,13
5245,4176,Credit Card,2025-04-29,1552.8,0.2276,,B,535.78,Current,Active,15
5246,4177,Personal Loan,2025-11-24,23249.08,0.1611,48.0,A,19386.06,Current,Active,8
5247,4178,Auto Loan,2022-05-07,40230.66,0.069,36.0,D,0.0,Current,Paid Off,50
5248,4180,Credit Card,2025-05-29,8775.71,0.1933,,C,3784.31,Current,Active,14
5249,4181,Credit Card,2024-08-13,8374.0,0.2127,,B,3030.9,Current,Active,23
5250,4182,Personal Loan,2022-02-25,15571.71,0.1717,48.0,B,0.0,Current,Paid Off,53
5251,4183,Mortgage,2025-05-04,412966.71,0.0699,360.0,C,396505.95,Current,Active,14
5252,4184,Personal Loan,2025-08-24,18571.82,0.1513,36.0,C,12129.82,Current,Active,11
5253,4185,Auto Loan,2022-12-02,23134.65,0.0656,48.0,B,2179.91,Current,Active,43
5254,4186,Personal Loan,2023-07-19,18998.95,0.1779,36.0,B,0.0,Current,Paid Off,36
5255,4186,Mortgage,2025-08-07,514742.95,0.0569,240.0,B,487960.72,Current,Active,11
5256,4186,Auto Loan,2024-06-07,26533.18,0.052,36.0,C,8202.5,Current,Active,25
5257,4187,Mortgage,2024-09-05,463144.09,0.0597,240.0,B,300015.56,90+ DPD,Charged Off,22
5258,4187,Credit Card,2023-08-30,1707.64,0.1769,,A,1232.05,Current,Active,35
5259,4189,Credit Card,2023-11-26,4654.75,0.1685,,C,1685.3,Current,Active,32
5260,4189,Auto Loan,2022-07-16,12801.06,0.1037,36.0,D,0.0,Current,Paid Off,48
5261,4190,Mortgage,2024-01-04,498229.33,0.0455,180.0,C,433129.62,30-59 DPD,Active,30
5262,4190,Personal Loan,2024-11-25,8216.85,0.1649,36.0,C,3671.69,Current,Active,20
5263,4191,Credit Card,2023-04-28,17492.39,0.2265,,A,5625.53,Current,Active,39
5264,4192,Personal Loan,2023-02-13,20307.67,0.104,48.0,B,2973.65,Current,Active,41
5265,4193,Personal Loan,2023-03-01,13591.49,0.1493,36.0,D,0.0,Current,Paid Off,40
5266,4194,Credit Card,2026-02-20,6300.77,0.2431,,A,2357.15,Current,Active,5
5267,4194,Mortgage,2025-06-04,280907.32,0.0614,360.0,B,253629.48,Current,Active,13
5268,4195,Credit Card,2026-05-06,9890.89,0.1782,,B,4242.05,Current,Active,2
5269,4195,Personal Loan,2025-11-30,8460.26,0.1023,24.0,B,5558.13,Current,Active,8
5270,4196,Personal Loan,2022-12-05,14838.95,0.1867,48.0,B,1609.9,Current,Active,43
5271,4197,Auto Loan,2022-08-08,31754.58,0.0559,72.0,C,17886.23,90+ DPD,Charged Off,47
5272,4197,Personal Loan,2023-08-10,12600.73,0.133,24.0,B,0.0,Current,Paid Off,35
5273,4198,Auto Loan,2023-11-21,39587.63,0.0525,60.0,C,16788.87,Current,Active,32
5274,4198,Credit Card,2022-10-02,4383.69,0.1889,,B,1945.62,Current,Active,45
5275,4198,Credit Card,2025-04-17,19659.36,0.2457,,B,15818.29,Current,Active,15
5276,4200,Mortgage,2022-11-29,169904.19,0.058,360.0,B,140901.64,Current,Active,44
5277,4202,Personal Loan,2025-01-29,3726.53,0.1786,48.0,B,2167.56,Current,Active,18
5278,4203,Auto Loan,2022-12-28,42168.75,0.0716,60.0,B,10962.05,Current,Active,43
5279,4205,Mortgage,2022-11-07,552053.71,0.0585,240.0,C,453745.79,Current,Active,44
5280,4206,Mortgage,2022-11-30,247213.03,0.0598,360.0,C,215384.1,Current,Active,44
5281,4207,Personal Loan,2024-11-15,14509.59,0.1879,48.0,C,8029.94,30-59 DPD,Active,20
5282,4207,Credit Card,2025-02-22,4561.46,0.2098,,C,804.06,Current,Active,17
5283,4208,Mortgage,2023-03-24,468984.66,0.0616,360.0,C,339603.6,90+ DPD,Charged Off,40
5284,4209,Credit Card,2026-02-07,7016.51,0.2434,,C,1183.01,Current,Active,5
5285,4211,Auto Loan,2024-07-21,41060.48,0.1079,36.0,A,14108.68,Current,Active,24
5286,4212,Personal Loan,2025-02-10,10001.17,0.1115,24.0,C,8410.31,90+ DPD,Charged Off,17
5287,4212,Personal Loan,2023-11-14,9788.24,0.0967,48.0,C,3124.09,Current,Active,32
5288,4213,Personal Loan,2023-12-03,14437.45,0.1768,36.0,E,8922.28,90+ DPD,Charged Off,31
5289,4214,Personal Loan,2025-02-12,6554.21,0.1569,48.0,B,3927.38,Current,Active,17
5290,4215,Personal Loan,2023-09-22,4744.73,0.1788,24.0,D,0.0,Current,Paid Off,34
5291,4216,Auto Loan,2024-04-21,28646.55,0.0589,48.0,C,12315.82,90+ DPD,Charged Off,27
5292,4216,Credit Card,2025-12-28,5933.09,0.1865,,E,2584.4,30-59 DPD,Active,7
5293,4217,Personal Loan,2022-10-10,19959.57,0.185,36.0,C,0.0,Current,Paid Off,45
5294,4218,Personal Loan,2022-07-01,22590.76,0.1784,36.0,B,0.0,Current,Paid Off,48
5295,4219,Credit Card,2026-03-19,2827.16,0.1659,,B,937.62,Current,Active,4
5296,4220,Personal Loan,2024-03-14,11128.09,0.1366,36.0,A,2418.16,Current,Active,28
5297,4220,Auto Loan,2025-11-18,37792.28,0.1025,72.0,D,24664.57,90+ DPD,Charged Off,8
5298,4220,Credit Card,2026-05-02,18394.43,0.1642,,C,9545.67,Current,Active,2
5299,4221,Credit Card,2023-11-09,16886.67,0.2231,,C,12261.83,90+ DPD,Charged Off,32
5300,4221,Personal Loan,2026-05-09,11082.26,0.1027,48.0,C,10323.9,Current,Active,2
5301,4221,Credit Card,2025-03-07,13854.29,0.2484,,C,5262.4,Current,Active,16
5302,4222,Credit Card,2022-11-17,8161.88,0.1866,,D,5364.03,Current,Active,44
5303,4223,Personal Loan,2023-02-01,8980.82,0.162,48.0,C,1261.62,Current,Active,41
5304,4223,Auto Loan,2023-08-06,20929.36,0.0819,36.0,A,1051.22,Current,Active,35
5305,4223,Credit Card,2022-05-31,4014.39,0.2153,,C,753.52,30-59 DPD,Active,50
5306,4224,Auto Loan,2024-09-09,26268.92,0.0832,36.0,C,12349.87,90+ DPD,Charged Off,22
5307,4224,Credit Card,2024-10-07,11549.05,0.2546,,D,10294.97,90+ DPD,Charged Off,21
5308,4224,Auto Loan,2025-05-26,25247.68,0.109,60.0,D,19699.57,Current,Active,14
5309,4225,Personal Loan,2024-08-05,12546.98,0.1682,48.0,B,6313.14,Current,Active,23
5310,4226,Mortgage,2023-04-06,262027.89,0.0644,180.0,D,186959.92,Current,Active,39
5311,4227,Auto Loan,2023-07-05,35853.6,0.0849,72.0,B,18729.22,Current,Active,36
5312,4228,Auto Loan,2024-05-03,20413.36,0.1064,48.0,E,8465.57,Current,Active,26
5313,4228,Credit Card,2024-03-11,2712.94,0.1827,,B,1650.84,Current,Active,28
5314,4229,Mortgage,2026-05-03,469288.47,0.0699,240.0,B,423807.94,Current,Active,2
5315,4230,Auto Loan,2024-08-16,24415.04,0.0671,36.0,B,8966.28,Current,Active,23
5316,4230,Credit Card,2025-08-24,9427.15,0.2448,,B,5160.2,Current,Active,11
5317,4230,Credit Card,2025-12-24,2588.18,0.1934,,D,1755.21,90+ DPD,Charged Off,7
5318,4231,Credit Card,2024-11-22,3102.22,0.2056,,A,350.66,Current,Active,20
5319,4232,Auto Loan,2025-07-14,41805.37,0.0758,48.0,E,32581.46,Current,Active,12
5320,4232,Credit Card,2022-07-29,9984.0,0.2178,,C,6909.41,Current,Active,48
5321,4233,Personal Loan,2022-02-23,5628.14,0.1504,36.0,B,0.0,Current,Paid Off,53
5322,4234,Credit Card,2024-03-31,12148.03,0.1617,,D,9555.3,Current,Active,28
5323,4235,Personal Loan,2022-08-03,19211.5,0.1366,48.0,A,17252.93,90+ DPD,Charged Off,47
5324,4236,Personal Loan,2022-05-20,13505.22,0.1366,36.0,B,0.0,Current,Paid Off,50
5325,4236,Personal Loan,2024-12-08,7996.3,0.1873,48.0,D,3469.05,90+ DPD,Charged Off,19
5326,4237,Auto Loan,2026-01-16,25721.12,0.0627,60.0,D,21305.59,30-59 DPD,Active,6
5327,4237,Mortgage,2022-09-03,432309.94,0.0624,180.0,C,298255.32,Current,Active,46
5328,4238,Auto Loan,2022-05-13,43119.75,0.1069,48.0,B,0.0,Current,Paid Off,50
5329,4239,Auto Loan,2025-08-08,26338.35,0.0504,36.0,B,18145.12,Current,Active,11
5330,4240,Personal Loan,2023-11-20,14050.45,0.1485,36.0,D,10932.85,90+ DPD,Charged Off,32
5331,4241,Credit Card,2024-03-12,1700.43,0.2412,,B,869.92,Current,Active,28
5332,4242,Personal Loan,2022-07-10,21339.26,0.1068,48.0,B,0.0,Current,Paid Off,48
5333,4242,Personal Loan,2024-09-19,20808.53,0.1585,48.0,E,14555.6,90+ DPD,Charged Off,22
5334,4244,Mortgage,2022-10-31,223337.67,0.0463,240.0,C,166482.78,Current,Active,45
5335,4245,Personal Loan,2024-02-27,17239.28,0.1802,24.0,B,0.0,Current,Paid Off,29
5336,4245,Personal Loan,2022-01-09,12759.26,0.1197,36.0,A,0.0,Current,Paid Off,54
5337,4246,Personal Loan,2022-01-25,13060.42,0.16,48.0,C,0.0,Current,Paid Off,54
5338,4247,Credit Card,2025-04-02,13603.45,0.1958,,B,3502.64,Current,Active,15
5339,4248,Auto Loan,2024-05-16,39053.88,0.0671,36.0,D,19601.36,90+ DPD,Charged Off,26
5340,4248,Credit Card,2025-12-24,5432.32,0.1657,,B,4076.37,Current,Active,7
5341,4248,Personal Loan,2025-09-22,16534.74,0.1091,36.0,B,12347.9,Current,Active,10
5342,4249,Auto Loan,2025-11-02,17004.94,0.0504,48.0,C,13600.65,Current,Active,8
5343,4249,Auto Loan,2026-04-16,18728.99,0.0674,60.0,B,17225.47,Current,Active,3
5344,4251,Credit Card,2025-10-13,3428.13,0.1872,,B,1478.63,Current,Active,9
5345,4252,Auto Loan,2026-01-21,27378.8,0.0786,36.0,A,21790.9,Current,Active,6
5346,4253,Credit Card,2023-08-14,19786.6,0.2584,,C,2216.8,Current,Active,35
5347,4253,Personal Loan,2026-02-21,22618.08,0.1227,24.0,B,18369.86,Current,Active,5
5348,4253,Auto Loan,2026-02-13,36578.55,0.0886,60.0,B,32138.32,Current,Active,5
5349,4254,Credit Card,2024-12-01,14459.55,0.1863,,B,6272.18,Current,Active,19
5350,4254,Auto Loan,2026-01-12,21028.41,0.0562,36.0,D,16443.53,Current,Active,6
5351,4255,Auto Loan,2025-08-23,44584.11,0.076,72.0,D,35821.67,Current,Active,11
5352,4256,Credit Card,2022-04-13,13245.71,0.2412,,C,7233.92,Current,Active,51
5353,4256,Personal Loan,2022-07-02,9250.87,0.1653,24.0,B,0.0,Current,Paid Off,48
5354,4256,Credit Card,2024-02-11,16309.63,0.2035,,D,11034.78,Current,Active,29
5355,4257,Personal Loan,2022-05-01,17896.95,0.1007,36.0,C,0.0,Current,Paid Off,50
5356,4257,Credit Card,2024-12-14,18418.1,0.2456,,B,12713.52,Current,Active,19
5357,4258,Credit Card,2022-08-25,5699.38,0.2329,,B,4142.3,Current,Active,47
5358,4260,Credit Card,2025-03-27,7974.19,0.2027,,C,3987.62,Current,Active,16
5359,4261,Personal Loan,2026-04-09,11956.85,0.095,24.0,D,10465.32,Current,Active,3
5360,4261,Personal Loan,2023-09-16,7608.35,0.1487,24.0,C,0.0,Current,Paid Off,34
5361,4261,Mortgage,2024-08-28,599892.1,0.0714,240.0,B,540245.9,Current,Active,23
5362,4262,Mortgage,2024-03-24,272217.3,0.0595,360.0,A,258032.44,Current,Active,28
5363,4262,Credit Card,2024-06-11,15483.95,0.2459,,B,4273.97,Current,Active,25
5364,4263,Mortgage,2023-07-06,484331.55,0.0686,360.0,D,415320.31,Current,Active,36
5365,4264,Credit Card,2022-12-07,4901.84,0.2137,,A,491.86,Current,Active,43
5366,4264,Mortgage,2024-02-05,317333.6,0.0546,360.0,A,291228.4,Current,Active,29
5367,4265,Credit Card,2024-03-03,16134.19,0.2291,,A,2522.52,Current,Active,28
5368,4267,Personal Loan,2022-09-17,12009.77,0.1448,24.0,D,0.0,Current,Paid Off,46
5369,4268,Mortgage,2026-02-01,186969.51,0.068,360.0,B,168628.49,Current,Active,5
5370,4268,Auto Loan,2023-07-02,44072.06,0.0575,72.0,A,21883.82,Current,Active,36
5371,4268,Credit Card,2023-11-21,11227.73,0.1766,,B,7220.39,Current,Active,32
5372,4269,Auto Loan,2022-03-15,27378.37,0.0508,72.0,A,7310.43,Current,Active,52
5373,4269,Credit Card,2023-09-25,10867.69,0.1925,,A,2768.08,Current,Active,34
5374,4270,Personal Loan,2025-12-19,12146.73,0.1639,24.0,C,8142.47,Current,Active,7
5375,4272,Personal Loan,2025-04-14,10848.55,0.1326,36.0,B,6122.17,Current,Active,15
5376,4273,Personal Loan,2025-09-29,18852.39,0.1747,24.0,B,10543.54,Current,Active,10
5377,4273,Credit Card,2024-08-10,1804.08,0.1788,,B,1331.84,Current,Active,23
5378,4273,Personal Loan,2026-03-05,23626.99,0.1509,48.0,A,19816.75,Current,Active,4
5379,4274,Personal Loan,2022-07-11,22167.86,0.1655,48.0,E,0.0,Current,Paid Off,48
5380,4275,Personal Loan,2022-04-06,18768.92,0.1279,24.0,A,0.0,Current,Paid Off,51
5381,4276,Personal Loan,2026-03-29,17229.93,0.1099,36.0,E,15438.07,60-89 DPD,Active,4
5382,4277,Credit Card,2025-01-05,13783.11,0.1995,,C,5121.44,90+ DPD,Charged Off,18
5383,4278,Personal Loan,2026-03-12,21502.37,0.187,24.0,C,16842.36,Current,Active,4
5384,4278,Personal Loan,2024-04-28,8202.74,0.1527,48.0,B,3735.01,Current,Active,27
5385,4279,Credit Card,2025-02-28,12741.17,0.2193,,A,3176.29,Current,Active,17
5386,4279,Personal Loan,2022-04-27,24906.51,0.1138,48.0,C,0.0,Current,Paid Off,51
5387,4280,Auto Loan,2022-09-22,26360.99,0.0685,36.0,A,0.0,Current,Paid Off,46
5388,4280,Personal Loan,2023-02-01,19843.34,0.1885,24.0,B,0.0,Current,Paid Off,41
5389,4281,Auto Loan,2022-03-14,9516.07,0.1077,72.0,B,2744.13,Current,Active,52
5390,4282,Auto Loan,2022-02-05,42858.4,0.1067,60.0,D,4912.53,Current,Active,53
5391,4282,Personal Loan,2024-09-09,5964.33,0.1054,48.0,C,3323.96,Current,Active,22
5392,4283,Mortgage,2024-04-28,625505.64,0.0547,180.0,D,545815.09,30-59 DPD,Active,27
5393,4283,Personal Loan,2022-11-17,3779.41,0.1451,36.0,E,0.0,Current,Paid Off,44
5394,4284,Credit Card,2022-01-16,19014.64,0.2111,,A,13956.73,Current,Active,54
5395,4285,Mortgage,2024-10-26,448034.59,0.0724,180.0,D,396180.26,Current,Active,21
5396,4285,Auto Loan,2026-03-18,19850.37,0.0579,72.0,D,17836.59,30-59 DPD,Active,4
5397,4285,Mortgage,2023-10-21,413007.13,0.066,180.0,D,320108.55,90+ DPD,Charged Off,33
5398,4286,Credit Card,2023-09-10,11676.14,0.2381,,D,7923.63,Current,Active,34
5399,4287,Credit Card,2022-10-01,4772.8,0.1999,,B,2418.41,Current,Active,45
5400,4288,Credit Card,2022-06-20,8670.4,0.2547,,D,6541.51,Current,Active,49
5401,4289,Personal Loan,2025-04-28,9947.27,0.1295,24.0,B,3388.83,Current,Active,15
5402,4290,Auto Loan,2025-04-02,25012.77,0.0987,60.0,C,18731.28,90+ DPD,Active,15
5403,4291,Credit Card,2024-03-29,18430.94,0.2233,,D,5026.45,Current,Active,28
5404,4292,Personal Loan,2023-09-07,23138.73,0.1764,24.0,E,0.0,Current,Paid Off,34
5405,4292,Auto Loan,2023-05-25,32778.95,0.0778,36.0,D,0.0,Current,Paid Off,38
5406,4293,Mortgage,2023-06-27,515859.0,0.0705,240.0,C,428986.8,60-89 DPD,Active,37
5407,4294,Personal Loan,2025-10-31,15387.87,0.1751,48.0,C,12843.65,90+ DPD,Active,9
5408,4296,Mortgage,2024-06-08,273181.22,0.0737,240.0,B,249340.81,Current,Active,25
5409,4298,Mortgage,2022-06-24,641742.24,0.0509,240.0,A,472991.03,Current,Active,49
5410,4298,Credit Card,2023-07-23,15755.72,0.1897,,A,9017.91,Current,Active,36
5411,4298,Auto Loan,2023-02-12,26371.6,0.0885,48.0,A,3579.95,Current,Active,41
5412,4299,Auto Loan,2023-05-03,25940.17,0.0589,36.0,B,0.0,Current,Paid Off,38
5413,4300,Personal Loan,2023-08-18,6523.03,0.1865,48.0,E,2833.75,90+ DPD,Charged Off,35
5414,4300,Credit Card,2022-05-23,10681.77,0.2539,,C,1144.95,Current,Active,50
5415,4301,Personal Loan,2024-06-30,7306.03,0.1189,48.0,C,5494.49,90+ DPD,Charged Off,25
5416,4303,Auto Loan,2025-08-10,38427.23,0.0892,48.0,D,30204.17,Current,Active,11
5417,4305,Credit Card,2023-07-25,10286.32,0.2348,,B,5945.66,Current,Active,36
5418,4305,Auto Loan,2024-07-07,24114.94,0.0871,72.0,A,15011.44,Current,Active,24
5419,4305,Personal Loan,2026-05-12,3571.47,0.0935,24.0,A,3356.03,Current,Active,2
5420,4306,Mortgage,2024-01-28,640498.52,0.064,240.0,C,588104.13,Current,Active,30
5421,4307,Personal Loan,2026-04-09,18583.42,0.0959,36.0,D,15496.38,60-89 DPD,Active,3
5422,4310,Credit Card,2022-11-24,8840.98,0.216,,C,5329.96,Current,Active,44
5423,4310,Mortgage,2025-04-29,207854.99,0.0733,360.0,E,119494.56,90+ DPD,Charged Off,15
5424,4310,Auto Loan,2024-10-10,30018.15,0.0861,60.0,D,17693.6,Current,Active,21
5425,4311,Credit Card,2024-12-02,4965.89,0.1883,,B,739.91,Current,Active,19
5426,4312,Mortgage,2024-12-15,288949.23,0.0597,240.0,C,259124.04,Current,Active,19
5427,4313,Personal Loan,2023-01-02,10046.73,0.1727,36.0,A,0.0,Current,Paid Off,42
5428,4313,Auto Loan,2026-04-01,44184.14,0.0948,72.0,B,39099.11,Current,Active,3
5429,4314,Credit Card,2022-04-24,9558.52,0.1963,,B,2493.21,Current,Active,51
5430,4314,Credit Card,2024-03-28,3482.28,0.2398,,B,2603.82,Current,Active,28
5431,4315,Mortgage,2024-01-12,267904.43,0.0474,240.0,C,211239.86,Current,Active,30
5432,4315,Mortgage,2024-05-25,342800.56,0.0614,180.0,D,201683.21,90+ DPD,Charged Off,26
5433,4316,Personal Loan,2025-04-24,11957.79,0.1417,48.0,C,7827.93,Current,Active,15
5434,4316,Personal Loan,2024-09-28,6423.44,0.1218,48.0,B,3266.98,30-59 DPD,Active,22
5435,4316,Credit Card,2024-09-23,18612.07,0.2348,,B,2269.39,30-59 DPD,Active,22
5436,4317,Mortgage,2023-12-24,270896.6,0.0523,360.0,A,243577.18,Current,Active,31
5437,4317,Auto Loan,2024-03-02,13115.43,0.1052,36.0,B,3037.97,Current,Active,28
5438,4318,Auto Loan,2022-10-07,44046.3,0.0631,48.0,D,2812.7,Current,Active,45
5439,4318,Auto Loan,2025-09-11,10662.8,0.0838,72.0,A,9131.89,Current,Active,10
5440,4318,Auto Loan,2025-05-04,18838.23,0.0698,60.0,D,14326.1,90+ DPD,Active,14
5441,4319,Mortgage,2025-07-05,545131.93,0.0679,240.0,C,497347.53,Current,Active,12
5442,4320,Credit Card,2025-11-27,7981.13,0.2137,,B,4332.03,Current,Active,8
5443,4321,Auto Loan,2025-10-18,33159.96,0.1082,36.0,B,22885.94,Current,Active,9
5444,4321,Personal Loan,2025-07-08,10824.78,0.1166,48.0,C,8121.37,Current,Active,12
5445,4322,Personal Loan,2024-03-04,23843.19,0.1016,36.0,B,5080.65,Current,Active,28
5446,4323,Auto Loan,2022-05-22,30301.72,0.1004,48.0,B,0.0,Current,Paid Off,50
5447,4323,Personal Loan,2022-06-14,24251.93,0.1701,36.0,E,0.0,Current,Paid Off,49
5448,4324,Personal Loan,2022-10-01,12183.94,0.1859,24.0,B,0.0,Current,Paid Off,45
5449,4326,Credit Card,2025-03-17,17300.59,0.2091,,A,10587.72,Current,Active,16
5450,4326,Auto Loan,2023-10-02,15301.72,0.0556,72.0,A,7827.97,Current,Active,33
5451,4326,Personal Loan,2023-08-11,13305.22,0.1374,36.0,B,633.32,Current,Active,35
5452,4327,Credit Card,2023-11-29,13862.72,0.1608,,A,4577.94,Current,Active,32
5453,4327,Credit Card,2026-03-10,18318.47,0.2499,,B,10896.05,Current,Active,4
5454,4328,Auto Loan,2023-03-05,44157.24,0.1015,60.0,A,15006.45,Current,Active,40
5455,4329,Auto Loan,2024-09-23,15792.93,0.0935,48.0,B,8616.83,Current,Active,22
5456,4330,Credit Card,2024-03-11,9586.62,0.2571,,E,1779.28,60-89 DPD,Active,28
5457,4331,Personal Loan,2022-05-13,20098.83,0.1105,48.0,A,0.0,Current,Paid Off,50
5458,4333,Credit Card,2023-09-02,12251.36,0.2199,,A,2779.28,Current,Active,34
5459,4333,Personal Loan,2024-09-14,13831.51,0.1458,24.0,C,1073.96,Current,Active,22
5460,4334,Personal Loan,2025-04-26,21015.93,0.1653,24.0,A,7435.59,Current,Active,15
5461,4334,Personal Loan,2023-02-05,18917.68,0.0974,36.0,C,0.0,Current,Paid Off,41
5462,4335,Auto Loan,2024-11-23,10863.72,0.0688,60.0,C,6733.94,Current,Active,20
5463,4336,Personal Loan,2022-01-07,9383.13,0.0907,36.0,B,0.0,Current,Paid Off,54
5464,4336,Credit Card,2024-11-10,13910.61,0.2015,,B,1754.45,Current,Active,20
5465,4337,Mortgage,2022-04-19,301235.29,0.0686,180.0,B,226188.72,Current,Active,51
5466,4338,Auto Loan,2022-12-12,25972.14,0.067,48.0,A,2785.43,Current,Active,43
5467,4339,Auto Loan,2025-04-26,21514.09,0.051,72.0,C,15555.33,30-59 DPD,Active,15
5468,4340,Credit Card,2022-03-25,17580.28,0.1983,,B,14368.09,30-59 DPD,Active,52
5469,4342,Auto Loan,2024-03-29,8953.62,0.0556,48.0,C,3603.73,Current,Active,28
5470,4342,Credit Card,2026-04-15,8169.79,0.223,,D,5625.45,90+ DPD,Active,3
5471,4343,Credit Card,2022-11-15,6157.86,0.2534,,C,3154.39,30-59 DPD,Active,44
5472,4346,Personal Loan,2022-02-20,9768.86,0.1549,36.0,C,0.0,Current,Paid Off,53
5473,4348,Credit Card,2025-10-25,1122.5,0.26,,A,922.79,Current,Active,9
5474,4349,Credit Card,2023-04-13,6363.97,0.163,,C,3328.37,Current,Active,39
5475,4350,Personal Loan,2023-01-04,7860.21,0.1235,36.0,B,0.0,Current,Paid Off,42
5476,4350,Personal Loan,2025-02-20,14480.3,0.1808,36.0,C,7482.92,Current,Active,17
5477,4351,Mortgage,2024-10-03,261154.88,0.0675,240.0,B,220565.17,Current,Active,21
5478,4351,Credit Card,2022-01-25,17324.82,0.2461,,E,11496.21,90+ DPD,Charged Off,54
5479,4353,Personal Loan,2026-03-25,4664.64,0.176,48.0,C,4373.38,Current,Active,4
5480,4354,Personal Loan,2023-01-22,5641.43,0.1776,48.0,B,728.75,Current,Active,42
5481,4355,Personal Loan,2025-04-23,12455.15,0.1756,48.0,C,8488.95,Current,Active,15
5482,4355,Auto Loan,2025-07-04,44419.95,0.1097,72.0,C,34389.34,Current,Active,12
5483,4356,Auto Loan,2022-04-15,12065.71,0.0789,48.0,B,0.0,Current,Paid Off,51
5484,4356,Personal Loan,2023-09-07,15875.39,0.145,48.0,A,4216.2,Current,Active,34
5485,4358,Credit Card,2024-07-01,11188.82,0.2239,,B,9466.9,30-59 DPD,Active,24
5486,4360,Credit Card,2024-06-13,7901.5,0.1765,,A,3730.01,Current,Active,25
5487,4361,Credit Card,2023-09-13,10738.43,0.1944,,C,8955.79,Current,Active,34
5488,4362,Personal Loan,2022-07-07,14999.53,0.1372,24.0,C,0.0,Current,Paid Off,48
5489,4362,Auto Loan,2024-11-19,10471.81,0.064,48.0,B,5720.13,Current,Active,20
5490,4363,Personal Loan,2022-06-27,21486.27,0.1068,24.0,B,0.0,Current,Paid Off,49
5491,4364,Personal Loan,2022-01-29,4550.39,0.1323,24.0,A,0.0,Current,Paid Off,54
5492,4365,Credit Card,2023-04-23,16138.7,0.1982,,A,2057.31,Current,Active,39
5493,4366,Auto Loan,2025-01-23,13594.96,0.0658,48.0,C,8466.85,Current,Active,18
5494,4366,Auto Loan,2025-11-16,16257.33,0.1053,72.0,C,14433.88,90+ DPD,Active,8
5495,4367,Credit Card,2022-03-28,9025.23,0.2504,,B,7519.52,Current,Active,52
5496,4368,Credit Card,2025-06-27,1155.37,0.2572,,C,878.89,Current,Active,13
5497,4368,Mortgage,2023-05-19,381702.98,0.0745,360.0,A,333836.46,Current,Active,38
5498,4369,Personal Loan,2023-05-05,22567.32,0.117,36.0,A,0.0,Current,Paid Off,38
5499,4369,Credit Card,2023-11-03,12038.35,0.1999,,A,10196.7,Current,Active,32
5500,4370,Auto Loan,2022-05-19,31220.3,0.0898,48.0,B,0.0,Current,Paid Off,50
5501,4371,Personal Loan,2026-01-19,4004.92,0.1693,36.0,D,2738.39,90+ DPD,Charged Off,6
5502,4372,Personal Loan,2022-08-11,12295.61,0.1678,36.0,B,0.0,Current,Paid Off,47
5503,4372,Auto Loan,2026-01-19,15033.16,0.0694,72.0,E,13123.49,90+ DPD,Active,6
5504,4372,Personal Loan,2026-05-05,12599.34,0.159,36.0,C,11416.73,Current,Active,2
5505,4373,Personal Loan,2025-04-18,17340.42,0.1051,36.0,D,9576.9,Current,Active,15
5506,4373,Credit Card,2022-01-07,1946.95,0.2492,,C,777.49,Current,Active,54
5507,4375,Personal Loan,2024-03-08,5780.96,0.1724,24.0,B,0.0,Current,Paid Off,28
5508,4376,Personal Loan,2025-03-07,13203.72,0.1758,24.0,C,5786.97,90+ DPD,Charged Off,16
5509,4377,Personal Loan,2024-02-10,20455.21,0.1456,24.0,C,0.0,Current,Paid Off,29
5510,4378,Credit Card,2023-08-01,17313.96,0.2566,,B,12593.12,Current,Active,35
5511,4379,Credit Card,2023-03-10,12454.68,0.2006,,D,7505.22,Current,Active,40
5512,4380,Credit Card,2026-05-30,15198.53,0.2131,,A,5277.82,Current,Active,2
5513,4380,Personal Loan,2022-01-16,17431.74,0.1821,48.0,A,0.0,Current,Paid Off,54
5514,4382,Personal Loan,2024-05-01,4726.02,0.1186,24.0,A,0.0,Current,Paid Off,26
5515,4382,Auto Loan,2026-03-02,29617.5,0.1017,48.0,B,25925.92,Current,Active,4
5516,4383,Auto Loan,2024-12-01,23633.3,0.0602,36.0,C,10747.35,60-89 DPD,Active,19
5517,4384,Personal Loan,2025-02-04,4158.59,0.0957,48.0,A,2473.73,Current,Active,17
5518,4384,Mortgage,2025-03-18,592357.06,0.0547,180.0,C,513859.32,Current,Active,16
5519,4386,Mortgage,2022-04-20,502495.01,0.0669,180.0,C,384116.98,90+ DPD,Charged Off,51
5520,4387,Personal Loan,2025-11-19,21597.64,0.127,36.0,B,15344.06,Current,Active,8
5521,4388,Auto Loan,2026-01-19,17278.92,0.0917,48.0,B,14544.26,Current,Active,6
5522,4389,Credit Card,2022-12-27,3788.01,0.1697,,A,765.46,Current,Active,43
5523,4389,Credit Card,2025-07-05,15757.62,0.2299,,A,9179.41,Current,Active,12
5524,4390,Personal Loan,2024-10-20,9550.91,0.1581,36.0,B,4176.63,30-59 DPD,Active,21
5525,4390,Mortgage,2025-04-19,481901.59,0.0695,240.0,B,419619.01,Current,Active,15
5526,4392,Mortgage,2023-02-17,331064.18,0.0626,360.0,A,285479.66,Current,Active,41
5527,4392,Mortgage,2023-10-07,318393.67,0.0623,180.0,A,265460.0,Current,Active,33
5528,4393,Personal Loan,2024-05-13,19170.21,0.1849,48.0,C,8065.66,Current,Active,26
5529,4393,Personal Loan,2024-12-19,6292.2,0.1078,24.0,B,1348.57,Current,Active,19
5530,4395,Personal Loan,2024-11-09,12207.24,0.1335,24.0,C,2119.76,Current,Active,20
5531,4396,Credit Card,2025-09-22,4079.46,0.213,,A,1236.75,Current,Active,10
5532,4397,Personal Loan,2025-05-02,9313.68,0.1864,24.0,E,3656.23,30-59 DPD,Active,14
5533,4398,Personal Loan,2026-01-22,22499.21,0.126,36.0,C,17120.47,Current,Active,6
5534,4399,Credit Card,2023-10-21,10533.71,0.1622,,A,2220.82,Current,Active,33
5535,4401,Mortgage,2024-09-15,208998.92,0.0628,360.0,C,194177.49,30-59 DPD,Active,22
5536,4402,Credit Card,2023-03-26,6553.47,0.2277,,C,1410.54,Current,Active,40
5537,4402,Auto Loan,2023-03-14,44058.27,0.0904,48.0,B,7063.56,60-89 DPD,Active,40
5538,4403,Credit Card,2023-01-10,1128.55,0.2298,,A,887.44,Current,Active,42
5539,4403,Personal Loan,2022-12-22,15156.99,0.0924,36.0,A,0.0,Current,Paid Off,43
5540,4404,Personal Loan,2023-07-25,13737.04,0.1133,36.0,C,0.0,Current,Paid Off,36
5541,4405,Mortgage,2025-06-27,134800.73,0.0607,240.0,C,106003.83,90+ DPD,Charged Off,13
5542,4405,Personal Loan,2022-11-01,17324.51,0.1222,36.0,B,0.0,Current,Paid Off,44
5543,4406,Personal Loan,2026-05-29,14907.4,0.1423,36.0,A,14524.25,Current,Active,2
5544,4407,Auto Loan,2022-03-12,8315.82,0.1076,60.0,B,1018.28,Current,Active,52
5545,4408,Personal Loan,2025-06-28,8690.35,0.1679,48.0,C,6212.22,Current,Active,13
5546,4409,Credit Card,2025-08-04,14209.7,0.2539,,A,5415.51,Current,Active,11
5547,4409,Personal Loan,2022-08-29,14897.03,0.1669,36.0,C,0.0,Current,Paid Off,47
5548,4410,Credit Card,2026-05-21,3199.1,0.161,,C,1248.52,60-89 DPD,Active,2
5549,4410,Auto Loan,2022-02-03,36753.16,0.0581,60.0,C,4206.68,Current,Active,53
5550,4411,Personal Loan,2024-07-02,22878.97,0.1165,36.0,D,7797.57,Current,Active,24
5551,4412,Credit Card,2024-09-28,19224.36,0.2495,,B,16303.78,Current,Active,22
5552,4412,Personal Loan,2022-09-08,18209.88,0.1257,48.0,B,952.9,Current,Active,46
5553,4413,Personal Loan,2022-10-17,8101.36,0.1426,24.0,C,0.0,Current,Paid Off,45
5554,4414,Mortgage,2023-06-01,519706.78,0.0474,180.0,A,376264.37,Current,Active,37
5555,4414,Mortgage,2025-01-26,297895.38,0.0594,180.0,B,253193.58,Current,Active,18
5556,4414,Credit Card,2024-01-22,2829.76,0.1741,,B,2051.22,Current,Active,30
5557,4416,Auto Loan,2024-10-16,9742.72,0.0799,72.0,E,6219.24,Current,Active,21
5558,4417,Credit Card,2025-11-04,11386.38,0.1936,,C,5149.68,Current,Active,8
5559,4417,Personal Loan,2026-05-09,11281.99,0.0972,24.0,D,10586.17,Current,Active,2
5560,4418,Auto Loan,2022-10-20,21097.59,0.0833,60.0,C,4938.99,Current,Active,45
5561,4420,Credit Card,2024-06-23,12743.08,0.1675,,D,9934.61,90+ DPD,Active,25
5562,4420,Credit Card,2022-05-13,10603.91,0.2039,,C,5817.54,Current,Active,50
5563,4421,Personal Loan,2025-05-08,6464.12,0.1599,36.0,B,3890.19,Current,Active,14
5564,4421,Personal Loan,2023-07-31,19402.43,0.1692,48.0,C,4429.45,Current,Active,36
5565,4422,Credit Card,2024-09-13,17648.23,0.2206,,C,7534.22,Current,Active,22
5566,4423,Auto Loan,2026-04-19,21973.33,0.1065,48.0,C,19353.79,Current,Active,3
5567,4423,Credit Card,2024-12-10,5807.0,0.2172,,C,2716.71,Current,Active,19
5568,4426,Credit Card,2022-02-13,1467.16,0.2236,,B,879.63,Current,Active,53
5569,4426,Credit Card,2026-02-25,16435.73,0.1947,,B,2356.77,30-59 DPD,Active,5
5570,4426,Mortgage,2022-11-05,579068.98,0.0652,180.0,C,402539.82,Current,Active,44
5571,4427,Credit Card,2025-08-17,14384.28,0.1698,,A,11984.21,Current,Active,11
5572,4427,Credit Card,2023-06-03,5155.01,0.1838,,B,4055.06,Current,Active,37
5573,4428,Auto Loan,2024-06-17,32727.14,0.0771,60.0,B,18010.29,Current,Active,25
5574,4429,Credit Card,2025-05-26,2032.15,0.2491,,D,925.35,Current,Active,14
5575,4430,Personal Loan,2024-06-22,6546.29,0.1239,48.0,B,3070.25,Current,Active,25
5576,4431,Personal Loan,2022-04-15,9683.19,0.1276,48.0,B,0.0,Current,Paid Off,51
5577,4432,Credit Card,2024-10-29,13857.85,0.204,,C,4086.23,Current,Active,21
5578,4433,Credit Card,2025-10-31,10944.29,0.22,,C,5013.73,Current,Active,9
5579,4434,Personal Loan,2022-01-03,3698.19,0.1324,24.0,B,0.0,Current,Paid Off,54
5580,4434,Auto Loan,2023-11-24,25436.18,0.0867,36.0,B,2903.41,Current,Active,32
5581,4435,Personal Loan,2025-04-02,15842.57,0.1529,36.0,A,9239.24,Current,Active,15
5582,4436,Auto Loan,2025-12-06,34695.9,0.086,60.0,B,30986.64,30-59 DPD,Active,7
5583,4437,Credit Card,2022-08-30,3548.74,0.2551,,A,2364.56,Current,Active,47
5584,4438,Credit Card,2022-06-30,15098.88,0.192,,D,3311.79,Current,Active,49
5585,4439,Auto Loan,2026-05-24,31673.32,0.1006,36.0,C,28064.21,Current,Active,2
5586,4439,Auto Loan,2026-05-16,18681.6,0.0773,36.0,C,15884.03,Current,Active,2
5587,4440,Auto Loan,2024-02-23,15240.1,0.1039,48.0,B,5475.74,Current,Active,29
5588,4440,Credit Card,2022-06-22,8171.62,0.2039,,C,1673.26,Current,Active,49
5589,4441,Credit Card,2022-04-22,9616.02,0.2043,,A,6061.2,Current,Active,51
5590,4441,Credit Card,2023-04-06,16378.15,0.1837,,B,2171.91,Current,Active,39
5591,4442,Personal Loan,2023-07-01,9910.33,0.1738,24.0,A,0.0,Current,Paid Off,36
5592,4443,Personal Loan,2022-03-15,3154.45,0.1863,24.0,A,0.0,Current,Paid Off,52
5593,4445,Mortgage,2022-07-03,616154.27,0.074,180.0,E,415043.83,30-59 DPD,Active,48
5594,4445,Personal Loan,2024-07-15,21686.24,0.1716,24.0,D,0.0,Current,Paid Off,24
5595,4446,Personal Loan,2023-05-29,13916.69,0.1617,48.0,C,2746.56,Current,Active,38
5596,4446,Personal Loan,2023-07-14,24913.44,0.1773,48.0,B,5863.36,Current,Active,36
5597,4447,Credit Card,2026-04-08,1885.54,0.2207,,C,1296.8,Current,Active,3
5598,4448,Mortgage,2026-02-24,293634.31,0.0636,360.0,A,280004.12,Current,Active,5
5599,4448,Auto Loan,2024-05-11,43049.8,0.1074,48.0,C,20553.91,Current,Active,26
5600,4452,Credit Card,2025-01-29,10673.25,0.2226,,B,1248.36,Current,Active,18
5601,4455,Mortgage,2022-08-30,500587.98,0.0475,240.0,B,411074.85,Current,Active,47
5602,4456,Auto Loan,2026-02-22,28670.82,0.1035,60.0,B,23862.4,Current,Active,5
5603,4457,Auto Loan,2026-05-04,38935.35,0.0666,60.0,B,33980.56,Current,Active,2
5604,4458,Credit Card,2024-10-20,15922.49,0.2321,,C,11769.12,Current,Active,21
5605,4459,Auto Loan,2023-02-04,33981.9,0.0702,48.0,C,4869.1,Current,Active,41
5606,4461,Credit Card,2024-06-30,7388.13,0.1727,,E,778.72,60-89 DPD,Active,25
5607,4461,Mortgage,2022-11-08,373829.52,0.075,360.0,C,319020.59,Current,Active,44
5608,4461,Auto Loan,2022-12-30,31863.51,0.0868,60.0,B,8854.16,Current,Active,43
5609,4462,Credit Card,2022-05-27,5280.9,0.2404,,D,3809.23,Current,Active,50
5610,4463,Auto Loan,2023-03-22,38386.46,0.0674,48.0,A,6673.99,Current,Active,40
5611,4464,Auto Loan,2023-03-13,21354.75,0.0596,36.0,C,0.0,Current,Paid Off,40
5612,4465,Personal Loan,2024-12-23,15634.91,0.1696,24.0,E,14612.74,90+ DPD,Charged Off,19
5613,4465,Credit Card,2024-09-14,9087.9,0.2197,,D,4236.58,90+ DPD,Charged Off,22
5614,4465,Credit Card,2024-06-23,4526.7,0.2457,,C,3015.28,30-59 DPD,Active,25
5615,4466,Auto Loan,2026-02-14,12438.63,0.0734,36.0,C,9958.68,Current,Active,5
5616,4466,Credit Card,2025-08-23,8299.28,0.1863,,C,6773.88,Current,Active,11
5617,4467,Credit Card,2026-03-27,8800.74,0.2147,,A,5745.28,Current,Active,4
5618,4468,Auto Loan,2025-01-26,29796.24,0.0977,72.0,E,23276.19,90+ DPD,Charged Off,18
5619,4469,Credit Card,2022-01-30,4964.3,0.1606,,A,1405.77,Current,Active,54
5620,4469,Credit Card,2023-10-01,2922.08,0.1815,,C,1565.48,60-89 DPD,Active,33
5621,4470,Auto Loan,2023-11-06,35842.04,0.0671,72.0,B,17940.35,Current,Active,32
5622,4471,Personal Loan,2022-02-02,23750.18,0.1206,48.0,A,0.0,Current,Paid Off,53
5623,4472,Personal Loan,2023-05-17,11513.42,0.1894,24.0,B,0.0,Current,Paid Off,38
5624,4473,Personal Loan,2024-12-13,18389.97,0.108,36.0,A,8079.08,Current,Active,19
5625,4474,Credit Card,2024-10-30,17928.59,0.1603,,D,9936.01,90+ DPD,Charged Off,21
5626,4474,Personal Loan,2022-11-04,21622.81,0.1045,36.0,B,0.0,Current,Paid Off,44
5627,4475,Personal Loan,2023-12-28,3360.94,0.1354,36.0,B,427.37,Current,Active,31
5628,4476,Personal Loan,2022-08-20,24119.54,0.1475,36.0,D,0.0,Current,Paid Off,47
5629,4476,Personal Loan,2023-06-26,24365.6,0.1713,48.0,B,5248.27,Current,Active,37
5630,4477,Personal Loan,2022-11-22,22790.94,0.1715,48.0,C,1833.97,Current,Active,44
5631,4477,Personal Loan,2026-01-03,9854.24,0.1041,36.0,B,8578.68,Current,Active,6
5632,4478,Credit Card,2022-04-11,12766.4,0.1696,,C,5960.28,Current,Active,51
5633,4478,Mortgage,2023-06-11,340531.11,0.0538,180.0,D,276152.0,90+ DPD,Active,37
5634,4479,Credit Card,2025-07-02,6702.8,0.1864,,B,2040.88,Current,Active,12
5635,4479,Credit Card,2025-11-05,15365.02,0.1641,,B,4589.81,Current,Active,8
5636,4480,Credit Card,2022-01-21,14258.57,0.211,,A,7894.96,Current,Active,54
5637,4481,Credit Card,2023-08-29,14938.09,0.2024,,C,11010.72,Current,Active,35
5638,4482,Auto Loan,2023-01-05,25259.66,0.0689,60.0,A,7076.19,30-59 DPD,Active,42
5639,4483,Personal Loan,2022-11-06,8886.7,0.1552,36.0,B,0.0,Current,Paid Off,44
5640,4484,Personal Loan,2024-12-30,3010.62,0.1045,24.0,B,594.51,Current,Active,19
5641,4485,Mortgage,2023-06-22,362456.19,0.0454,180.0,B,281331.43,60-89 DPD,Active,37
5642,4485,Auto Loan,2022-06-09,34464.48,0.0768,72.0,B,11480.68,Current,Active,49
5643,4486,Auto Loan,2024-01-11,22312.97,0.0967,72.0,B,11773.53,Current,Active,30
5644,4488,Credit Card,2024-04-07,17714.84,0.2579,,B,13573.03,Current,Active,27
5645,4488,Auto Loan,2022-11-25,29309.71,0.1044,60.0,B,7930.32,Current,Active,44
5646,4489,Credit Card,2025-11-04,11753.62,0.2444,,B,5155.22,Current,Active,8
5647,4489,Credit Card,2023-12-24,8874.11,0.2458,,A,4974.72,Current,Active,31
5648,4490,Personal Loan,2022-03-17,4853.78,0.1592,36.0,C,0.0,Current,Paid Off,52
5649,4492,Personal Loan,2023-04-27,21904.89,0.1848,48.0,E,17789.52,90+ DPD,Charged Off,39
5650,4493,Personal Loan,2023-10-30,4807.99,0.1886,48.0,B,1353.98,Current,Active,33
5651,4494,Credit Card,2025-09-03,13395.14,0.1729,,B,11179.29,Current,Active,10
5652,4495,Personal Loan,2025-06-19,19971.54,0.1355,48.0,B,13179.36,Current,Active,13
5653,4495,Credit Card,2023-04-13,6282.03,0.2266,,E,5656.6,90+ DPD,Charged Off,39
5654,4496,Personal Loan,2023-07-26,6959.85,0.1431,36.0,C,0.0,Current,Paid Off,36
5655,4496,Auto Loan,2025-01-04,23454.9,0.0546,72.0,D,16751.31,30-59 DPD,Active,18
5656,4496,Personal Loan,2025-03-05,11257.12,0.0931,36.0,C,6210.72,60-89 DPD,Active,16
5657,4497,Credit Card,2025-09-03,15236.87,0.2472,,A,12461.2,Current,Active,10
5658,4500,Credit Card,2025-07-16,8115.04,0.2586,,C,3556.82,30-59 DPD,Active,12
5659,4500,Auto Loan,2023-11-24,18307.51,0.0894,72.0,D,10469.72,30-59 DPD,Active,32
5660,4502,Credit Card,2023-04-14,5377.3,0.2347,,B,4214.61,Current,Active,39
5661,4502,Personal Loan,2022-07-28,13990.08,0.1607,48.0,C,0.0,Current,Paid Off,48
5662,4503,Personal Loan,2024-02-09,6790.74,0.0946,48.0,B,2503.73,Current,Active,29
5663,4503,Credit Card,2026-02-10,11435.93,0.2323,,C,7756.46,90+ DPD,Charged Off,5
5664,4504,Credit Card,2024-08-13,12277.48,0.2134,,C,8541.01,Current,Active,23
5665,4505,Auto Loan,2022-04-13,37648.78,0.0666,60.0,C,5246.95,Current,Active,51
5666,4506,Personal Loan,2023-03-01,4942.88,0.0984,36.0,B,0.0,Current,Paid Off,40
5667,4508,Personal Loan,2022-05-13,3083.24,0.1429,36.0,A,0.0,Current,Paid Off,50
5668,4509,Credit Card,2025-11-01,16332.81,0.211,,C,9901.0,Current,Active,8
5669,4510,Personal Loan,2025-05-17,23114.31,0.1143,24.0,E,9261.57,90+ DPD,Active,14
5670,4510,Credit Card,2023-05-22,17722.03,0.227,,E,11568.73,90+ DPD,Charged Off,38
5671,4511,Personal Loan,2024-07-26,14568.21,0.1736,36.0,C,4926.0,Current,Active,24
5672,4511,Mortgage,2024-11-21,462928.3,0.0696,180.0,B,385428.91,Current,Active,20
5673,4512,Mortgage,2023-07-23,145853.21,0.0546,360.0,D,125281.28,90+ DPD,Active,36
5674,4513,Auto Loan,2026-03-15,36933.22,0.0716,60.0,D,34685.59,90+ DPD,Active,4
5675,4513,Personal Loan,2024-10-01,17589.24,0.1124,24.0,A,2112.03,Current,Active,21
5676,4514,Credit Card,2022-12-20,6351.86,0.2354,,A,901.67,Current,Active,43
5677,4515,Credit Card,2022-01-28,6777.92,0.2281,,A,3206.0,Current,Active,54
5678,4516,Auto Loan,2025-03-31,12491.99,0.0791,36.0,A,6249.59,Current,Active,16
5679,4517,Auto Loan,2025-07-10,43378.06,0.104,48.0,A,30160.26,Current,Active,12
5680,4518,Credit Card,2023-09-19,13177.0,0.1695,,A,6198.71,Current,Active,34
5681,4518,Personal Loan,2026-02-10,5606.45,0.1872,36.0,C,4811.52,60-89 DPD,Active,5
5682,4519,Credit Card,2023-06-01,16373.12,0.1956,,D,8836.68,Current,Active,37
5683,4520,Personal Loan,2023-03-22,20934.58,0.1275,36.0,C,0.0,Current,Paid Off,40
5684,4521,Credit Card,2024-05-10,15810.82,0.2265,,A,11156.68,Current,Active,26
5685,4522,Credit Card,2026-05-11,8924.52,0.1709,,B,8194.69,90+ DPD,Charged Off,2
5686,4522,Credit Card,2024-08-26,9639.44,0.1889,,B,4015.29,60-89 DPD,Active,23
5687,4523,Personal Loan,2022-03-13,4117.73,0.1242,24.0,D,0.0,Current,Paid Off,52
5688,4523,Personal Loan,2024-08-26,13449.43,0.1115,36.0,C,4676.97,Current,Active,23
5689,4524,Mortgage,2023-04-29,220833.75,0.056,180.0,A,160169.42,Current,Active,39
5690,4525,Auto Loan,2022-02-04,13848.71,0.0638,36.0,B,0.0,Current,Paid Off,53
5691,4526,Personal Loan,2026-04-28,4933.16,0.1429,36.0,A,4254.9,Current,Active,3
5692,4527,Credit Card,2025-08-20,2408.53,0.213,,A,1218.28,30-59 DPD,Active,11
5693,4529,Personal Loan,2025-10-23,12711.11,0.1076,48.0,D,9362.02,Current,Active,9
5694,4529,Auto Loan,2022-06-21,31055.09,0.052,48.0,C,0.0,Current,Paid Off,49
5695,4530,Mortgage,2023-01-11,264444.71,0.0701,360.0,A,239144.28,Current,Active,42
5696,4531,Personal Loan,2023-08-28,21678.52,0.1788,48.0,C,5765.38,Current,Active,35
5697,4531,Auto Loan,2025-09-15,37545.56,0.0699,48.0,B,27707.34,Current,Active,10
5698,4532,Auto Loan,2023-06-10,19690.13,0.0797,48.0,B,4669.91,Current,Active,37
5699,4533,Auto Loan,2024-08-12,41209.86,0.0532,72.0,B,29379.79,Current,Active,23
5700,4533,Credit Card,2022-07-02,7690.18,0.2562,,A,2071.7,Current,Active,48
5701,4534,Mortgage,2026-01-20,284943.85,0.0609,360.0,A,261980.78,Current,Active,6
5702,4534,Credit Card,2024-04-06,9499.29,0.1966,,C,6326.72,Current,Active,27
5703,4534,Credit Card,2024-12-02,18010.3,0.2549,,B,4757.82,Current,Active,19
5704,4535,Personal Loan,2025-02-27,5658.27,0.1183,36.0,C,2851.61,Current,Active,17
5705,4535,Auto Loan,2026-04-11,42247.02,0.1029,60.0,C,37459.67,Current,Active,3
5706,4535,Personal Loan,2023-07-16,19629.19,0.1797,24.0,E,0.0,Current,Paid Off,36
5707,4536,Personal Loan,2024-10-30,18648.85,0.1226,24.0,C,2219.76,Current,Active,21
5708,4536,Auto Loan,2022-12-21,31864.72,0.1019,48.0,C,3232.98,Current,Active,43
5709,4537,Personal Loan,2022-04-08,11808.75,0.1034,36.0,B,0.0,Current,Paid Off,51
5710,4537,Credit Card,2023-05-28,8846.14,0.2495,,B,3028.6,Current,Active,38
5711,4539,Personal Loan,2023-02-06,7235.83,0.144,24.0,A,0.0,Current,Paid Off,41
5712,4540,Credit Card,2023-06-21,10647.14,0.2064,,D,5123.33,Current,Active,37
5713,4541,Auto Loan,2025-02-07,15818.37,0.054,60.0,A,11809.87,Current,Active,17
5714,4541,Auto Loan,2025-02-09,19684.57,0.0883,72.0,A,14377.62,Current,Active,17
5715,4543,Personal Loan,2023-11-19,12245.56,0.1636,24.0,B,0.0,Current,Paid Off,32
5716,4544,Mortgage,2025-02-05,462659.27,0.0477,180.0,A,393197.78,Current,Active,17
5717,4545,Credit Card,2025-12-24,16149.41,0.2,,E,8228.8,90+ DPD,Charged Off,7
5718,4545,Credit Card,2024-08-21,6339.36,0.1874,,B,2484.93,Current,Active,23
5719,4546,Credit Card,2023-06-02,12604.23,0.2156,,A,1370.7,Current,Active,37
5720,4547,Auto Loan,2022-10-20,24731.14,0.0839,36.0,B,0.0,Current,Paid Off,45
5721,4547,Personal Loan,2025-08-18,16704.48,0.1725,24.0,C,8920.96,Current,Active,11
5722,4548,Auto Loan,2024-07-10,9578.89,0.0889,36.0,D,3091.11,Current,Active,24
5723,4548,Personal Loan,2025-08-24,11049.58,0.0964,24.0,B,5975.11,Current,Active,11
5724,4550,Auto Loan,2022-07-10,29703.02,0.0897,72.0,A,9915.97,Current,Active,48
5725,4550,Personal Loan,2023-03-02,8472.03,0.1262,48.0,A,1288.51,Current,Active,40
5726,4551,Auto Loan,2025-12-25,19723.6,0.054,36.0,B,15152.48,30-59 DPD,Active,7
5727,4551,Personal Loan,2023-07-02,5528.47,0.1218,48.0,B,1367.15,Current,Active,36
5728,4552,Credit Card,2025-06-02,13297.32,0.2489,,A,10841.91,Current,Active,13
5729,4552,Auto Loan,2022-12-28,21477.41,0.0684,72.0,A,8665.13,Current,Active,43
5730,4554,Personal Loan,2022-08-22,12528.27,0.1793,48.0,B,570.25,Current,Active,47
5731,4554,Mortgage,2022-08-07,631872.61,0.0546,180.0,C,458512.33,Current,Active,47
5732,4555,Auto Loan,2024-05-05,14426.3,0.063,36.0,D,4030.8,Current,Active,26
5733,4557,Personal Loan,2022-11-15,14560.58,0.1148,36.0,D,0.0,Current,Paid Off,44
5734,4557,Personal Loan,2025-06-24,12162.21,0.1392,36.0,D,7810.82,60-89 DPD,Active,13
5735,4557,Credit Card,2024-02-17,6759.26,0.2064,,C,3983.52,Current,Active,29
5736,4558,Personal Loan,2023-08-10,12559.55,0.1567,36.0,C,635.38,Current,Active,35
5737,4559,Personal Loan,2024-12-28,20348.81,0.1088,36.0,B,8754.03,Current,Active,19
5738,4560,Personal Loan,2024-02-03,16489.55,0.15,48.0,A,6819.33,Current,Active,29
5739,4560,Credit Card,2026-02-05,8210.38,0.2233,,B,5129.18,Current,Active,5
5740,4560,Personal Loan,2023-08-16,19400.03,0.1858,48.0,B,5336.37,Current,Active,35
5741,4564,Personal Loan,2024-12-25,6524.51,0.1531,24.0,A,1226.76,Current,Active,19
5742,4564,Personal Loan,2024-10-18,7659.83,0.1132,24.0,B,981.42,Current,Active,21
5743,4566,Personal Loan,2023-02-09,6078.31,0.1677,24.0,B,0.0,Current,Paid Off,41
5744,4566,Auto Loan,2026-03-12,30922.0,0.0768,48.0,B,25544.3,Current,Active,4
5745,4566,Mortgage,2025-06-04,381160.27,0.0705,180.0,D,359280.31,Current,Active,13
5746,4568,Credit Card,2022-04-29,3803.83,0.2108,,A,2855.32,Current,Active,51
5747,4570,Credit Card,2023-02-11,14161.86,0.2187,,B,10015.85,Current,Active,41
5748,4570,Personal Loan,2025-04-04,12009.11,0.14,24.0,B,4375.67,Current,Active,15
5749,4571,Personal Loan,2023-06-01,10434.03,0.1491,36.0,D,0.0,Current,Paid Off,37
5750,4571,Auto Loan,2025-06-23,13390.77,0.0879,72.0,C,11044.96,Current,Active,13
5751,4572,Auto Loan,2025-05-16,34458.1,0.0605,60.0,B,26173.26,Current,Active,14
5752,4573,Credit Card,2024-08-04,10050.72,0.1963,,C,5730.1,90+ DPD,Charged Off,23
5753,4573,Mortgage,2022-02-02,555826.58,0.0569,240.0,E,453449.36,30-59 DPD,Active,53
5754,4574,Auto Loan,2023-04-13,39562.63,0.0762,72.0,C,17428.7,Current,Active,39
5755,4575,Auto Loan,2026-03-13,10504.54,0.0897,48.0,C,9768.92,Current,Active,4
5756,4575,Personal Loan,2024-06-24,3337.35,0.1857,24.0,C,0.0,Current,Paid Off,25
5757,4576,Personal Loan,2024-08-07,22901.7,0.1654,24.0,C,1071.29,Current,Active,23
5758,4578,Credit Card,2022-04-06,11219.31,0.2225,,C,3289.12,Current,Active,51
5759,4578,Personal Loan,2022-12-30,22301.0,0.1893,48.0,C,2308.36,Current,Active,43
5760,4579,Credit Card,2024-11-21,16151.88,0.1616,,B,7589.62,Current,Active,20
5761,4579,Personal Loan,2023-10-29,14920.32,0.1694,48.0,C,4422.74,Current,Active,33
5762,4580,Auto Loan,2022-07-17,22129.1,0.0801,60.0,D,15406.01,90+ DPD,Charged Off,48
5763,4581,Personal Loan,2024-05-07,12687.63,0.1614,24.0,C,0.0,Current,Paid Off,26
5764,4583,Credit Card,2025-10-08,3452.93,0.1898,,C,1481.61,60-89 DPD,Active,9
5765,4584,Personal Loan,2025-06-19,4054.72,0.0978,24.0,B,1764.7,Current,Active,13
5766,4584,Mortgage,2024-09-01,123777.21,0.0609,240.0,A,111194.73,Current,Active,22
5767,4585,Personal Loan,2023-01-11,6721.49,0.1777,24.0,C,0.0,Current,Paid Off,42
5768,4585,Personal Loan,2024-07-28,3873.57,0.1246,48.0,B,1776.06,90+ DPD,Charged Off,24
5769,4586,Personal Loan,2026-02-26,15161.55,0.1349,24.0,C,11555.86,Current,Active,5
5770,4586,Personal Loan,2024-07-18,11400.28,0.0943,36.0,A,3682.84,Current,Active,24
5771,4587,Credit Card,2024-09-07,5185.38,0.1819,,B,1465.53,Current,Active,22
5772,4587,Mortgage,2022-05-24,191143.52,0.0477,240.0,C,144286.38,Current,Active,50
5773,4588,Auto Loan,2026-02-26,35387.83,0.0887,36.0,A,28282.01,Current,Active,5
5774,4588,Credit Card,2024-10-05,7537.52,0.2404,,C,5776.49,90+ DPD,Charged Off,21
5775,4588,Auto Loan,2023-08-25,23668.01,0.0852,48.0,A,6661.32,Current,Active,35
5776,4589,Mortgage,2024-08-19,573431.83,0.0613,240.0,D,475869.77,Current,Active,23
5777,4589,Credit Card,2024-04-05,2629.33,0.2546,,B,2217.56,Current,Active,27
5778,4590,Personal Loan,2025-06-02,5629.65,0.117,24.0,D,2373.12,30-59 DPD,Active,13
5779,4590,Credit Card,2022-05-20,1480.56,0.1626,,C,1074.73,Current,Active,50
5780,4591,Credit Card,2025-07-29,4088.27,0.2388,,A,1323.01,Current,Active,12
5781,4592,Personal Loan,2023-10-14,20255.74,0.1725,48.0,B,5919.97,Current,Active,33
5782,4592,Mortgage,2023-11-29,339698.91,0.0725,360.0,C,302506.93,Current,Active,32
5783,4593,Credit Card,2022-10-10,15654.46,0.1709,,C,11453.19,Current,Active,45
5784,4593,Credit Card,2024-09-28,1387.39,0.1636,,D,745.69,90+ DPD,Charged Off,22
5785,4594,Mortgage,2023-02-18,509423.51,0.0747,240.0,A,434151.05,Current,Active,41
5786,4594,Credit Card,2026-04-07,2175.83,0.2254,,A,1635.24,Current,Active,3
5787,4595,Auto Loan,2024-02-24,39818.38,0.0748,60.0,D,21513.42,Current,Active,29
5788,4596,Mortgage,2023-10-21,263137.36,0.0454,180.0,E,200918.63,60-89 DPD,Active,33
5789,4597,Personal Loan,2022-01-17,7197.9,0.1454,48.0,B,0.0,Current,Paid Off,54
5790,4599,Auto Loan,2025-11-25,32496.85,0.1083,60.0,A,28730.25,Current,Active,8
5791,4600,Auto Loan,2024-05-10,36012.24,0.087,72.0,A,23826.45,Current,Active,26
5792,4600,Personal Loan,2022-01-26,13280.94,0.1839,48.0,B,0.0,Current,Paid Off,54
5793,4601,Auto Loan,2024-02-12,39583.27,0.0652,72.0,C,35245.17,90+ DPD,Charged Off,29
5794,4602,Personal Loan,2022-05-28,12005.32,0.1484,24.0,C,0.0,Current,Paid Off,50
5795,4602,Personal Loan,2022-07-26,22316.57,0.0912,36.0,D,0.0,Current,Paid Off,48
5796,4603,Personal Loan,2026-03-12,19214.13,0.0915,48.0,C,18463.01,Current,Active,4
5797,4604,Mortgage,2022-01-19,164899.43,0.0721,240.0,C,128791.92,Current,Active,54
5798,4604,Auto Loan,2025-11-16,44960.46,0.1098,36.0,C,34624.21,Current,Active,8
5799,4605,Auto Loan,2023-01-26,30391.47,0.0776,36.0,C,0.0,Current,Paid Off,42
5800,4605,Credit Card,2025-10-03,4938.76,0.22,,A,2228.12,Current,Active,9
5801,4606,Credit Card,2023-05-26,3842.64,0.2206,,B,3223.95,Current,Active,38
5802,4606,Credit Card,2023-05-21,6318.1,0.1642,,B,3836.99,Current,Active,38
5803,4607,Personal Loan,2024-08-29,18708.51,0.1447,24.0,E,846.95,30-59 DPD,Active,23
5804,4608,Auto Loan,2025-06-16,25956.96,0.0991,36.0,E,24091.39,90+ DPD,Charged Off,13
5805,4609,Credit Card,2024-03-19,9568.01,0.1874,,C,2703.31,Current,Active,28
5806,4610,Personal Loan,2024-12-14,10945.36,0.1169,24.0,A,2110.29,Current,Active,19
5807,4611,Personal Loan,2022-10-18,15439.68,0.0948,48.0,C,1013.21,Current,Active,45
5808,4613,Auto Loan,2025-03-10,27172.01,0.0837,48.0,B,16906.43,Current,Active,16
5809,4614,Auto Loan,2025-11-03,41797.3,0.0922,72.0,C,37394.88,Current,Active,8
5810,4615,Credit Card,2025-01-16,2490.53,0.1638,,B,696.33,Current,Active,18
5811,4616,Credit Card,2025-11-18,19089.22,0.2206,,A,6438.11,Current,Active,8
5812,4617,Credit Card,2025-05-18,8908.8,0.21,,B,5430.19,30-59 DPD,Active,14
5813,4617,Auto Loan,2024-06-02,10140.76,0.0953,48.0,A,4937.33,Current,Active,25
5814,4618,Mortgage,2022-09-06,298745.07,0.069,180.0,C,218726.78,Current,Active,46
5815,4618,Auto Loan,2023-01-03,31100.43,0.058,36.0,A,0.0,Current,Paid Off,42
5816,4619,Auto Loan,2022-01-26,43026.95,0.0506,60.0,A,3998.03,Current,Active,54
5817,4620,Auto Loan,2025-06-26,23622.05,0.1076,36.0,D,15391.61,30-59 DPD,Active,13
5818,4623,Mortgage,2025-08-03,386362.7,0.046,180.0,D,358660.95,Current,Active,11
5819,4624,Personal Loan,2025-05-03,21529.34,0.17,48.0,B,15018.18,Current,Active,14
5820,4626,Personal Loan,2025-12-01,22556.91,0.1224,24.0,B,15914.9,Current,Active,7
5821,4628,Auto Loan,2024-11-28,37749.25,0.0593,72.0,C,25203.26,30-59 DPD,Active,20
5822,4629,Personal Loan,2026-05-06,24230.62,0.1241,24.0,D,20326.56,Current,Active,2
5823,4629,Auto Loan,2023-12-12,8904.15,0.0862,72.0,C,4646.84,Current,Active,31
5824,4630,Mortgage,2024-04-13,310775.52,0.0562,240.0,C,125550.3,90+ DPD,Charged Off,27
5825,4631,Credit Card,2024-02-23,10914.26,0.2409,,D,6282.86,90+ DPD,Charged Off,29
5826,4633,Credit Card,2024-05-28,11350.84,0.1676,,A,1168.67,Current,Active,26
5827,4633,Mortgage,2026-04-13,488505.83,0.0719,360.0,A,503970.4,Current,Active,3
5828,4634,Credit Card,2022-03-17,9183.19,0.1882,,A,5768.29,Current,Active,52
5829,4634,Auto Loan,2023-03-01,36155.88,0.0752,48.0,C,5471.06,Current,Active,40
5830,4634,Credit Card,2025-08-20,2953.93,0.2373,,A,1011.65,Current,Active,11
5831,4635,Personal Loan,2022-01-25,7415.28,0.1481,24.0,A,0.0,Current,Paid Off,54
5832,4635,Mortgage,2025-11-05,459968.91,0.0543,180.0,B,413465.56,Current,Active,8
5833,4635,Personal Loan,2022-04-12,17605.95,0.1096,36.0,B,0.0,Current,Paid Off,51
5834,4636,Credit Card,2024-12-01,17878.55,0.2,,A,1986.83,Current,Active,19
5835,4637,Personal Loan,2024-01-16,21600.06,0.1241,36.0,D,14161.18,90+ DPD,Charged Off,30
5836,4638,Credit Card,2022-10-10,19031.91,0.2253,,D,6157.19,30-59 DPD,Active,45
5837,4639,Auto Loan,2023-02-07,24257.5,0.0977,72.0,C,10677.55,Current,Active,41
5838,4640,Credit Card,2026-01-12,3752.15,0.214,,D,3119.65,30-59 DPD,Active,6
5839,4640,Credit Card,2022-10-16,8450.82,0.1959,,B,3237.47,Current,Active,45
5840,4643,Auto Loan,2024-04-01,33753.59,0.104,48.0,A,14239.51,Current,Active,27
5841,4643,Personal Loan,2025-07-23,4323.91,0.1731,24.0,C,2113.03,Current,Active,12
5842,4643,Mortgage,2025-07-01,213015.22,0.0614,180.0,A,187357.75,Current,Active,12
5843,4644,Personal Loan,2024-06-25,6670.82,0.0999,48.0,C,3131.02,Current,Active,25
5844,4645,Mortgage,2025-04-07,466325.14,0.0736,360.0,A,403065.55,Current,Active,15
5845,4645,Personal Loan,2025-07-12,15193.68,0.1278,48.0,B,11145.87,Current,Active,12
5846,4645,Personal Loan,2022-11-29,15064.41,0.1634,48.0,A,1224.08,Current,Active,44
5847,4646,Credit Card,2022-09-05,3729.17,0.2266,,A,740.0,Current,Active,46
5848,4647,Credit Card,2023-03-02,8200.86,0.2541,,B,4025.64,Current,Active,40
5849,4647,Credit Card,2025-06-07,16284.11,0.1944,,C,11008.1,Current,Active,13
5850,4647,Personal Loan,2022-07-26,18072.29,0.168,48.0,B,0.0,Current,Paid Off,48
5851,4648,Auto Loan,2024-01-13,10192.92,0.1017,60.0,C,4989.81,Current,Active,30
5852,4649,Mortgage,2024-11-09,578725.74,0.0543,360.0,B,547464.56,Current,Active,20
5853,4650,Mortgage,2023-06-26,513515.63,0.0538,180.0,A,421450.23,Current,Active,37
5854,4650,Auto Loan,2023-03-31,42787.84,0.0725,48.0,B,6520.02,Current,Active,40
5855,4651,Mortgage,2022-01-30,522329.02,0.0676,180.0,C,362068.66,Current,Active,54
5856,4651,Credit Card,2022-02-09,11837.76,0.2118,,B,6503.4,30-59 DPD,Active,53
5857,4652,Auto Loan,2026-01-01,14786.52,0.0999,60.0,E,13472.32,60-89 DPD,Active,6
5858,4653,Auto Loan,2023-09-09,21070.7,0.0608,60.0,D,9475.74,Current,Active,34
5859,4653,Auto Loan,2023-11-06,44043.78,0.0543,48.0,C,15322.48,90+ DPD,Active,32
5860,4653,Mortgage,2024-03-24,376089.63,0.0616,240.0,C,344256.33,Current,Active,28
5861,4654,Personal Loan,2022-09-11,24465.01,0.1273,36.0,A,0.0,Current,Paid Off,46
5862,4654,Personal Loan,2024-07-14,4346.4,0.133,48.0,A,2084.75,Current,Active,24
5863,4656,Mortgage,2026-03-10,122910.65,0.0541,360.0,D,121000.46,Current,Active,4
5864,4656,Mortgage,2023-03-14,451449.57,0.0685,180.0,E,400743.51,90+ DPD,Charged Off,40
5865,4658,Credit Card,2025-09-20,7544.83,0.2345,,D,4473.73,90+ DPD,Charged Off,10
5866,4659,Auto Loan,2023-12-28,29371.8,0.1041,36.0,A,4247.36,30-59 DPD,Active,31
5867,4659,Auto Loan,2026-01-22,19357.49,0.0632,60.0,B,18281.91,Current,Active,6
5868,4659,Credit Card,2023-12-29,17075.25,0.1644,,B,8095.38,Current,Active,31
5869,4660,Credit Card,2022-12-10,4273.8,0.2532,,C,1129.44,Current,Active,43
5870,4662,Auto Loan,2023-07-30,12460.69,0.0954,60.0,B,4859.95,Current,Active,36
5871,4663,Credit Card,2024-06-08,12512.77,0.2525,,D,4684.22,90+ DPD,Charged Off,25
5872,4663,Credit Card,2026-01-10,3524.77,0.2537,,D,1357.81,Current,Active,6
5873,4664,Auto Loan,2022-01-20,34253.79,0.081,36.0,A,0.0,Current,Paid Off,54
5874,4665,Personal Loan,2024-10-10,20594.18,0.1615,36.0,B,8562.64,Current,Active,21
5875,4666,Personal Loan,2024-06-15,7659.5,0.1413,24.0,B,0.0,Current,Paid Off,25
5876,4667,Mortgage,2022-04-19,309070.84,0.0611,180.0,A,231402.02,Current,Active,51
5877,4668,Credit Card,2025-07-09,17459.99,0.1698,,B,6132.34,Current,Active,12
5878,4669,Credit Card,2026-03-04,5242.22,0.1841,,D,3806.93,Current,Active,4
5879,4670,Auto Loan,2022-05-18,20408.46,0.1073,60.0,B,3223.71,Current,Active,50
5880,4670,Auto Loan,2024-09-07,30868.4,0.0964,48.0,A,16335.56,Current,Active,22
5881,4670,Personal Loan,2025-10-18,17531.76,0.1879,24.0,B,11065.99,Current,Active,9
5882,4671,Personal Loan,2022-08-06,9563.58,0.1168,48.0,A,464.48,Current,Active,47
5883,4671,Auto Loan,2022-07-14,22705.51,0.0555,72.0,A,7305.88,Current,Active,48
5884,4672,Mortgage,2025-07-03,471500.53,0.0536,180.0,B,432192.84,Current,Active,12
5885,4672,Personal Loan,2026-03-13,15667.38,0.1232,24.0,B,12372.43,Current,Active,4
5886,4673,Auto Loan,2026-05-27,39984.08,0.0556,36.0,B,37805.2,Current,Active,2
5887,4673,Auto Loan,2025-01-28,27033.6,0.0983,72.0,C,20848.66,Current,Active,18
5888,4674,Auto Loan,2023-09-19,24288.6,0.0935,36.0,B,1300.78,Current,Active,34
5889,4674,Mortgage,2024-09-12,333229.9,0.0518,180.0,C,191759.23,90+ DPD,Charged Off,22
5890,4675,Credit Card,2024-12-12,16299.39,0.1702,,D,14800.73,90+ DPD,Charged Off,19
5891,4676,Personal Loan,2024-12-21,19048.15,0.1267,48.0,B,11935.6,Current,Active,19
5892,4677,Credit Card,2023-07-08,5511.75,0.2161,,B,905.54,Current,Active,36
5893,4677,Personal Loan,2025-06-13,7797.98,0.1777,36.0,C,4813.8,Current,Active,13
5894,4678,Credit Card,2024-06-18,1773.34,0.1742,,A,824.83,Current,Active,25
5895,4678,Credit Card,2022-02-08,9475.0,0.1664,,A,2548.35,Current,Active,53
5896,4679,Personal Loan,2022-05-31,14846.63,0.1183,48.0,C,0.0,Current,Paid Off,50
5897,4680,Auto Loan,2025-08-28,39301.7,0.0819,48.0,D,31670.04,Current,Active,11
5898,4681,Credit Card,2025-06-05,4502.98,0.1762,,C,1901.43,Current,Active,13
5899,4682,Credit Card,2024-10-16,1272.92,0.2577,,B,855.75,Current,Active,21
5900,4682,Auto Loan,2022-10-29,31024.58,0.077,48.0,A,1783.33,Current,Active,45
5901,4683,Mortgage,2026-04-21,351662.47,0.0639,240.0,A,329535.93,Current,Active,3
5902,4684,Personal Loan,2025-04-28,22237.79,0.1778,36.0,C,12934.07,Current,Active,15
5903,4684,Auto Loan,2025-03-05,10504.04,0.1009,48.0,C,6387.3,Current,Active,16
5904,4686,Auto Loan,2025-02-27,22338.11,0.0985,48.0,D,14828.17,Current,Active,17
5905,4687,Personal Loan,2025-05-16,19377.17,0.1718,36.0,B,11434.27,Current,Active,14
5906,4688,Auto Loan,2024-07-29,34248.61,0.0841,60.0,C,21850.68,90+ DPD,Charged Off,24
5907,4689,Auto Loan,2023-10-24,25874.77,0.064,36.0,A,2161.87,Current,Active,33
5908,4690,Credit Card,2023-04-30,4495.62,0.2425,,B,2264.44,Current,Active,39
5909,4692,Credit Card,2025-09-15,10027.46,0.1932,,C,3286.14,Current,Active,10
5910,4692,Personal Loan,2022-03-20,21552.26,0.1616,24.0,C,0.0,Current,Paid Off,52
5911,4693,Auto Loan,2023-03-05,9604.34,0.0868,72.0,A,3906.49,Current,Active,40
5912,4695,Credit Card,2022-07-29,3945.27,0.2285,,B,516.9,Current,Active,48
5913,4695,Auto Loan,2022-03-02,33740.84,0.096,60.0,C,4178.35,Current,Active,52
5914,4696,Personal Loan,2026-01-11,18423.93,0.0935,24.0,D,13389.17,90+ DPD,Charged Off,6
5915,4697,Credit Card,2022-02-14,1668.82,0.2288,,B,721.78,Current,Active,53
5916,4699,Credit Card,2025-08-29,3690.64,0.177,,A,2640.06,Current,Active,11
5917,4699,Auto Loan,2023-03-09,20420.48,0.0818,72.0,A,8404.73,Current,Active,40
5918,4700,Auto Loan,2026-02-03,33551.19,0.1041,48.0,E,27836.89,Current,Active,5
5919,4700,Auto Loan,2022-10-15,20910.94,0.0627,60.0,C,5380.51,Current,Active,45
5920,4702,Personal Loan,2022-08-08,5910.52,0.1172,48.0,A,289.64,Current,Active,47
5921,4702,Auto Loan,2025-12-12,25389.94,0.0662,36.0,B,20704.08,Current,Active,7
5922,4702,Auto Loan,2023-10-18,26209.73,0.0653,48.0,B,7422.13,Current,Active,33
5923,4703,Personal Loan,2024-02-12,13993.48,0.1151,24.0,D,0.0,Current,Paid Off,29
5924,4705,Mortgage,2022-07-30,123927.69,0.0602,360.0,A,101598.42,Current,Active,48
5925,4706,Auto Loan,2026-04-05,36248.67,0.0837,60.0,A,33207.11,Current,Active,3
5926,4706,Mortgage,2023-08-17,385348.66,0.0512,180.0,B,310667.19,Current,Active,35
5927,4708,Credit Card,2026-04-23,16653.95,0.1944,,C,7538.21,Current,Active,3
5928,4708,Personal Loan,2024-03-04,3604.21,0.1336,36.0,C,782.05,Current,Active,28
5929,4709,Credit Card,2022-02-22,5697.35,0.2512,,E,2554.9,90+ DPD,Charged Off,53
5930,4710,Auto Loan,2025-01-26,31076.93,0.0768,60.0,C,21690.12,Current,Active,18
5931,4711,Credit Card,2024-12-02,1881.61,0.1855,,E,690.44,90+ DPD,Charged Off,19
5932,4712,Credit Card,2025-07-30,5064.17,0.177,,B,2896.9,Current,Active,12
5933,4713,Personal Loan,2024-12-25,15018.21,0.1204,48.0,C,8298.55,Current,Active,19
5934,4713,Credit Card,2025-07-23,9795.17,0.2037,,C,1682.56,Current,Active,12
5935,4714,Credit Card,2026-03-17,4219.13,0.2244,,E,2998.02,Current,Active,4
5936,4714,Credit Card,2022-07-23,1099.08,0.1795,,C,124.4,Current,Active,48
5937,4715,Auto Loan,2023-09-17,35847.34,0.0619,72.0,B,17259.76,Current,Active,34
5938,4716,Auto Loan,2022-11-24,39020.95,0.0793,48.0,B,2964.1,Current,Active,44
5939,4717,Credit Card,2025-06-22,12452.84,0.2273,,B,2975.15,Current,Active,13
5940,4718,Personal Loan,2025-04-25,18868.28,0.1428,36.0,A,10669.4,Current,Active,15
5941,4718,Credit Card,2024-06-18,2202.0,0.2256,,D,838.64,Current,Active,25
5942,4718,Credit Card,2026-04-02,9344.83,0.2185,,B,977.88,Current,Active,3
5943,4720,Mortgage,2023-07-12,564802.3,0.0612,360.0,C,473319.43,Current,Active,36
5944,4721,Personal Loan,2024-02-28,9075.08,0.0947,48.0,B,3432.41,Current,Active,29
5945,4721,Mortgage,2025-01-01,492904.76,0.0741,360.0,E,449457.01,90+ DPD,Charged Off,18
5946,4724,Credit Card,2024-02-25,2725.15,0.1619,,B,1311.81,Current,Active,29
5947,4725,Credit Card,2023-09-24,1659.63,0.1898,,A,1052.09,Current,Active,34
5948,4726,Mortgage,2023-06-30,219163.89,0.0522,360.0,B,203366.28,Current,Active,37
5949,4727,Auto Loan,2025-01-03,40529.57,0.1,36.0,C,27078.73,90+ DPD,Charged Off,18
5950,4728,Auto Loan,2022-04-17,21018.07,0.1029,48.0,B,0.0,Current,Paid Off,51
5951,4728,Credit Card,2024-12-02,5440.28,0.2143,,A,1230.94,Current,Active,19
5952,4729,Credit Card,2022-05-30,12811.28,0.2361,,B,5649.14,Current,Active,50
5953,4731,Personal Loan,2024-12-08,23563.09,0.1492,48.0,A,14701.36,Current,Active,19
5954,4731,Auto Loan,2026-04-27,20498.96,0.0795,36.0,A,18084.74,Current,Active,3
5955,4732,Personal Loan,2023-04-06,5069.37,0.1733,48.0,A,947.34,Current,Active,39
5956,4733,Auto Loan,2023-07-13,25259.6,0.0989,60.0,D,16237.55,90+ DPD,Charged Off,36
5957,4733,Personal Loan,2024-10-03,14594.05,0.1042,24.0,B,1884.03,Current,Active,21
5958,4733,Mortgage,2022-06-22,600481.14,0.0662,240.0,C,444155.61,Current,Active,49
5959,4734,Credit Card,2025-05-14,18585.16,0.2321,,A,4669.16,Current,Active,14
5960,4735,Credit Card,2023-02-19,18395.81,0.1729,,C,9137.6,Current,Active,41
5961,4735,Personal Loan,2025-10-21,21462.41,0.1825,24.0,E,14084.52,Current,Active,9
5962,4736,Credit Card,2025-10-27,13070.79,0.2272,,D,11100.65,Current,Active,9
5963,4737,Credit Card,2022-01-01,13744.03,0.2176,,D,5378.55,30-59 DPD,Active,54
5964,4738,Personal Loan,2025-05-13,19941.28,0.1309,36.0,D,11459.76,Current,Active,14
5965,4738,Auto Loan,2022-01-25,13986.77,0.0893,36.0,C,0.0,Current,Paid Off,54
5966,4739,Credit Card,2023-10-13,12572.45,0.2416,,C,8277.95,30-59 DPD,Active,33
5967,4740,Credit Card,2025-03-06,6002.17,0.1979,,B,1784.59,Current,Active,16
5968,4741,Auto Loan,2026-04-27,32232.65,0.0756,72.0,B,30933.49,Current,Active,3
5969,4741,Auto Loan,2024-12-14,32233.36,0.0672,48.0,C,19994.32,Current,Active,19
5970,4743,Credit Card,2022-05-15,17455.99,0.2211,,D,8123.33,Current,Active,50
5971,4744,Auto Loan,2022-11-02,42892.6,0.0561,60.0,B,11434.12,Current,Active,44
5972,4744,Auto Loan,2023-09-02,43732.15,0.078,36.0,B,2189.93,Current,Active,34
5973,4744,Credit Card,2024-12-29,7738.47,0.2332,,B,1897.33,Current,Active,19
5974,4745,Auto Loan,2022-01-11,12137.65,0.0548,60.0,A,1237.22,Current,Active,54
5975,4745,Auto Loan,2023-01-09,29845.06,0.074,72.0,B,12945.64,Current,Active,42
5976,4746,Mortgage,2025-02-11,373630.08,0.0678,360.0,B,354473.92,Current,Active,17
5977,4748,Mortgage,2024-03-05,227779.56,0.0621,180.0,D,174246.58,Current,Active,28
5978,4748,Auto Loan,2025-12-08,24199.68,0.077,60.0,B,22274.12,Current,Active,7
5979,4749,Credit Card,2025-06-06,16631.23,0.1937,,C,13063.01,Current,Active,13
5980,4749,Mortgage,2022-06-04,584547.31,0.0738,360.0,C,508823.76,Current,Active,49
5981,4750,Auto Loan,2024-03-17,36074.83,0.0656,72.0,B,21375.81,Current,Active,28
5982,4751,Auto Loan,2024-01-11,29541.91,0.1088,48.0,B,10674.26,Current,Active,30
5983,4752,Mortgage,2024-07-13,283947.72,0.075,240.0,B,242436.5,Current,Active,24
5984,4753,Credit Card,2023-05-31,1787.2,0.2103,,C,250.3,Current,Active,38
5985,4754,Credit Card,2022-06-24,16853.52,0.197,,D,4154.31,30-59 DPD,Active,49
5986,4755,Mortgage,2023-01-13,461892.57,0.0735,180.0,B,348005.85,Current,Active,42
5987,4756,Mortgage,2023-03-23,180982.9,0.0704,180.0,A,137444.56,Current,Active,40
5988,4757,Auto Loan,2023-07-22,38991.63,0.0537,36.0,A,0.0,Current,Paid Off,36
5989,4758,Mortgage,2022-02-10,566122.25,0.0685,360.0,B,415146.28,90+ DPD,Charged Off,53
5990,4759,Credit Card,2024-07-24,7503.68,0.1959,,C,4690.95,Current,Active,24
5991,4759,Mortgage,2024-05-11,374304.39,0.071,180.0,D,308310.58,Current,Active,26
5992,4760,Personal Loan,2023-05-16,3359.07,0.1541,48.0,B,695.72,90+ DPD,Active,38
5993,4761,Auto Loan,2025-09-12,33730.06,0.0654,48.0,B,25455.98,Current,Active,10
5994,4762,Personal Loan,2025-07-16,13041.68,0.1586,36.0,B,8026.78,Current,Active,12
5995,4763,Auto Loan,2023-11-21,40251.12,0.0683,36.0,A,4618.62,Current,Active,32
5996,4764,Credit Card,2023-12-06,15833.27,0.203,,C,4562.9,Current,Active,31
5997,4764,Personal Loan,2024-07-16,12235.73,0.1521,24.0,B,0.0,Current,Paid Off,24
5998,4765,Personal Loan,2025-01-20,11295.31,0.1483,24.0,B,2793.17,Current,Active,18
5999,4767,Credit Card,2023-08-05,1461.96,0.1907,,A,847.6,Current,Active,35
6000,4767,Mortgage,2022-10-16,200418.81,0.054,180.0,B,155352.65,Current,Active,45
6001,4769,Credit Card,2026-03-15,7169.35,0.2231,,E,4895.48,90+ DPD,Charged Off,4
6002,4770,Credit Card,2025-07-21,12558.03,0.2223,,D,8502.69,30-59 DPD,Active,12
6003,4770,Auto Loan,2025-09-28,17062.49,0.0875,36.0,D,9608.16,90+ DPD,Charged Off,10
6004,4770,Mortgage,2023-01-04,315227.67,0.0502,240.0,D,249849.0,Current,Active,42
6005,4772,Credit Card,2024-02-22,14434.68,0.2541,,C,8059.5,30-59 DPD,Active,29
6006,4773,Credit Card,2026-01-30,17733.78,0.2138,,E,16779.13,90+ DPD,Charged Off,6
6007,4773,Auto Loan,2024-11-13,23615.07,0.1027,48.0,E,13437.26,90+ DPD,Charged Off,20
6008,4774,Auto Loan,2024-01-25,28107.3,0.0715,72.0,C,17098.54,Current,Active,30
6009,4774,Credit Card,2022-04-20,17456.41,0.1689,,A,10473.43,Current,Active,51
6010,4775,Credit Card,2026-02-25,15091.45,0.1814,,B,10200.81,Current,Active,5
6011,4775,Personal Loan,2025-03-29,23981.68,0.1169,36.0,D,13196.73,30-59 DPD,Active,16
6012,4776,Personal Loan,2023-04-16,8763.85,0.1072,36.0,A,0.0,Current,Paid Off,39
6013,4776,Personal Loan,2023-09-30,5728.53,0.1364,36.0,B,291.06,30-59 DPD,Active,34
6014,4776,Personal Loan,2024-05-28,20981.17,0.1257,36.0,B,5630.13,Current,Active,26
6015,4777,Personal Loan,2024-05-11,8497.55,0.1598,36.0,E,3074.17,90+ DPD,Charged Off,26
6016,4778,Credit Card,2025-11-02,11763.04,0.1824,,E,5363.85,30-59 DPD,Active,8
6017,4778,Auto Loan,2023-02-11,22364.41,0.0772,60.0,C,7386.02,Current,Active,41
6018,4778,Personal Loan,2022-03-30,3092.12,0.1292,48.0,E,0.0,Current,Paid Off,52
6019,4779,Auto Loan,2025-04-12,16554.22,0.0657,36.0,B,9572.02,Current,Active,15
6020,4780,Personal Loan,2025-06-23,5697.46,0.097,36.0,B,3566.36,Current,Active,13
6021,4781,Credit Card,2022-03-11,4488.9,0.2467,,C,3111.66,Current,Active,52
6022,4782,Auto Loan,2023-12-09,38452.88,0.0648,60.0,E,18859.64,60-89 DPD,Active,31
6023,4783,Personal Loan,2023-05-24,9223.93,0.1585,24.0,B,0.0,Current,Paid Off,38
6024,4784,Auto Loan,2023-07-19,24730.99,0.0692,72.0,A,12527.65,Current,Active,36
6025,4784,Credit Card,2025-11-01,6494.52,0.2224,,B,2698.81,Current,Active,8
6026,4785,Auto Loan,2022-11-22,12853.2,0.0614,60.0,B,3270.62,30-59 DPD,Active,44
6027,4787,Credit Card,2024-03-02,13695.06,0.2322,,B,10029.53,Current,Active,28
6028,4787,Auto Loan,2026-03-02,35405.18,0.1054,60.0,C,32845.43,Current,Active,4
6029,4787,Personal Loan,2022-04-27,3807.41,0.0939,36.0,D,0.0,Current,Paid Off,51
6030,4788,Auto Loan,2026-05-24,42123.3,0.0764,36.0,A,39675.9,Current,Active,2
6031,4790,Auto Loan,2025-06-13,31707.35,0.0727,60.0,D,23095.72,Current,Active,13
6032,4790,Personal Loan,2024-10-07,8129.51,0.1861,24.0,D,994.61,60-89 DPD,Active,21
6033,4791,Personal Loan,2025-02-17,18647.0,0.1756,24.0,E,7651.19,90+ DPD,Charged Off,17
6034,4793,Credit Card,2022-08-16,13656.28,0.2449,,B,3336.21,30-59 DPD,Active,47
6035,4793,Auto Loan,2022-06-26,21913.24,0.0795,48.0,B,0.0,Current,Paid Off,49
6036,4794,Personal Loan,2024-07-20,8505.49,0.1435,48.0,B,4454.96,Current,Active,24
6037,4794,Personal Loan,2024-11-25,22957.68,0.1341,24.0,C,21220.5,90+ DPD,Charged Off,20
6038,4795,Credit Card,2024-02-21,15676.92,0.1809,,C,3074.32,30-59 DPD,Active,29
6039,4795,Mortgage,2024-04-11,613008.22,0.0642,240.0,D,566341.0,Current,Active,27
6040,4798,Auto Loan,2025-05-21,35983.64,0.1022,60.0,C,27619.35,Current,Active,14
6041,4798,Credit Card,2025-09-05,17762.7,0.2375,,D,7065.62,Current,Active,10
6042,4799,Mortgage,2025-06-27,125633.05,0.048,360.0,B,114897.88,Current,Active,13
6043,4800,Credit Card,2025-07-06,19794.91,0.2185,,C,6394.34,30-59 DPD,Active,12
6044,4801,Personal Loan,2023-04-12,13546.9,0.1752,48.0,B,2545.99,30-59 DPD,Active,39
6045,4802,Personal Loan,2026-01-13,16244.15,0.0987,24.0,B,11240.61,Current,Active,6
6046,4802,Credit Card,2022-11-10,3756.47,0.1846,,D,2844.81,90+ DPD,Charged Off,44
6047,4803,Auto Loan,2022-01-22,13569.62,0.0622,60.0,E,1331.0,30-59 DPD,Active,54
6048,4803,Credit Card,2025-03-11,2151.72,0.2285,,C,594.57,Current,Active,16
6049,4804,Personal Loan,2025-01-16,3177.01,0.1666,24.0,A,720.57,Current,Active,18
6050,4804,Personal Loan,2025-05-13,13428.73,0.1843,24.0,B,5052.1,Current,Active,14
6051,4805,Mortgage,2022-05-27,613512.36,0.0553,360.0,A,484577.21,Current,Active,50
6052,4805,Personal Loan,2026-05-07,24271.26,0.1374,48.0,B,23351.1,Current,Active,2
6053,4805,Auto Loan,2025-05-14,9171.16,0.0835,72.0,B,7046.09,Current,Active,14
6054,4807,Personal Loan,2022-09-23,5968.64,0.1701,36.0,C,0.0,Current,Paid Off,46
6055,4808,Personal Loan,2024-01-27,17199.13,0.1859,36.0,B,2635.57,Current,Active,30
6056,4809,Personal Loan,2025-10-17,19777.04,0.1148,24.0,B,12117.18,Current,Active,9
6057,4810,Credit Card,2025-10-26,18225.11,0.22,,C,14766.94,Current,Active,9
6058,4811,Auto Loan,2025-04-27,17800.06,0.0924,60.0,E,13525.57,Current,Active,15
6059,4812,Auto Loan,2023-03-08,39010.79,0.0625,36.0,B,0.0,Current,Paid Off,40
6060,4813,Mortgage,2022-12-03,203560.66,0.0665,240.0,C,72214.21,90+ DPD,Charged Off,43
6061,4814,Credit Card,2022-08-19,13331.79,0.175,,C,10778.77,90+ DPD,Active,47
6062,4814,Mortgage,2023-03-22,314199.15,0.0476,180.0,C,229903.21,Current,Active,40
6063,4815,Credit Card,2025-03-24,18205.52,0.2415,,C,6553.11,Current,Active,16
6064,4815,Auto Loan,2024-12-25,17839.03,0.1071,36.0,B,7611.82,Current,Active,19
6065,4816,Personal Loan,2022-12-10,5109.48,0.1887,48.0,C,509.68,Current,Active,43
6066,4817,Mortgage,2025-12-14,549415.09,0.067,180.0,D,452569.41,90+ DPD,Charged Off,7
6067,4819,Credit Card,2026-05-28,3176.54,0.1784,,B,2096.01,Current,Active,2
6068,4820,Personal Loan,2023-09-29,13293.31,0.1145,24.0,A,0.0,Current,Paid Off,34
6069,4821,Personal Loan,2022-10-24,18995.35,0.1488,36.0,A,0.0,Current,Paid Off,45
6070,4822,Credit Card,2025-08-03,13657.5,0.1614,,C,6531.05,Current,Active,11
6071,4823,Personal Loan,2023-09-03,11340.43,0.1595,36.0,B,653.67,Current,Active,34
6072,4823,Credit Card,2026-02-07,14328.03,0.1938,,A,6605.02,Current,Active,5
6073,4823,Mortgage,2023-04-12,162466.41,0.0696,180.0,B,118416.24,Current,Active,39
6074,4825,Personal Loan,2024-03-13,21082.34,0.1365,24.0,C,0.0,Current,Paid Off,28
6075,4826,Mortgage,2023-05-11,195734.22,0.0593,240.0,C,150063.16,Current,Active,38
6076,4828,Mortgage,2025-12-04,137861.8,0.0486,240.0,A,136411.34,Current,Active,7
6077,4829,Credit Card,2026-02-09,11284.93,0.2039,,B,8583.69,Current,Active,5
6078,4829,Auto Loan,2025-08-27,35555.17,0.0711,72.0,B,28718.41,Current,Active,11
6079,4830,Personal Loan,2025-06-09,20062.47,0.1733,36.0,D,12147.46,Current,Active,13
6080,4831,Mortgage,2026-02-19,592696.23,0.0641,360.0,B,577522.62,Current,Active,5
6081,4831,Personal Loan,2024-01-23,16285.46,0.1226,48.0,C,5780.33,Current,Active,30
6082,4831,Auto Loan,2024-11-01,9786.88,0.0715,48.0,C,5990.75,Current,Active,20
6083,4832,Auto Loan,2024-01-26,22114.31,0.0665,36.0,B,3497.0,30-59 DPD,Active,30
6084,4834,Mortgage,2023-03-30,202002.06,0.0544,360.0,B,183355.56,Current,Active,40
6085,4834,Credit Card,2022-04-04,5938.18,0.2451,,A,1562.64,Current,Active,51
6086,4836,Personal Loan,2022-04-16,17065.33,0.0917,24.0,B,0.0,Current,Paid Off,51
6087,4837,Mortgage,2024-09-02,417856.71,0.0459,360.0,B,375220.88,30-59 DPD,Active,22
6088,4838,Auto Loan,2022-10-09,11347.52,0.0936,60.0,B,2908.63,60-89 DPD,Active,45
6089,4839,Personal Loan,2023-11-14,20852.3,0.1645,48.0,A,7086.99,Current,Active,32
6090,4839,Mortgage,2024-03-10,543009.54,0.0607,360.0,B,516902.61,Current,Active,28
6091,4840,Auto Loan,2023-05-28,17322.08,0.0636,48.0,C,3558.6,Current,Active,38
6092,4840,Credit Card,2023-06-04,5958.95,0.2363,,B,1643.59,Current,Active,37
6093,4843,Credit Card,2024-04-20,16842.64,0.2238,,B,13880.96,Current,Active,27
6094,4843,Auto Loan,2023-12-28,22915.23,0.0925,60.0,D,11620.02,Current,Active,31
6095,4847,Mortgage,2025-06-17,358008.5,0.0634,360.0,C,321687.94,Current,Active,13
6096,4848,Auto Loan,2022-11-04,21579.54,0.0791,36.0,E,0.0,Current,Paid Off,44
6097,4848,Auto Loan,2024-08-13,19087.77,0.0819,48.0,D,14318.23,90+ DPD,Charged Off,23
6098,4849,Credit Card,2026-04-02,16022.61,0.1863,,D,9435.01,60-89 DPD,Active,3
6099,4851,Mortgage,2022-11-27,269249.79,0.0558,360.0,D,238309.56,Current,Active,44
6100,4853,Auto Loan,2025-06-26,43699.4,0.1087,72.0,B,37207.79,Current,Active,13
6101,4854,Auto Loan,2023-03-06,13696.77,0.0904,60.0,C,4116.7,Current,Active,40
6102,4854,Auto Loan,2025-04-06,42729.44,0.0829,36.0,B,24505.83,Current,Active,15
6103,4855,Auto Loan,2022-07-06,40754.38,0.075,36.0,A,0.0,Current,Paid Off,48
6104,4855,Auto Loan,2022-02-03,37589.8,0.0714,72.0,B,9375.37,Current,Active,53
6105,4857,Auto Loan,2023-03-17,35898.21,0.1087,48.0,B,6147.4,Current,Active,40
6106,4858,Auto Loan,2022-03-02,33910.92,0.0668,48.0,B,0.0,Current,Paid Off,52
6107,4859,Mortgage,2025-06-18,160838.11,0.0471,240.0,B,78012.2,90+ DPD,Charged Off,13
6108,4859,Credit Card,2023-07-31,16188.8,0.2259,,A,1983.03,Current,Active,36
6109,4861,Credit Card,2022-07-03,7742.45,0.1674,,D,3441.29,Current,Active,48
6110,4861,Personal Loan,2025-09-21,14089.65,0.1529,48.0,A,10349.59,Current,Active,10
6111,4862,Credit Card,2024-09-10,4560.53,0.2344,,A,808.85,Current,Active,22
6112,4863,Auto Loan,2022-08-03,28563.56,0.0949,48.0,E,1397.34,Current,Active,47
6113,4864,Mortgage,2024-06-10,200387.52,0.0596,240.0,A,183710.65,Current,Active,25
6114,4865,Credit Card,2024-08-01,15660.04,0.2514,,B,2954.74,Current,Active,23
6115,4865,Auto Loan,2022-10-31,15777.11,0.0628,48.0,C,926.22,Current,Active,45
6116,4866,Credit Card,2025-08-27,9917.0,0.2101,,D,6620.02,Current,Active,11
6117,4867,Personal Loan,2022-06-26,5917.94,0.1489,24.0,B,0.0,Current,Paid Off,49
6118,4867,Personal Loan,2023-04-20,18204.55,0.1431,36.0,B,0.0,Current,Paid Off,39
6119,4867,Personal Loan,2023-03-19,14620.01,0.1841,24.0,A,0.0,Current,Paid Off,40
6120,4868,Personal Loan,2023-10-22,4491.86,0.1234,36.0,A,341.1,Current,Active,33
6121,4869,Auto Loan,2026-01-07,37642.44,0.1024,60.0,B,33333.24,Current,Active,6
6122,4870,Credit Card,2026-02-07,15724.16,0.1785,,B,10137.89,30-59 DPD,Active,5
6123,4870,Auto Loan,2025-06-01,9288.06,0.0515,36.0,A,6128.93,Current,Active,13
6124,4873,Credit Card,2023-04-19,13650.76,0.2252,,B,2599.06,Current,Active,39
6125,4874,Credit Card,2023-10-31,3402.37,0.2588,,C,1969.03,Current,Active,33
6126,4874,Auto Loan,2022-10-26,35046.3,0.0643,72.0,D,12670.33,Current,Active,45
6127,4875,Auto Loan,2024-07-09,37262.97,0.0825,72.0,A,23085.55,Current,Active,24
6128,4876,Mortgage,2025-05-21,263779.4,0.0574,180.0,C,248884.66,Current,Active,14
6129,4876,Auto Loan,2026-03-23,37660.31,0.0838,72.0,E,34846.68,60-89 DPD,Active,4
6130,4876,Credit Card,2022-10-23,1123.4,0.2381,,D,136.37,90+ DPD,Active,45
6131,4877,Personal Loan,2022-10-20,11922.27,0.1556,48.0,A,765.65,Current,Active,45
6132,4877,Personal Loan,2023-06-01,23694.35,0.1258,36.0,B,0.0,Current,Paid Off,37
6133,4878,Credit Card,2024-05-20,1451.37,0.2113,,B,246.18,Current,Active,26
6134,4878,Credit Card,2025-11-07,12783.64,0.1917,,B,2131.19,Current,Active,8
6135,4878,Mortgage,2024-10-18,341048.08,0.0455,360.0,A,294424.16,Current,Active,21
6136,4880,Credit Card,2023-04-21,11624.69,0.2574,,B,9905.01,90+ DPD,Charged Off,39
6137,4881,Credit Card,2024-05-18,11322.51,0.2006,,A,1367.9,Current,Active,26
6138,4881,Personal Loan,2022-10-22,13688.14,0.1402,48.0,A,887.9,Current,Active,45
6139,4881,Mortgage,2025-08-11,203573.9,0.0575,180.0,A,178130.2,Current,Active,11
6140,4882,Credit Card,2023-08-21,10303.9,0.1735,,A,3757.29,Current,Active,35
6141,4883,Auto Loan,2024-04-28,25274.93,0.082,60.0,A,14041.8,Current,Active,27
6142,4884,Personal Loan,2025-05-13,13275.6,0.0932,36.0,B,7765.81,Current,Active,14
6143,4885,Auto Loan,2025-11-26,27314.33,0.0637,36.0,C,21235.83,Current,Active,8
6144,4885,Auto Loan,2026-05-13,23556.3,0.0935,72.0,A,21166.01,Current,Active,2
6145,4887,Auto Loan,2026-02-24,44560.75,0.0958,48.0,C,39829.67,30-59 DPD,Active,5
6146,4889,Auto Loan,2025-08-13,30673.07,0.0842,36.0,B,19331.04,Current,Active,11
6147,4891,Mortgage,2022-11-04,566815.95,0.0451,360.0,B,492472.96,Current,Active,44
6148,4894,Mortgage,2025-01-07,538490.53,0.0521,360.0,B,519974.09,Current,Active,18
6149,4896,Credit Card,2023-07-06,11442.93,0.1844,,C,9723.67,30-59 DPD,Active,36
6150,4896,Personal Loan,2022-11-27,8033.94,0.1603,48.0,B,686.98,Current,Active,44
6151,4897,Mortgage,2025-06-29,167505.31,0.0495,240.0,B,149352.06,30-59 DPD,Active,13
6152,4897,Auto Loan,2022-01-31,15014.7,0.0958,48.0,A,0.0,Current,Paid Off,54
6153,4898,Mortgage,2023-03-17,292004.25,0.0711,180.0,B,232742.69,90+ DPD,Active,40
6154,4899,Personal Loan,2023-08-30,5682.34,0.1898,24.0,A,0.0,Current,Paid Off,35
6155,4899,Auto Loan,2022-06-28,15907.42,0.0602,72.0,A,4864.73,Current,Active,49
6156,4901,Auto Loan,2025-07-03,9856.52,0.062,48.0,B,6857.81,Current,Active,12
6157,4902,Credit Card,2025-06-05,5041.12,0.2295,,C,3528.22,Current,Active,13
6158,4902,Personal Loan,2023-03-29,8540.98,0.1539,24.0,C,0.0,Current,Paid Off,40
6159,4903,Mortgage,2025-03-01,179272.7,0.0599,360.0,B,171590.68,Current,Active,16
6160,4904,Credit Card,2024-08-02,7840.16,0.1975,,C,5903.3,90+ DPD,Charged Off,23
6161,4905,Personal Loan,2022-03-29,17906.03,0.1166,24.0,B,0.0,Current,Paid Off,52
6162,4905,Personal Loan,2025-03-18,20980.75,0.1457,24.0,C,6354.22,Current,Active,16
6163,4906,Credit Card,2024-09-20,5557.07,0.1749,,B,1542.06,Current,Active,22
6164,4907,Auto Loan,2024-08-01,34004.02,0.0562,60.0,D,20105.53,Current,Active,23
6165,4907,Personal Loan,2026-01-24,10110.67,0.0987,24.0,A,7087.2,Current,Active,6
6166,4909,Mortgage,2024-06-11,397561.49,0.0466,240.0,C,332694.66,Current,Active,25
6167,4910,Credit Card,2023-06-15,13640.85,0.1832,,D,10737.67,Current,Active,37
6168,4910,Personal Loan,2023-06-24,22162.8,0.1154,36.0,C,0.0,Current,Paid Off,37
6169,4911,Personal Loan,2022-07-29,15593.76,0.1592,36.0,C,0.0,Current,Paid Off,48
6170,4912,Personal Loan,2026-03-30,19449.18,0.1146,24.0,B,16601.14,Current,Active,4
6171,4912,Personal Loan,2026-05-06,12908.77,0.1721,36.0,A,11409.24,Current,Active,2
6172,4912,Mortgage,2024-07-29,276373.56,0.048,360.0,B,252232.78,Current,Active,24
6173,4913,Personal Loan,2026-01-12,9518.04,0.1137,48.0,B,7521.09,Current,Active,6
6174,4914,Personal Loan,2024-03-12,17551.4,0.1782,48.0,A,6604.43,30-59 DPD,Active,28
6175,4915,Personal Loan,2024-11-17,13685.6,0.1524,48.0,C,7725.03,Current,Active,20
6176,4915,Personal Loan,2024-08-24,17372.31,0.1404,24.0,B,796.45,Current,Active,23
6177,4915,Mortgage,2025-05-26,180652.37,0.0576,180.0,E,155477.06,Current,Active,14
6178,4916,Personal Loan,2026-03-28,3672.61,0.189,36.0,A,3176.77,Current,Active,4
6179,4917,Personal Loan,2022-03-21,14309.68,0.1434,24.0,A,0.0,Current,Paid Off,52
6180,4918,Auto Loan,2025-12-24,36445.92,0.079,60.0,A,31148.08,Current,Active,7
6181,4918,Mortgage,2025-11-10,253155.02,0.0736,360.0,A,231218.69,Current,Active,8
6182,4918,Mortgage,2024-02-25,211248.82,0.0459,240.0,A,180983.94,Current,Active,29
6183,4919,Mortgage,2022-03-14,353823.57,0.069,360.0,B,296026.17,60-89 DPD,Active,52
6184,4920,Auto Loan,2022-03-17,39042.21,0.0856,72.0,A,10171.16,Current,Active,52
6185,4920,Personal Loan,2024-04-02,17015.77,0.1238,36.0,A,4430.84,Current,Active,27
6186,4921,Mortgage,2025-12-03,456049.41,0.0649,180.0,D,431209.47,Current,Active,7
6187,4922,Personal Loan,2022-02-15,20431.05,0.1625,48.0,C,0.0,Current,Paid Off,53
6188,4923,Credit Card,2024-06-19,17362.48,0.1677,,D,13687.39,90+ DPD,Charged Off,25
6189,4924,Credit Card,2023-09-01,2256.12,0.2544,,C,456.19,60-89 DPD,Active,34
6190,4925,Auto Loan,2024-06-02,11887.16,0.058,72.0,C,7310.02,Current,Active,25
6191,4926,Mortgage,2022-12-28,138050.66,0.0608,360.0,E,114670.86,Current,Active,43
6192,4928,Auto Loan,2023-05-02,29972.53,0.0643,36.0,B,0.0,Current,Paid Off,38
6193,4929,Credit Card,2025-03-26,19004.98,0.1816,,B,5202.27,Current,Active,16
6194,4929,Personal Loan,2022-09-13,17977.64,0.1618,36.0,A,0.0,Current,Paid Off,46
6195,4931,Auto Loan,2023-08-18,17440.64,0.066,60.0,A,7030.41,Current,Active,35
6196,4931,Auto Loan,2025-11-02,21469.93,0.0691,36.0,B,17079.42,Current,Active,8
6197,4932,Mortgage,2023-12-08,380538.52,0.0648,180.0,A,293497.26,Current,Active,31
6198,4933,Personal Loan,2024-01-30,16014.05,0.1707,36.0,A,12025.43,90+ DPD,Charged Off,30
6199,4935,Auto Loan,2025-05-10,36598.0,0.075,48.0,B,24872.96,Current,Active,14
6200,4936,Auto Loan,2023-09-21,39101.67,0.0734,72.0,E,19564.5,Current,Active,34
6201,4937,Credit Card,2022-02-08,11593.9,0.2328,,C,1777.59,Current,Active,53
6202,4940,Credit Card,2025-02-11,1770.82,0.2223,,B,657.22,Current,Active,17
6203,4940,Auto Loan,2023-11-12,42352.46,0.0679,48.0,C,13234.81,Current,Active,32
6204,4941,Personal Loan,2023-08-22,5841.32,0.1152,48.0,B,1499.23,Current,Active,35
6205,4943,Credit Card,2023-08-05,11771.24,0.1983,,B,3741.89,Current,Active,35
6206,4944,Personal Loan,2025-07-30,24605.75,0.0956,36.0,A,16119.08,Current,Active,12
6207,4944,Credit Card,2024-09-15,13532.28,0.2205,,B,8888.54,Current,Active,22
6208,4944,Auto Loan,2024-07-23,24663.48,0.0598,72.0,B,15246.07,Current,Active,24
6209,4945,Personal Loan,2023-11-25,4682.24,0.1885,36.0,C,2577.42,90+ DPD,Charged Off,32
6210,4946,Credit Card,2022-09-30,19686.67,0.2,,B,10446.5,Current,Active,46
6211,4947,Auto Loan,2023-06-09,21610.28,0.0714,36.0,A,0.0,Current,Paid Off,37
6212,4948,Credit Card,2024-05-25,3232.47,0.2477,,E,655.91,Current,Active,26
6213,4949,Auto Loan,2022-09-04,42165.37,0.1018,48.0,A,2116.57,Current,Active,46
6214,4949,Auto Loan,2024-05-12,43128.31,0.1066,48.0,B,19219.3,Current,Active,26
6215,4950,Personal Loan,2024-02-27,20141.2,0.1471,36.0,C,3931.29,30-59 DPD,Active,29
6216,4951,Credit Card,2024-10-28,13792.89,0.1739,,B,3171.67,Current,Active,21
6217,4951,Credit Card,2023-11-22,18434.77,0.2427,,B,7191.86,90+ DPD,Charged Off,32
6218,4953,Personal Loan,2024-12-28,15829.7,0.1683,24.0,B,14886.78,90+ DPD,Charged Off,19
6219,4954,Mortgage,2025-09-12,371758.68,0.0553,360.0,A,343142.96,Current,Active,10
6220,4955,Personal Loan,2024-10-06,13233.32,0.1873,36.0,D,5043.84,Current,Active,21
6221,4955,Personal Loan,2026-04-17,19130.55,0.1174,36.0,D,16468.0,30-59 DPD,Active,3
6222,4957,Auto Loan,2022-01-03,43785.85,0.0945,36.0,A,0.0,Current,Paid Off,54
6223,4957,Auto Loan,2026-05-10,32950.6,0.0578,36.0,B,28709.62,Current,Active,2
6224,4957,Credit Card,2023-12-12,19213.31,0.1967,,B,15913.89,Current,Active,31
6225,4958,Auto Loan,2023-11-11,37792.59,0.088,72.0,B,19144.47,Current,Active,32
6226,4958,Credit Card,2022-04-16,9569.99,0.2171,,B,1855.45,Current,Active,51
6227,4959,Credit Card,2025-06-12,1811.96,0.2098,,D,1378.22,30-59 DPD,Active,13
6228,4959,Credit Card,2022-04-24,2140.91,0.1798,,C,1506.12,Current,Active,51
6229,4960,Mortgage,2024-01-27,527736.81,0.058,360.0,A,480677.54,Current,Active,30
6230,4961,Personal Loan,2023-11-03,11480.29,0.1611,24.0,C,0.0,Current,Paid Off,32
6231,4961,Auto Loan,2022-02-11,33080.19,0.1,48.0,C,0.0,Current,Paid Off,53
6232,4962,Credit Card,2026-05-31,17999.0,0.2016,,C,3631.13,Current,Active,2
6233,4963,Mortgage,2023-03-30,188136.06,0.0535,360.0,C,82345.33,90+ DPD,Charged Off,40
6234,4963,Mortgage,2024-08-18,371189.44,0.0524,180.0,A,327999.98,Current,Active,23
6235,4964,Personal Loan,2023-05-06,9434.13,0.1092,24.0,A,0.0,Current,Paid Off,38
6236,4966,Auto Loan,2026-02-17,41828.62,0.084,36.0,C,37670.92,30-59 DPD,Active,5
6237,4966,Credit Card,2025-08-06,4159.18,0.2227,,B,1663.04,Current,Active,11
6238,4967,Auto Loan,2022-12-01,25819.6,0.0681,36.0,A,0.0,Current,Paid Off,43
6239,4968,Credit Card,2024-08-10,16043.81,0.2234,,D,1951.36,Current,Active,23
6240,4969,Mortgage,2023-01-16,393368.22,0.0585,360.0,E,269111.12,90+ DPD,Charged Off,42
6241,4970,Auto Loan,2025-09-29,26068.5,0.1077,36.0,E,17504.5,Current,Active,10
6242,4971,Mortgage,2024-07-16,548598.24,0.0684,360.0,B,488862.01,Current,Active,24
6243,4971,Auto Loan,2023-10-16,22153.11,0.0679,36.0,C,1705.03,Current,Active,33
6244,4972,Personal Loan,2022-12-24,7191.39,0.1296,48.0,B,744.75,Current,Active,43
6245,4972,Credit Card,2024-01-31,1146.92,0.2199,,C,124.66,Current,Active,30
6246,4973,Mortgage,2025-11-22,224673.34,0.0725,360.0,B,198606.84,30-59 DPD,Active,8
6247,4974,Credit Card,2023-10-13,4520.36,0.1777,,C,2882.97,Current,Active,33
6248,4974,Credit Card,2024-02-28,6762.41,0.2117,,D,3293.66,Current,Active,29
6249,4974,Personal Loan,2025-07-04,8837.92,0.1035,24.0,A,4577.01,Current,Active,12
6250,4975,Personal Loan,2023-06-27,14383.3,0.1815,24.0,C,0.0,Current,Paid Off,37
6251,4977,Auto Loan,2022-03-19,9351.4,0.0612,48.0,C,0.0,Current,Paid Off,52
6252,4977,Auto Loan,2023-09-26,27616.84,0.0949,60.0,B,12056.9,Current,Active,34
6253,4977,Auto Loan,2026-04-01,31168.41,0.0802,60.0,B,27965.08,Current,Active,3
6254,4980,Credit Card,2023-12-21,9492.94,0.1871,,E,7414.7,30-59 DPD,Active,31
6255,4980,Auto Loan,2024-11-26,36848.46,0.0646,36.0,D,16591.83,Current,Active,20
6256,4981,Personal Loan,2026-02-02,11336.92,0.1737,36.0,C,9432.48,Current,Active,5
6257,4982,Auto Loan,2026-03-12,36768.9,0.0527,72.0,A,35016.71,Current,Active,4
6258,4982,Credit Card,2025-06-08,10061.07,0.2427,,A,3018.83,Current,Active,13
6259,4983,Personal Loan,2025-08-24,23444.24,0.1162,36.0,C,15554.52,Current,Active,11
6260,4983,Auto Loan,2023-06-09,19219.1,0.0874,48.0,C,4532.24,Current,Active,37
6261,4983,Auto Loan,2025-07-18,32825.82,0.0718,36.0,B,22878.94,Current,Active,12
6262,4985,Mortgage,2026-03-07,383078.62,0.0625,240.0,B,357883.12,Current,Active,4
6263,4986,Credit Card,2025-05-13,12989.23,0.1936,,A,3423.41,Current,Active,14
6264,4987,Credit Card,2025-11-18,5972.35,0.2229,,C,3275.43,30-59 DPD,Active,8
6265,4988,Auto Loan,2022-06-25,13885.9,0.0888,60.0,B,2529.62,Current,Active,49
6266,4988,Credit Card,2023-09-04,18661.14,0.1965,,A,4805.51,Current,Active,34
6267,4989,Personal Loan,2023-11-21,9125.72,0.1146,48.0,A,3133.9,Current,Active,32
6268,4990,Credit Card,2022-03-21,12169.58,0.2098,,D,6381.06,Current,Active,52
6269,4991,Credit Card,2024-10-12,13180.22,0.1901,,B,9615.18,Current,Active,21
6270,4993,Auto Loan,2026-01-25,8338.4,0.0826,72.0,C,7847.44,90+ DPD,Charged Off,6
6271,4993,Personal Loan,2024-04-13,4482.22,0.1576,36.0,A,1150.5,Current,Active,27
6272,4994,Credit Card,2026-03-30,14851.35,0.2337,,A,3325.62,Current,Active,4
6273,4996,Mortgage,2022-11-05,228406.78,0.073,240.0,D,190283.76,Current,Active,44
6274,4997,Personal Loan,2022-04-20,11493.79,0.1898,36.0,B,0.0,Current,Paid Off,51
6275,4997,Auto Loan,2022-07-15,17818.08,0.0964,72.0,B,5421.27,Current,Active,48
6276,4998,Auto Loan,2024-01-06,39429.06,0.0968,60.0,B,26844.21,90+ DPD,Charged Off,30
6277,4999,Auto Loan,2023-02-25,9743.85,0.0657,60.0,B,3164.11,Current,Active,41
6278,4999,Credit Card,2024-09-03,11105.71,0.1958,,B,5608.6,Current,Active,22
6279,4999,Credit Card,2023-05-30,9055.19,0.1681,,B,6584.42,Current,Active,38
6280,5000,Auto Loan,2024-03-06,25279.28,0.0682,48.0,E,10889.8,Current,Active,28
